prefill_chunk,kv_prefill,n_decode,kv_decode,time_us
0,0,1,16,12.4053
0,0,1,32,12.416
0,0,1,64,12.4693
0,0,1,128,17.6637
0,0,1,256,18.101
0,0,1,512,19.616
0,0,1,1024,23.6053
0,0,1,2048,33.728
0,0,1,4096,49.3443
0,0,1,8192,80.566
0,0,1,16384,136.971
0,0,1,32768,246.24
0,0,2,16,18.2717
0,0,2,32,18.3033
0,0,2,64,18.581
0,0,2,128,22.0693
0,0,2,256,23.199
0,0,2,512,27.0197
0,0,2,1024,36.2347
0,0,2,2048,51.808
0,0,2,4096,81.4093
0,0,2,8192,136.502
0,0,2,16384,249.346
0,0,2,32768,466.211
0,0,4,16,18.3363
0,0,4,32,18.5283
0,0,4,64,18.8793
0,0,4,128,23.009
0,0,4,256,27.7113
0,0,4,512,35.4567
0,0,4,1024,51.0083
0,0,4,2048,79.7227
0,0,4,4096,134.123
0,0,4,8192,242.338
0,0,4,16384,460.749
0,0,4,32768,901.85
0,0,8,16,18.9117
0,0,8,32,19.4453
0,0,8,64,20.395
0,0,8,128,28.9497
0,0,8,256,37.5037
0,0,8,512,52.225
0,0,8,1024,81.6427
0,0,8,2048,139.116
0,0,8,4096,251.862
0,0,8,8192,465.176
0,0,8,16384,912.25
0,0,8,32768,1811.09
0,0,16,16,24.5757
0,0,16,32,25.44
0,0,16,64,27.4463
0,0,16,128,37.5587
0,0,16,256,53.142
0,0,16,512,83.595
0,0,16,1024,141.057
0,0,16,2048,256.172
0,0,16,4096,484.674
0,0,16,8192,914.746
0,0,16,16384,1813.48
0,0,16,32768,3624.76
0,0,32,16,34.9333
0,0,32,32,35.82
0,0,32,64,38.1557
0,0,32,128,58.39
0,0,32,256,93.408
0,0,32,512,156.194
0,0,32,1024,278.401
0,0,32,2048,519.639
0,0,32,4096,1011.49
0,0,32,8192,2011.56
0,0,32,16384,4019.79
0,0,32,32768,7994.62
0,0,64,16,51.894
0,0,64,32,53.824
0,0,64,64,57.344
0,0,64,128,91.6057
0,0,64,256,155.126
0,0,64,512,277.814
0,0,64,1024,512.771
0,0,64,2048,979.385
0,0,64,4096,1919.99
0,0,64,8192,3826.82
0,0,64,16384,7637.91
0,0,64,32768,15295.3
0,0,128,16,89.654
0,0,128,32,91.1687
0,0,128,64,97.5263
0,0,128,128,170.305
0,0,128,256,274.785
0,0,128,512,507.992
0,0,128,1024,967.173
0,0,128,2048,1893.23
0,0,128,4096,3739.51
0,0,128,8192,7455.41
0,0,128,16384,14882.6
0,0,128,32768,29750
0,0,256,16,163.627
0,0,256,32,168.491
0,0,256,64,183.095
0,0,256,128,315.852
0,0,256,256,521.144
0,0,256,512,987.546
0,0,256,1024,1900.41
0,0,256,2048,3740.1
0,0,256,4096,7394.63
0,0,256,8192,14743.1
0,0,256,16384,29407.1
0,0,256,32768,58724
16,0,0,0,12.9063
16,0,1,16,12.7787
16,0,1,32,12.7153
16,0,1,64,12.768
16,0,1,128,15.3283
16,0,1,256,18.8903
16,0,1,512,26.0697
16,0,1,1024,40.0213
16,0,1,2048,68.6507
16,0,1,4096,126.006
16,0,1,8192,241.622
16,0,1,16384,471.267
16,0,1,32768,933.913
16,0,2,16,18.059
16,0,2,32,18.1753
16,0,2,64,18.3253
16,0,2,128,22.08
16,0,2,256,25.8457
16,0,2,512,32.9707
16,0,2,1024,47.1467
16,0,2,2048,74.891
16,0,2,4096,131.798
16,0,2,8192,248.46
16,0,2,16384,480.312
16,0,2,32768,944.528
16,0,4,16,18.3787
16,0,4,32,18.4427
16,0,4,64,18.8373
16,0,4,128,24.48
16,0,4,256,31.6907
16,0,4,512,46.5387
16,0,4,1024,75.4137
16,0,4,2048,134.902
16,0,4,4096,252.812
16,0,4,8192,489.645
16,0,4,16384,960.656
16,0,4,32768,1909.05
16,0,8,16,28.9493
16,0,8,32,29.3863
16,0,8,64,29.664
16,0,8,128,41.3977
16,0,8,256,55.787
16,0,8,512,84.1073
16,0,8,1024,141.057
16,0,8,2048,259.947
16,0,8,4096,498.413
16,0,8,8192,983.13
16,0,8,16384,2014.1
16,0,8,32768,4125.02
16,0,16,16,44.8537
16,0,16,32,45.5363
16,0,16,64,46.3893
16,0,16,128,68.0863
16,0,16,256,93.4193
16,0,16,512,144.535
16,0,16,1024,254.465
16,0,16,2048,468.727
16,0,16,4096,979.14
16,0,16,8192,2294.9
16,0,16,16384,4649.98
16,0,16,32768,10038.3
16,0,32,16,76.5547
16,0,32,32,78.3893
16,0,32,64,80.3533
16,0,32,128,121.557
16,0,32,256,176.886
16,0,32,512,316.653
16,0,32,1024,586.03
16,0,32,2048,1305.88
16,0,32,4096,3015.96
16,0,32,8192,6432.52
16,0,32,16384,12520.2
16,0,32,32768,26324.8
16,0,64,16,140.993
16,0,64,32,145.078
16,0,64,64,150.752
16,0,64,128,241.804
16,0,64,256,439.266
16,0,64,512,909.881
16,0,64,1024,1762.18
16,0,64,2048,3610.21
16,0,64,4096,7131.33
16,0,64,8192,14464.3
16,0,64,16384,28923.2
16,0,64,32768,58081.4
16,0,128,16,272.748
16,0,128,32,279.201
16,0,128,64,289.324
16,0,128,128,532.792
16,0,128,256,963.61
16,0,128,512,1887.4
16,0,128,1024,3708.62
16,0,128,2048,7382.94
16,0,128,4096,14685.9
16,0,128,8192,29340.3
16,0,128,16384,58616.6
16,0,128,32768,117155
16,16,0,0,13.099
16,16,1,16,12.8427
16,16,1,32,13.0137
16,16,1,64,13.0243
16,16,1,128,15.328
16,16,1,256,18.901
16,16,1,512,25.9413
16,16,1,1024,40.0857
16,16,1,2048,68.7257
16,16,1,4096,126.049
16,16,1,8192,241.56
16,16,1,16384,471.33
16,16,1,32768,933.946
16,16,2,16,18.272
16,16,2,32,18.3787
16,16,2,64,18.656
16,16,2,128,22.2727
16,16,2,256,26.091
16,16,2,512,33.248
16,16,2,1024,47.424
16,16,2,2048,75.0617
16,16,2,4096,131.532
16,16,2,8192,249.965
16,16,2,16384,480.366
16,16,2,32768,945.147
16,16,4,16,18.645
16,16,4,32,18.955
16,16,4,64,19.3067
16,16,4,128,24.4053
16,16,4,256,31.8717
16,16,4,512,46.56
16,16,4,1024,75.2117
16,16,4,2048,134.817
16,16,4,4096,252.748
16,16,4,8192,489.859
16,16,4,16384,961.103
16,16,4,32768,1908.46
16,16,8,16,29.216
16,16,8,32,29.7703
16,16,8,64,30.3683
16,16,8,128,41.3657
16,16,8,256,55.819
16,16,8,512,84.1927
16,16,8,1024,142.262
16,16,8,2048,260.097
16,16,8,4096,492.174
16,16,8,8192,987.766
16,16,8,16384,2038.75
16,16,8,32768,4098.45
16,16,16,16,45.0347
16,16,16,32,45.899
16,16,16,64,46.9867
16,16,16,128,68.224
16,16,16,256,93.249
16,16,16,512,144.236
16,16,16,1024,254.785
16,16,16,2048,466.861
16,16,16,4096,994.347
16,16,16,8192,2205.43
16,16,16,16384,4681.15
16,16,16,32768,9822.12
16,16,32,16,76.556
16,16,32,32,78.433
16,16,32,64,80.726
16,16,32,128,121.59
16,16,32,256,176.31
16,16,32,512,316.289
16,16,32,1024,595.427
16,16,32,2048,1302.04
16,16,32,4096,2990.67
16,16,32,8192,6331.57
16,16,32,16384,12864.2
16,16,32,32768,26105.3
16,16,64,16,140.854
16,16,64,32,145.409
16,16,64,64,151.095
16,16,64,128,240.812
16,16,64,256,431.181
16,16,64,512,894.266
16,16,64,1024,1754.17
16,16,64,2048,3589.33
16,16,64,4096,7158.23
16,16,64,8192,14464.7
16,16,64,16384,28853.7
16,16,64,32768,58111.4
16,16,128,16,272.94
16,16,128,32,279.714
16,16,128,64,289.548
16,16,128,128,532.621
16,16,128,256,965.893
16,16,128,512,1886.27
16,16,128,1024,3712.02
16,16,128,2048,7384.28
16,16,128,4096,14691.5
16,16,128,8192,29340.1
16,16,128,16384,58617
16,16,128,32768,117182
16,32,0,0,13.2803
16,32,1,16,12.9173
16,32,1,32,13.0137
16,32,1,64,13.0883
16,32,1,128,15.307
16,32,1,256,18.9227
16,32,1,512,25.963
16,32,1,1024,40.1393
16,32,1,2048,68.6403
16,32,1,4096,125.931
16,32,1,8192,241.453
16,32,1,16384,470.989
16,32,1,32768,933.21
16,32,2,16,18.24
16,32,2,32,18.4747
16,32,2,64,18.923
16,32,2,128,22.4107
16,32,2,256,26.112
16,32,2,512,33.387
16,32,2,1024,47.3067
16,32,2,2048,75.2327
16,32,2,4096,131.647
16,32,2,8192,250.252
16,32,2,16384,480.429
16,32,2,32768,945.726
16,32,4,16,18.667
16,32,4,32,18.9653
16,32,4,64,19.371
16,32,4,128,24.4587
16,32,4,256,32.0853
16,32,4,512,46.528
16,32,4,1024,75.329
16,32,4,2048,134.667
16,32,4,4096,252.226
16,32,4,8192,488.475
16,32,4,16384,960.345
16,32,4,32768,1906.39
16,32,8,16,29.2057
16,32,8,32,29.8457
16,32,8,64,30.3257
16,32,8,128,41.4187
16,32,8,256,56.064
16,32,8,512,84.1927
16,32,8,1024,141.281
16,32,8,2048,260.354
16,32,8,4096,497.613
16,32,8,8192,998.726
16,32,8,16384,2062.14
16,32,8,32768,4040.67
16,32,16,16,45.0677
16,32,16,32,45.9737
16,32,16,64,47.0613
16,32,16,128,68.0427
16,32,16,256,93.4193
16,32,16,512,144.182
16,32,16,1024,255.831
16,32,16,2048,470.733
16,32,16,4096,992.51
16,32,16,8192,2377.81
16,32,16,16384,4706.1
16,32,16,32768,9393.51
16,32,32,16,76.5123
16,32,32,32,78.7523
16,32,32,64,80.4907
16,32,32,128,121.611
16,32,32,256,177.696
16,32,32,512,315.831
16,32,32,1024,584.451
16,32,32,2048,1319.07
16,32,32,4096,2930.75
16,32,32,8192,6555.04
16,32,32,16384,12749.1
16,32,32,32768,26173.5
16,32,64,16,141.003
16,32,64,32,145.377
16,32,64,64,150.977
16,32,64,128,242.444
16,32,64,256,443.863
16,32,64,512,906.82
16,32,64,1024,1757.86
16,32,64,2048,3573.02
16,32,64,4096,7115.67
16,32,64,8192,14467.2
16,32,64,16384,28876.6
16,32,64,32768,58083.6
16,32,128,16,272.876
16,32,128,32,279.713
16,32,128,64,289.612
16,32,128,128,536.898
16,32,128,256,964.367
16,32,128,512,1889.12
16,32,128,1024,3707.61
16,32,128,2048,7375.43
16,32,128,4096,14698.8
16,32,128,8192,29347.5
16,32,128,16384,58619.1
16,32,128,32768,117171
16,64,0,0,13.3227
16,64,1,16,12.8857
16,64,1,32,13.024
16,64,1,64,13.0777
16,64,1,128,15.3707
16,64,1,256,18.8587
16,64,1,512,26.0057
16,64,1,1024,40.075
16,64,1,2048,68.6727
16,64,1,4096,125.91
16,64,1,8192,241.675
16,64,1,16384,470.968
16,64,1,32768,933.38
16,64,2,16,18.4963
16,64,2,32,18.6353
16,64,2,64,18.976
16,64,2,128,22.3683
16,64,2,256,26.2827
16,64,2,512,33.1627
16,64,2,1024,47.3067
16,64,2,2048,75.5203
16,64,2,4096,131.574
16,64,2,8192,248.492
16,64,2,16384,480.109
16,64,2,32768,944.836
16,64,4,16,18.6993
16,64,4,32,19.0083
16,64,4,64,19.5307
16,64,4,128,24.501
16,64,4,256,32.0323
16,64,4,512,46.304
16,64,4,1024,75.3497
16,64,4,2048,135.02
16,64,4,4096,252.748
16,64,4,8192,489.336
16,64,4,16384,961.189
16,64,4,32768,1908.63
16,64,8,16,29.2903
16,64,8,32,30.027
16,64,8,64,30.4323
16,64,8,128,41.4293
16,64,8,256,55.872
16,64,8,512,83.979
16,64,8,1024,142.401
16,64,8,2048,260.705
16,64,8,4096,496.877
16,64,8,8192,992.496
16,64,8,16384,2053.77
16,64,8,32768,4089.05
16,64,16,16,45.0667
16,64,16,32,45.8657
16,64,16,64,46.902
16,64,16,128,68.0857
16,64,16,256,93.43
16,64,16,512,144.332
16,64,16,1024,254.988
16,64,16,2048,467.661
16,64,16,4096,989.466
16,64,16,8192,2252.13
16,64,16,16384,4645.37
16,64,16,32768,9886.04
16,64,32,16,76.6183
16,64,32,32,78.5607
16,64,32,64,80.747
16,64,32,128,121.654
16,64,32,256,177.473
16,64,32,512,314.519
16,64,32,1024,585.762
16,64,32,2048,1286.71
16,64,32,4096,2984.94
16,64,32,8192,6306.65
16,64,32,16384,12587.4
16,64,32,32768,25986.8
16,64,64,16,140.993
16,64,64,32,145.537
16,64,64,64,151.168
16,64,64,128,241.164
16,64,64,256,444.247
16,64,64,512,901.21
16,64,64,1024,1759.89
16,64,64,2048,3611.59
16,64,64,4096,7209
16,64,64,8192,14480.7
16,64,64,16384,28940.5
16,64,64,32768,58119.8
16,64,128,16,272.716
16,64,128,32,279.724
16,64,128,64,289.612
16,64,128,128,530.221
16,64,128,256,967.228
16,64,128,512,1886.41
16,64,128,1024,3707.59
16,64,128,2048,7380.13
16,64,128,4096,14700.2
16,64,128,8192,29344
16,64,128,16384,58616.8
16,64,128,32768,117158
16,128,0,0,16.6933
16,128,1,16,15.5947
16,128,1,32,15.5737
16,128,1,64,15.606
16,128,1,128,16.3093
16,128,1,256,18.9117
16,128,1,512,25.9417
16,128,1,1024,40.1177
16,128,1,2048,68.694
16,128,1,4096,125.985
16,128,1,8192,241.537
16,128,1,16384,471.039
16,128,1,32768,934.597
16,128,2,16,22.016
16,128,2,32,22.102
16,128,2,64,22.368
16,128,2,128,25.2273
16,128,2,256,29.696
16,128,2,512,36.8857
16,128,2,1024,50.624
16,128,2,2048,79.0513
16,128,2,4096,134.721
16,128,2,8192,250.166
16,128,2,16384,481.763
16,128,2,32768,946.245
16,128,4,16,23.7973
16,128,4,32,23.744
16,128,4,64,23.8083
16,128,4,128,25.5573
16,128,4,256,31.8507
16,128,4,512,46.4957
16,128,4,1024,75.275
16,128,4,2048,134.517
16,128,4,4096,251.926
16,128,4,8192,489.826
16,128,4,16384,961.279
16,128,4,32768,1904.26
16,128,8,16,32.6827
16,128,8,32,33.142
16,128,8,64,33.8983
16,128,8,128,43.2107
16,128,8,256,56.0963
16,128,8,512,84.1607
16,128,8,1024,142.389
16,128,8,2048,261.313
16,128,8,4096,497.795
16,128,8,8192,1004.56
16,128,8,16384,2032.64
16,128,8,32768,4153.84
16,128,16,16,48.416
16,128,16,32,49.2487
16,128,16,64,50.4433
16,128,16,128,69.398
16,128,16,256,94.0587
16,128,16,512,144.065
16,128,16,1024,261.878
16,128,16,2048,488.163
16,128,16,4096,1005.72
16,128,16,8192,2376.84
16,128,16,16384,4597.57
16,128,16,32768,9489.38
16,128,32,16,79.7867
16,128,32,32,81.5473
16,128,32,64,83.2747
16,128,32,128,123.617
16,128,32,256,180.267
16,128,32,512,313.174
16,128,32,1024,611.075
16,128,32,2048,1355.66
16,128,32,4096,3130.31
16,128,32,8192,6631.08
16,128,32,16384,12606
16,128,32,32768,26147.1
16,128,64,16,143.521
16,128,64,32,147.115
16,128,64,64,151.969
16,128,64,128,244.737
16,128,64,256,450.476
16,128,64,512,921.21
16,128,64,1024,1786.12
16,128,64,2048,3612.17
16,128,64,4096,7211.92
16,128,64,8192,14470.9
16,128,64,16384,28918.4
16,128,64,32768,58130.5
16,128,128,16,273.954
16,128,128,32,281.302
16,128,128,64,290.36
16,128,128,128,541.677
16,128,128,256,968.505
16,128,128,512,1891.4
16,128,128,1024,3713.01
16,128,128,2048,7380.3
16,128,128,4096,14695.2
16,128,128,8192,29348.4
16,128,128,16384,58618.9
16,128,128,32768,117163
16,256,0,0,20.2347
16,256,1,16,19.1897
16,256,1,32,19.136
16,256,1,64,19.2003
16,256,1,128,19.211
16,256,1,256,19.8607
16,256,1,512,26.112
16,256,1,1024,40.3527
16,256,1,2048,68.7257
16,256,1,4096,126.113
16,256,1,8192,241.75
16,256,1,16384,471.427
16,256,1,32768,933.967
16,256,2,16,25.5147
16,256,2,32,25.6643
16,256,2,64,25.952
16,256,2,128,29.1203
16,256,2,256,32.7787
16,256,2,512,41.4083
16,256,2,1024,55.2967
16,256,2,2048,83.0193
16,256,2,4096,138.955
16,256,2,8192,252.204
16,256,2,16384,484.034
16,256,2,32768,948.731
16,256,4,16,30.7627
16,256,4,32,30.8803
16,256,4,64,31.0937
16,256,4,128,31.3813
16,256,4,256,33.2163
16,256,4,512,46.5073
16,256,4,1024,75.0837
16,256,4,2048,134.603
16,256,4,4096,252.15
16,256,4,8192,488.899
16,256,4,16384,960.751
16,256,4,32768,1905.73
16,256,8,16,36.32
16,256,8,32,37.0243
16,256,8,64,37.4723
16,256,8,128,46.592
16,256,8,256,58.1443
16,256,8,512,84.3733
16,256,8,1024,142.369
16,256,8,2048,267.277
16,256,8,4096,507.587
16,256,8,8192,1004.67
16,256,8,16384,2078.13
16,256,8,32768,4141.61
16,256,16,16,52.2883
16,256,16,32,53.195
16,256,16,64,54.304
16,256,16,128,73.0457
16,256,16,256,95.5847
16,256,16,512,144.225
16,256,16,1024,274.07
16,256,16,2048,504.887
16,256,16,4096,1101.64
16,256,16,8192,2333.43
16,256,16,16384,4831.52
16,256,16,32768,9955.3
16,256,32,16,83.7867
16,256,32,32,85.792
16,256,32,64,87.7663
16,256,32,128,126.22
16,256,32,256,182.178
16,256,32,512,314.274
16,256,32,1024,624.601
16,256,32,2048,1383.11
16,256,32,4096,3037.68
16,256,32,8192,6410.24
16,256,32,16384,12865.1
16,256,32,32768,25739.1
16,256,64,16,147.371
16,256,64,32,150.988
16,256,64,64,155.062
16,256,64,128,245.665
16,256,64,256,449.421
16,256,64,512,917.873
16,256,64,1024,1807.14
16,256,64,2048,3638.7
16,256,64,4096,7125.83
16,256,64,8192,14480.1
16,256,64,16384,28899.5
16,256,64,32768,58152.5
16,256,128,16,275.362
16,256,128,32,282.658
16,256,128,64,292.257
16,256,128,128,540.012
16,256,128,256,974.106
16,256,128,512,1893.5
16,256,128,1024,3716.81
16,256,128,2048,7390.51
16,256,128,4096,14700.9
16,256,128,8192,29352
16,256,128,16384,58628
16,256,128,32768,117150
16,512,0,0,27.435
16,512,1,16,26.2933
16,512,1,32,26.3147
16,512,1,64,26.315
16,512,1,128,26.3357
16,512,1,256,26.4537
16,512,1,512,26.9653
16,512,1,1024,40.3307
16,512,1,2048,68.843
16,512,1,4096,126.176
16,512,1,8192,241.825
16,512,1,16384,471.31
16,512,1,32768,934.286
16,512,2,16,32.6717
16,512,2,32,32.7787
16,512,2,64,32.8847
16,512,2,128,36.3737
16,512,2,256,40.2667
16,512,2,512,47.2647
16,512,2,1024,62.9337
16,512,2,2048,91.83
16,512,2,4096,147.414
16,512,2,8192,258.391
16,512,2,16384,487.917
16,512,2,32768,952.591
16,512,4,16,37.685
16,512,4,32,37.995
16,512,4,64,38.3897
16,512,4,128,44.2987
16,512,4,256,45.856
16,512,4,512,48.267
16,512,4,1024,75.6907
16,512,4,2048,133.621
16,512,4,4096,253.42
16,512,4,8192,490.146
16,512,4,16384,961.108
16,512,4,32768,1905.72
16,512,8,16,43.5107
16,512,8,32,44.0107
16,512,8,64,44.747
16,512,8,128,53.5893
16,512,8,256,64.7147
16,512,8,512,86.3573
16,512,8,1024,141.515
16,512,8,2048,269.324
16,512,8,4096,544.002
16,512,8,8192,1050.79
16,512,8,16384,2155.28
16,512,8,32768,4269.12
16,512,16,16,61.59
16,512,16,32,61.8773
16,512,16,64,62.763
16,512,16,128,80.523
16,512,16,256,102.177
16,512,16,512,147.692
16,512,16,1024,254.508
16,512,16,2048,549.517
16,512,16,4096,1236.86
16,512,16,8192,2496.91
16,512,16,16384,5113.79
16,512,16,32768,10831.6
16,512,32,16,93.1317
16,512,32,32,94.528
16,512,32,64,96.0537
16,512,32,128,134.379
16,512,32,256,189.324
16,512,32,512,321.324
16,512,32,1024,616.387
16,512,32,2048,1548.98
16,512,32,4096,3253.05
16,512,32,8192,6703.31
16,512,32,16384,13031.9
16,512,32,32768,27033.3
16,512,64,16,156.086
16,512,64,32,159.414
16,512,64,64,164.129
16,512,64,128,252.001
16,512,64,256,463.703
16,512,64,512,919.78
16,512,64,1024,1813.85
16,512,64,2048,3631.48
16,512,64,4096,7199.9
16,512,64,8192,14506.7
16,512,64,16384,28995.7
16,512,64,32768,58183.3
16,512,128,16,282.86
16,512,128,32,290.231
16,512,128,64,299.617
16,512,128,128,549.123
16,512,128,256,977.466
16,512,128,512,1903.99
16,512,128,1024,3721.24
16,512,128,2048,7388.69
16,512,128,4096,14709.3
16,512,128,8192,29362.3
16,512,128,16384,58644
16,512,128,32768,117191
16,1024,0,0,42.0163
16,1024,1,16,40.9497
16,1024,1,32,40.907
16,1024,1,64,40.9063
16,1024,1,128,40.9923
16,1024,1,256,41.184
16,1024,1,512,41.408
16,1024,1,1024,41.515
16,1024,1,2048,69.1213
16,1024,1,4096,126.379
16,1024,1,8192,241.814
16,1024,1,16384,471.479
16,1024,1,32768,934.192
16,1024,2,16,46.2087
16,1024,2,32,46.465
16,1024,2,64,46.5603
16,1024,2,128,49.9303
16,1024,2,256,54.2827
16,1024,2,512,61.793
16,1024,2,1024,77.5047
16,1024,2,2048,108.332
16,1024,2,4096,168.512
16,1024,2,8192,288.621
16,1024,2,16384,528.664
16,1024,2,32768,995.759
16,1024,4,16,51.4453
16,1024,4,32,51.7753
16,1024,4,64,52.0213
16,1024,4,128,58.2187
16,1024,4,256,65.9623
16,1024,4,512,74.6457
16,1024,4,1024,78.2187
16,1024,4,2048,134.091
16,1024,4,4096,254.028
16,1024,4,8192,493.175
16,1024,4,16384,968.517
16,1024,4,32768,1920.98
16,1024,8,16,57.5683
16,1024,8,32,57.9207
16,1024,8,64,58.667
16,1024,8,128,68.043
16,1024,8,256,79.0507
16,1024,8,512,100.225
16,1024,8,1024,145.547
16,1024,8,2048,260.651
16,1024,8,4096,539.949
16,1024,8,8192,1118.41
16,1024,8,16384,2290.58
16,1024,8,32768,4659.84
16,1024,16,16,78.2727
16,1024,16,32,79.0823
16,1024,16,64,79.8293
16,1024,16,128,100.14
16,1024,16,256,117.004
16,1024,16,512,162.144
16,1024,16,1024,258.977
16,1024,16,2048,509.112
16,1024,16,4096,1248.73
16,1024,16,8192,2619.19
16,1024,16,16384,5361.06
16,1024,16,32768,11603.9
16,1024,32,16,110.507
16,1024,32,32,111.883
16,1024,32,64,114.358
16,1024,32,128,154.348
16,1024,32,256,207.905
16,1024,32,512,340.706
16,1024,32,1024,590.349
16,1024,32,2048,1508.79
16,1024,32,4096,3307.59
16,1024,32,8192,6673.04
16,1024,32,16384,13358.2
16,1024,32,32768,26853.8
16,1024,64,16,174.167
16,1024,64,32,177.931
16,1024,64,64,182.113
16,1024,64,128,271.233
16,1024,64,256,490.807
16,1024,64,512,941.733
16,1024,64,1024,1798.12
16,1024,64,2048,3639.3
16,1024,64,4096,7225.01
16,1024,64,8192,14516.3
16,1024,64,16384,28951.1
16,1024,64,32768,58183.9
16,1024,128,16,302.006
16,1024,128,32,308.673
16,1024,128,64,318.945
16,1024,128,128,568.707
16,1024,128,256,994.416
16,1024,128,512,1915.15
16,1024,128,1024,3738
16,1024,128,2048,7409.75
16,1024,128,4096,14723.9
16,1024,128,8192,29373.1
16,1024,128,16384,58647.5
16,1024,128,32768,117206
16,2048,0,0,71.222
16,2048,1,16,70.1977
16,2048,1,32,70.1547
16,2048,1,64,70.2403
16,2048,1,128,70.2193
16,2048,1,256,70.2613
16,2048,1,512,70.4323
16,2048,1,1024,70.635
16,2048,1,2048,70.6987
16,2048,1,4096,126.902
16,2048,1,8192,242.05
16,2048,1,16384,472.141
16,2048,1,32768,934.584
16,2048,2,16,74.123
16,2048,2,32,73.984
16,2048,2,64,74.2503
16,2048,2,128,77.782
16,2048,2,256,81.9627
16,2048,2,512,88.9603
16,2048,2,1024,105.771
16,2048,2,2048,137.388
16,2048,2,4096,197.752
16,2048,2,8192,318.679
16,2048,2,16384,556.633
16,2048,2,32768,1037.35
16,2048,4,16,78.9867
16,2048,4,32,79.5097
16,2048,4,64,79.595
16,2048,4,128,86.08
16,2048,4,256,93.3877
16,2048,4,512,107.521
16,2048,4,1024,131.606
16,2048,4,2048,138.22
16,2048,4,4096,253.42
16,2048,4,8192,492.386
16,2048,4,16384,968.261
16,2048,4,32768,1922.6
16,2048,8,16,85.4513
16,2048,8,32,85.696
16,2048,8,64,86.3897
16,2048,8,128,96.022
16,2048,8,256,107.297
16,2048,8,512,128.95
16,2048,8,1024,173.665
16,2048,8,2048,262.711
16,2048,8,4096,530.661
16,2048,8,8192,1117.27
16,2048,8,16384,2268.76
16,2048,8,32768,4580.56
16,2048,16,16,105.964
16,2048,16,32,106.934
16,2048,16,64,108.171
16,2048,16,128,130.806
16,2048,16,256,155.564
16,2048,16,512,197.911
16,2048,16,1024,288.023
16,2048,16,2048,472.524
16,2048,16,4096,1193.47
16,2048,16,8192,2629.3
16,2048,16,16384,5243.21
16,2048,16,32768,11306.4
16,2048,32,16,143.211
16,2048,32,32,145.068
16,2048,32,64,147.126
16,2048,32,128,187.297
16,2048,32,256,248.738
16,2048,32,512,377.922
16,2048,32,1024,648.505
16,2048,32,2048,1372.97
16,2048,32,4096,3318.39
16,2048,32,8192,6800.11
16,2048,32,16384,13102.1
16,2048,32,32768,26940.6
16,2048,64,16,209.921
16,2048,64,32,213.099
16,2048,64,64,216.715
16,2048,64,128,308.407
16,2048,64,256,547.074
16,2048,64,512,999.642
16,2048,64,1024,1851.83
16,2048,64,2048,3669.17
16,2048,64,4096,7263.13
16,2048,64,8192,14543.6
16,2048,64,16384,28988.6
16,2048,64,32768,58220.3
16,2048,128,16,337.89
16,2048,128,32,343.767
16,2048,128,64,355.021
16,2048,128,128,619.8
16,2048,128,256,1048.45
16,2048,128,512,1963.49
16,2048,128,1024,3768.02
16,2048,128,2048,7435.66
16,2048,128,4096,14750.3
16,2048,128,8192,29409.1
16,2048,128,16384,58695.9
16,2048,128,32768,117234
16,4096,0,0,129.803
16,4096,1,16,128.556
16,4096,1,32,128.662
16,4096,1,64,128.726
16,4096,1,128,128.683
16,4096,1,256,128.673
16,4096,1,512,129.067
16,4096,1,1024,129.078
16,4096,1,2048,129.1
16,4096,1,4096,128.993
16,4096,1,8192,242.808
16,4096,1,16384,473.624
16,4096,1,32768,935.086
16,4096,2,16,131.531
16,4096,2,32,131.467
16,4096,2,64,131.691
16,4096,2,128,133.174
16,4096,2,256,136.822
16,4096,2,512,144.844
16,4096,2,1024,160.791
16,4096,2,2048,195.597
16,4096,2,4096,257.996
16,4096,2,8192,378.605
16,4096,2,16384,616.045
16,4096,2,32768,1095.54
16,4096,4,16,134.508
16,4096,4,32,135.093
16,4096,4,64,135.126
16,4096,4,128,141.195
16,4096,4,256,149.184
16,4096,4,512,162.359
16,4096,4,1024,193.324
16,4096,4,2048,252.3
16,4096,4,4096,257.441
16,4096,4,8192,490.189
16,4096,4,16384,966.884
16,4096,4,32768,1921.95
16,4096,8,16,141.388
16,4096,8,32,141.612
16,4096,8,64,141.846
16,4096,8,128,151.607
16,4096,8,256,162.668
16,4096,8,512,184.332
16,4096,8,1024,231.414
16,4096,8,2048,320.364
16,4096,8,4096,498.368
16,4096,8,8192,1100.32
16,4096,8,16384,2297.59
16,4096,8,32768,4689.24
16,4096,16,16,161.686
16,4096,16,32,162.177
16,4096,16,64,163.51
16,4096,16,128,186.016
16,4096,16,256,212.406
16,4096,16,512,276.822
16,4096,16,1024,391.489
16,4096,16,2048,538.115
16,4096,16,4096,1002.6
16,4096,16,8192,2593.48
16,4096,16,16384,5453.59
16,4096,16,32768,11142.8
16,4096,32,16,202.604
16,4096,32,32,204.46
16,4096,32,64,205.986
16,4096,32,128,253.313
16,4096,32,256,310.583
16,4096,32,512,467.725
16,4096,32,1024,752.774
16,4096,32,2048,1545.38
16,4096,32,4096,3149.03
16,4096,32,8192,6609.1
16,4096,32,16384,13205.1
16,4096,32,32768,27061.1
16,4096,64,16,275.478
16,4096,64,32,280.044
16,4096,64,64,284.651
16,4096,64,128,380.194
16,4096,64,256,637.165
16,4096,64,512,1100.13
16,4096,64,1024,1966.95
16,4096,64,2048,3729.54
16,4096,64,4096,7234.86
16,4096,64,8192,14599.4
16,4096,64,16384,29066.9
16,4096,64,32768,58252.8
16,4096,128,16,409.452
16,4096,128,32,416.033
16,4096,128,64,428.941
16,4096,128,128,708.61
16,4096,128,256,1140.43
16,4096,128,512,2062.68
16,4096,128,1024,3856.2
16,4096,128,2048,7499.82
16,4096,128,4096,14807.8
16,4096,128,8192,29484.1
16,4096,128,16384,58754.4
16,4096,128,32768,117268
16,8192,0,0,245.612
16,8192,1,16,244.396
16,8192,1,32,244.416
16,8192,1,64,244.438
16,8192,1,128,244.449
16,8192,1,256,244.545
16,8192,1,512,244.62
16,8192,1,1024,245.281
16,8192,1,2048,245.1
16,8192,1,4096,245.068
16,8192,1,8192,245.303
16,8192,1,16384,474.167
16,8192,1,32768,936.708
16,8192,2,16,247.574
16,8192,2,32,247.713
16,8192,2,64,247.777
16,8192,2,128,249.345
16,8192,2,256,250.86
16,8192,2,512,254.999
16,8192,2,1024,271.031
16,8192,2,2048,315.649
16,8192,2,4096,377.378
16,8192,2,8192,496.206
16,8192,2,16384,736.708
16,8192,2,32768,1213.67
16,8192,4,16,245.313
16,8192,4,32,245.74
16,8192,4,64,245.292
16,8192,4,128,252.898
16,8192,4,256,260.012
16,8192,4,512,273.42
16,8192,4,1024,303.745
16,8192,4,2048,367.586
16,8192,4,4096,484.333
16,8192,4,8192,496.248
16,8192,4,16384,955.14
16,8192,4,32768,1922.49
16,8192,8,16,252.332
16,8192,8,32,252.268
16,8192,8,64,253.601
16,8192,8,128,262.583
16,8192,8,256,275.062
16,8192,8,512,295.799
16,8192,8,1024,343.607
16,8192,8,2048,434.934
16,8192,8,4096,614.765
16,8192,8,8192,1017.67
16,8192,8,16384,2225.09
16,8192,8,32768,4679.33
16,8192,16,16,271.692
16,8192,16,32,273.516
16,8192,16,64,274.06
16,8192,16,128,297.324
16,8192,16,256,322.765
16,8192,16,512,387.97
16,8192,16,1024,511.244
16,8192,16,2048,751.737
16,8192,16,4096,1211.41
16,8192,16,8192,2317.09
16,8192,16,16384,5452.08
16,8192,16,32768,11321.6
16,8192,32,16,313.004
16,8192,32,32,314.647
16,8192,32,64,316.289
16,8192,32,128,365.346
16,8192,32,256,437.442
16,8192,32,512,597.187
16,8192,32,1024,925.614
16,8192,32,2048,1688.66
16,8192,32,4096,3412.97
16,8192,32,8192,6656.43
16,8192,32,16384,13307.7
16,8192,32,32768,27232.2
16,8192,64,16,391.042
16,8192,64,32,394.829
16,8192,64,64,400.397
16,8192,64,128,530.967
16,8192,64,256,805.955
16,8192,64,512,1256.58
16,8192,64,1024,2154.54
16,8192,64,2048,3953
16,8192,64,4096,7418.73
16,8192,64,8192,14670.9
16,8192,64,16384,29210.7
16,8192,64,32768,58354.2
16,8192,128,16,542.36
16,8192,128,32,554.574
16,8192,128,64,589.591
16,8192,128,128,850.297
16,8192,128,256,1326.28
16,8192,128,512,2260.04
16,8192,128,1024,4076.7
16,8192,128,2048,7701.78
16,8192,128,4096,14918.9
16,8192,128,8192,29594.3
16,8192,128,16384,58922.7
16,8192,128,32768,117439
16,16384,0,0,476.141
16,16384,1,16,475.023
16,16384,1,32,474.968
16,16384,1,64,475.074
16,16384,1,128,475.107
16,16384,1,256,475.17
16,16384,1,512,475.13
16,16384,1,1024,475.661
16,16384,1,2048,475.756
16,16384,1,4096,475.565
16,16384,1,8192,476.064
16,16384,1,16384,476.354
16,16384,1,32768,934.981
16,16384,2,16,478.127
16,16384,2,32,478.232
16,16384,2,64,478.445
16,16384,2,128,479.491
16,16384,2,256,481.75
16,16384,2,512,485.699
16,16384,2,1024,492.908
16,16384,2,2048,554.392
16,16384,2,4096,612.632
16,16384,2,8192,731.811
16,16384,2,16384,967.476
16,16384,2,32768,1449.84
16,16384,4,16,475.085
16,16384,4,32,475.128
16,16384,4,64,475.159
16,16384,4,128,477.57
16,16384,4,256,482.136
16,16384,4,512,495.502
16,16384,4,1024,528.194
16,16384,4,2048,598.809
16,16384,4,4096,715.587
16,16384,4,8192,950.768
16,16384,4,16384,984.153
16,16384,4,32768,1917.19
16,16384,8,16,476.184
16,16384,8,32,476.365
16,16384,8,64,477.763
16,16384,8,128,485.729
16,16384,8,256,496.94
16,16384,8,512,519.679
16,16384,8,1024,565.389
16,16384,8,2048,668.078
16,16384,8,4096,855.705
16,16384,8,8192,1311.92
16,16384,8,16384,2059.52
16,16384,8,32768,4655.01
16,16384,16,16,494.84
16,16384,16,32,497.645
16,16384,16,64,496.098
16,16384,16,128,518.638
16,16384,16,256,545.792
16,16384,16,512,611.554
16,16384,16,1024,735.598
16,16384,16,2048,1012.99
16,16384,16,4096,1693.23
16,16384,16,8192,2789.33
16,16384,16,16384,4882.51
16,16384,16,32768,11126
16,16384,32,16,532.666
16,16384,32,32,536.045
16,16384,32,64,537.09
16,16384,32,128,587.01
16,16384,32,256,660.92
16,16384,32,512,825.379
16,16384,32,1024,1217.71
16,16384,32,2048,2063.08
16,16384,32,4096,3751.58
16,16384,32,8192,6976.15
16,16384,32,16384,12908.6
16,16384,32,32768,26717.7
16,16384,64,16,612.984
16,16384,64,32,615.544
16,16384,64,64,621.517
16,16384,64,128,758.273
16,16384,64,256,1043.47
16,16384,64,512,1572.82
16,16384,64,1024,2531.97
16,16384,64,2048,4340.02
16,16384,64,4096,7887.49
16,16384,64,8192,14971.9
16,16384,64,16384,29376
16,16384,64,32768,58513.3
16,16384,128,16,775.801
16,16384,128,32,792.11
16,16384,128,64,850.821
16,16384,128,128,1150.32
16,16384,128,256,1649.34
16,16384,128,512,2648.43
16,16384,128,1024,4472.53
16,16384,128,2048,8109.73
16,16384,128,4096,15290.3
16,16384,128,8192,29789.8
16,16384,128,16384,59170.9
16,16384,128,32768,117804
16,32768,0,0,938.958
16,32768,1,16,937.946
16,32768,1,32,937.923
16,32768,1,64,938.212
16,32768,1,128,938.148
16,32768,1,256,938.169
16,32768,1,512,938.34
16,32768,1,1024,938.66
16,32768,1,2048,938.671
16,32768,1,4096,939.076
16,32768,1,8192,938.853
16,32768,1,16384,939.812
16,32768,1,32768,942.68
16,32768,2,16,941.779
16,32768,2,32,940.318
16,32768,2,64,941.38
16,32768,2,128,942.319
16,32768,2,256,945.561
16,32768,2,512,947.344
16,32768,2,1024,955.483
16,32768,2,2048,1007.1
16,32768,2,4096,1090.07
16,32768,2,8192,1206.85
16,32768,2,16384,1445.06
16,32768,2,32768,1920.22
16,32768,4,16,937.988
16,32768,4,32,938.424
16,32768,4,64,938.351
16,32768,4,128,938.653
16,32768,4,256,938.745
16,32768,4,512,945.38
16,32768,4,1024,977.582
16,32768,4,2048,1064.51
16,32768,4,4096,1183.49
16,32768,4,8192,1417.77
16,32768,4,16384,1882.58
16,32768,4,32768,1940.8
16,32768,8,16,937.53
16,32768,8,32,938.479
16,32768,8,64,938.198
16,32768,8,128,938.744
16,32768,8,256,945.87
16,32768,8,512,967.887
16,32768,8,1024,1015.7
16,32768,8,2048,1131.58
16,32768,8,4096,1323.81
16,32768,8,8192,1819.44
16,32768,8,16384,2693.14
16,32768,8,32768,4247.35
16,32768,16,16,941.753
16,32768,16,32,945.54
16,32768,16,64,942.617
16,32768,16,128,962.425
16,32768,16,256,994.084
16,32768,16,512,1058.84
16,32768,16,1024,1192.89
16,32768,16,2048,1490.8
16,32768,16,4096,2222.71
16,32768,16,8192,3667.23
16,32768,16,16384,5605.59
16,32768,16,32768,9922.34
16,32768,32,16,977.498
16,32768,32,32,977.274
16,32768,32,64,980.186
16,32768,32,128,1028.28
16,32768,32,256,1105.64
16,32768,32,512,1266.16
16,32768,32,1024,1658
16,32768,32,2048,2591.02
16,32768,32,4096,4472.69
16,32768,32,8192,7948.58
16,32768,32,16384,13833.4
16,32768,32,32768,27180.3
16,32768,64,16,1056.47
16,32768,64,32,1057.26
16,32768,64,64,1062.87
16,32768,64,128,1196.14
16,32768,64,256,1491.14
16,32768,64,512,2001.41
16,32768,64,1024,3147.83
16,32768,64,2048,5066.25
16,32768,64,4096,8682.95
16,32768,64,8192,15853.4
16,32768,64,16384,29996.9
16,32768,64,32768,58977.6
16,32768,128,16,1217.97
16,32768,128,32,1233.38
16,32768,128,64,1285.69
16,32768,128,128,1585.39
16,32768,128,256,2147.23
16,32768,128,512,3293.68
16,32768,128,1024,5234.98
16,32768,128,2048,8939.64
16,32768,128,4096,16169.2
16,32768,128,8192,30549.2
16,32768,128,16384,59526.2
16,32768,128,32768,118411
32,0,0,0,12.928
32,0,1,16,12.9497
32,0,1,32,13.024
32,0,1,64,13.1413
32,0,1,128,15.3917
32,0,1,256,18.944
32,0,1,512,26.0587
32,0,1,1024,40.3207
32,0,1,2048,68.9503
32,0,1,4096,126.401
32,0,1,8192,242.476
32,0,1,16384,472.75
32,0,1,32768,936.996
32,0,2,16,18.4427
32,0,2,32,18.432
32,0,2,64,18.4857
32,0,2,128,22.2717
32,0,2,256,25.995
32,0,2,512,33.2163
32,0,2,1024,47.3073
32,0,2,2048,75.4133
32,0,2,4096,131.702
32,0,2,8192,248.45
32,0,2,16384,480.726
32,0,2,32768,945.881
32,0,4,16,18.3897
32,0,4,32,18.5597
32,0,4,64,18.7627
32,0,4,128,24.2453
32,0,4,256,31.6693
32,0,4,512,46.3253
32,0,4,1024,75.6273
32,0,4,2048,135.339
32,0,4,4096,253.591
32,0,4,8192,489.677
32,0,4,16384,961.925
32,0,4,32768,1908.37
32,0,8,16,29.0023
32,0,8,32,29.4503
32,0,8,64,29.728
32,0,8,128,41.1093
32,0,8,256,55.6807
32,0,8,512,84.2987
32,0,8,1024,142.187
32,0,8,2048,260.919
32,0,8,4096,496.483
32,0,8,8192,1001.83
32,0,8,16384,2064.06
32,0,8,32768,4151.39
32,0,16,16,44.715
32,0,16,32,45.707
32,0,16,64,46.5073
32,0,16,128,67.659
32,0,16,256,93.281
32,0,16,512,145.676
32,0,16,1024,256.865
32,0,16,2048,470.797
32,0,16,4096,1014.8
32,0,16,8192,2342.91
32,0,16,16384,4710.79
32,0,16,32768,9697.2
32,0,32,16,76.8003
32,0,32,32,78.8803
32,0,32,64,80.7043
32,0,32,128,122.016
32,0,32,256,174.08
32,0,32,512,315.33
32,0,32,1024,584.984
32,0,32,2048,1330.26
32,0,32,4096,3015.51
32,0,32,8192,6438.74
32,0,32,16384,12637.3
32,0,32,32768,26210
32,0,64,16,141.259
32,0,64,32,145.473
32,0,64,64,150.518
32,0,64,128,240.119
32,0,64,256,433.313
32,0,64,512,903.688
32,0,64,1024,1759.45
32,0,64,2048,3602.7
32,0,64,4096,7163.44
32,0,64,8192,14564.6
32,0,64,16384,28966
32,0,64,32768,58095
32,0,128,16,273.121
32,0,128,32,279.98
32,0,128,64,289.75
32,0,128,128,531.992
32,0,128,256,967.151
32,0,128,512,1887.57
32,0,128,1024,3715.34
32,0,128,2048,7386.7
32,0,128,4096,14693.4
32,0,128,8192,29346.6
32,0,128,16384,58614.8
32,0,128,32768,117184
32,16,0,0,13.088
32,16,1,16,12.9497
32,16,1,32,13.1197
32,16,1,64,13.355
32,16,1,128,15.4023
32,16,1,256,18.956
32,16,1,512,25.952
32,16,1,1024,40.2137
32,16,1,2048,68.8647
32,16,1,4096,126.443
32,16,1,8192,242.166
32,16,1,16384,472.546
32,16,1,32768,936.74
32,16,2,16,18.5497
32,16,2,32,18.5497
32,16,2,64,18.784
32,16,2,128,22.5493
32,16,2,256,26.166
32,16,2,512,33.579
32,16,2,1024,47.393
32,16,2,2048,75.275
32,16,2,4096,131.713
32,16,2,8192,248.693
32,16,2,16384,480.727
32,16,2,32768,944.912
32,16,4,16,18.4537
32,16,4,32,18.7203
32,16,4,64,19.1787
32,16,4,128,24.2987
32,16,4,256,31.6163
32,16,4,512,46.0917
32,16,4,1024,75.84
32,16,4,2048,135.083
32,16,4,4096,253.313
32,16,4,8192,489.154
32,16,4,16384,961.333
32,16,4,32768,1908.57
32,16,8,16,29.024
32,16,8,32,29.6647
32,16,8,64,30.0487
32,16,8,128,41.0883
32,16,8,256,55.6587
32,16,8,512,84.0323
32,16,8,1024,142.262
32,16,8,2048,261.004
32,16,8,4096,496.416
32,16,8,8192,986.841
32,16,8,16384,2062.35
32,16,8,32768,4167.56
32,16,16,16,44.8
32,16,16,32,45.707
32,16,16,64,46.838
32,16,16,128,67.7013
32,16,16,256,93.014
32,16,16,512,145.195
32,16,16,1024,258.241
32,16,16,2048,472.408
32,16,16,4096,1005.41
32,16,16,8192,2288.51
32,16,16,16384,4674.76
32,16,16,32768,10165.4
32,16,32,16,76.8113
32,16,32,32,78.7097
32,16,32,64,80.8107
32,16,32,128,121.93
32,16,32,256,174.209
32,16,32,512,315.19
32,16,32,1024,587.48
32,16,32,2048,1329.19
32,16,32,4096,3002.81
32,16,32,8192,6371.16
32,16,32,16384,12679.3
32,16,32,32768,26135.2
32,16,64,16,141.451
32,16,64,32,145.495
32,16,64,64,150.785
32,16,64,128,241.206
32,16,64,256,442.443
32,16,64,512,906.766
32,16,64,1024,1752.71
32,16,64,2048,3586.25
32,16,64,4096,7110.43
32,16,64,8192,14534.2
32,16,64,16384,28974.3
32,16,64,32768,58124.1
32,16,128,16,273.015
32,16,128,32,279.884
32,16,128,64,289.804
32,16,128,128,539.309
32,16,128,256,967.588
32,16,128,512,1891.32
32,16,128,1024,3709.18
32,16,128,2048,7377.78
32,16,128,4096,14699.8
32,16,128,8192,29351.8
32,16,128,16384,58617.7
32,16,128,32768,117195
32,32,0,0,13.0343
32,32,1,16,12.9603
32,32,1,32,13.11
32,32,1,64,13.1413
32,32,1,128,15.4557
32,32,1,256,19.008
32,32,1,512,26.1013
32,32,1,1024,40.2133
32,32,1,2048,68.918
32,32,1,4096,126.358
32,32,1,8192,242.443
32,32,1,16384,472.813
32,32,1,32768,936.932
32,32,2,16,18.5713
32,32,2,32,18.5923
32,32,2,64,18.8273
32,32,2,128,22.3787
32,32,2,256,26.0803
32,32,2,512,33.216
32,32,2,1024,47.4037
32,32,2,2048,75.3917
32,32,2,4096,131.734
32,32,2,8192,248.363
32,32,2,16384,480.556
32,32,2,32768,944.694
32,32,4,16,18.4747
32,32,4,32,18.677
32,32,4,64,19.2427
32,32,4,128,24.2453
32,32,4,256,31.744
32,32,4,512,46.1973
32,32,4,1024,75.84
32,32,4,2048,135.094
32,32,4,4096,253.047
32,32,4,8192,488.952
32,32,4,16384,959.951
32,32,4,32768,1906.91
32,32,8,16,29.099
32,32,8,32,29.5573
32,32,8,64,30.2187
32,32,8,128,41.152
32,32,8,256,55.7013
32,32,8,512,84.0323
32,32,8,1024,143.041
32,32,8,2048,260.929
32,32,8,4096,494.669
32,32,8,8192,983.408
32,32,8,16384,2051.26
32,32,8,32768,4088.93
32,32,16,16,44.854
32,32,16,32,45.8243
32,32,16,64,46.7947
32,32,16,128,67.7863
32,32,16,256,93.28
32,32,16,512,145.11
32,32,16,1024,257.387
32,32,16,2048,474.679
32,32,16,4096,1006.45
32,32,16,8192,2264.33
32,32,16,16384,4780.07
32,32,16,32768,9902.15
32,32,32,16,76.8433
32,32,32,32,78.7203
32,32,32,64,81.0773
32,32,32,128,122.07
32,32,32,256,174.007
32,32,32,512,315.874
32,32,32,1024,587.544
32,32,32,2048,1296.69
32,32,32,4096,2993.42
32,32,32,8192,6361.82
32,32,32,16384,12588.7
32,32,32,32768,26006.8
32,32,64,16,141.249
32,32,64,32,145.579
32,32,64,64,150.774
32,32,64,128,241.334
32,32,64,256,442.999
32,32,64,512,910.873
32,32,64,1024,1769.85
32,32,64,2048,3581.98
32,32,64,4096,7201.64
32,32,64,8192,14524.8
32,32,64,16384,29081.7
32,32,64,32768,58113.8
32,32,128,16,273.111
32,32,128,32,279.735
32,32,128,64,289.804
32,32,128,128,536.472
32,32,128,256,968.495
32,32,128,512,1889.18
32,32,128,1024,3713.39
32,32,128,2048,7386.21
32,32,128,4096,14697.5
32,32,128,8192,29341.2
32,32,128,16384,58618.6
32,32,128,32768,117184
32,64,0,0,13.2693
32,64,1,16,13.1413
32,64,1,32,13.1093
32,64,1,64,13.1623
32,64,1,128,15.3597
32,64,1,256,18.9653
32,64,1,512,26.0483
32,64,1,1024,40.3197
32,64,1,2048,68.8963
32,64,1,4096,126.411
32,64,1,8192,242.305
32,64,1,16384,472.77
32,64,1,32768,936.837
32,64,2,16,18.7097
32,64,2,32,18.9007
32,64,2,64,19.1787
32,64,2,128,22.667
32,64,2,256,26.3573
32,64,2,512,33.504
32,64,2,1024,47.8413
32,64,2,2048,75.7547
32,64,2,4096,131.927
32,64,2,8192,248.619
32,64,2,16384,480.247
32,64,2,32768,944.718
32,64,4,16,18.7627
32,64,4,32,18.9013
32,64,4,64,19.4667
32,64,4,128,24.2877
32,64,4,256,31.7653
32,64,4,512,46.3043
32,64,4,1024,76.0117
32,64,4,2048,135.201
32,64,4,4096,253.068
32,64,4,8192,488.995
32,64,4,16384,960.94
32,64,4,32768,1907.53
32,64,8,16,29.344
32,64,8,32,29.792
32,64,8,64,30.4637
32,64,8,128,41.1413
32,64,8,256,55.638
32,64,8,512,84.373
32,64,8,1024,143.318
32,64,8,2048,261.292
32,64,8,4096,496.012
32,64,8,8192,1006.1
32,64,8,16384,2085.05
32,64,8,32768,4092.82
32,64,16,16,44.865
32,64,16,32,45.899
32,64,16,64,46.9547
32,64,16,128,67.7443
32,64,16,256,93.1737
32,64,16,512,145.472
32,64,16,1024,256.972
32,64,16,2048,471.479
32,64,16,4096,1005.76
32,64,16,8192,2276.33
32,64,16,16384,4660.78
32,64,16,32768,10124.8
32,64,32,16,76.8857
32,64,32,32,78.7627
32,64,32,64,81.0987
32,64,32,128,121.995
32,64,32,256,174.549
32,64,32,512,314.007
32,64,32,1024,586.157
32,64,32,2048,1301.64
32,64,32,4096,3052.4
32,64,32,8192,6510.67
32,64,32,16384,12755.3
32,64,32,32768,26685.4
32,64,64,16,141.452
32,64,64,32,145.686
32,64,64,64,150.924
32,64,64,128,241.228
32,64,64,256,434.807
32,64,64,512,905.604
32,64,64,1024,1764.41
32,64,64,2048,3604.96
32,64,64,4096,7199.53
32,64,64,8192,14485.5
32,64,64,16384,29082.7
32,64,64,32768,58099.6
32,64,128,16,272.993
32,64,128,32,279.681
32,64,128,64,290.209
32,64,128,128,538.093
32,64,128,256,968.441
32,64,128,512,1892.89
32,64,128,1024,3713.56
32,64,128,2048,7389.35
32,64,128,4096,14694.9
32,64,128,8192,29346.4
32,64,128,16384,58615.5
32,64,128,32768,117195
32,128,0,0,16.7253
32,128,1,16,15.9787
32,128,1,32,15.968
32,128,1,64,15.968
32,128,1,128,16.4377
32,128,1,256,18.9763
32,128,1,512,25.9737
32,128,1,1024,40.3307
32,128,1,2048,68.907
32,128,1,4096,126.453
32,128,1,8192,242.464
32,128,1,16384,472.75
32,128,1,32768,936.74
32,128,2,16,22.315
32,128,2,32,22.517
32,128,2,64,22.5807
32,128,2,128,25.696
32,128,2,256,30.1017
32,128,2,512,37.2167
32,128,2,1024,51.4453
32,128,2,2048,79.3927
32,128,2,4096,136.119
32,128,2,8192,250.177
32,128,2,16384,482.167
32,128,2,32768,947.802
32,128,4,16,23.9253
32,128,4,32,24.0213
32,128,4,64,24.0427
32,128,4,128,25.664
32,128,4,256,31.5947
32,128,4,512,46.2617
32,128,4,1024,75.499
32,128,4,2048,134.71
32,128,4,4096,253.525
32,128,4,8192,489.751
32,128,4,16384,959.52
32,128,4,32768,1906.91
32,128,8,16,32.885
32,128,8,32,33.2693
32,128,8,64,33.7283
32,128,8,128,42.8587
32,128,8,256,55.851
32,128,8,512,84.5017
32,128,8,1024,143.243
32,128,8,2048,261.942
32,128,8,4096,497.731
32,128,8,8192,1015.47
32,128,8,16384,2064.8
32,128,8,32768,4206.89
32,128,16,16,48.416
32,128,16,32,49.227
32,128,16,64,50.304
32,128,16,128,69.3017
32,128,16,256,94.0057
32,128,16,512,144.79
32,128,16,1024,265.548
32,128,16,2048,487.639
32,128,16,4096,1034.03
32,128,16,8192,2328.21
32,128,16,16384,4759.4
32,128,16,32768,10051.3
32,128,32,16,80.1823
32,128,32,32,81.963
32,128,32,64,83.8083
32,128,32,128,123.649
32,128,32,256,178.102
32,128,32,512,312.832
32,128,32,1024,608.344
32,128,32,2048,1397.78
32,128,32,4096,3204.06
32,128,32,8192,6397.67
32,128,32,16384,12764.3
32,128,32,32768,26461.7
32,128,64,16,144
32,128,64,32,147.649
32,128,64,64,151.595
32,128,64,128,243.415
32,128,64,256,448.45
32,128,64,512,916.302
32,128,64,1024,1780.02
32,128,64,2048,3601.8
32,128,64,4096,7230.69
32,128,64,8192,14532.8
32,128,64,16384,29064.4
32,128,64,32768,58127.2
32,128,128,16,274.081
32,128,128,32,281.132
32,128,128,64,291.062
32,128,128,128,542.541
32,128,128,256,973.186
32,128,128,512,1894.11
32,128,128,1024,3714.47
32,128,128,2048,7387.67
32,128,128,4096,14703.5
32,128,128,8192,29343.2
32,128,128,16384,58627.5
32,128,128,32768,117180
32,256,0,0,20.4263
32,256,1,16,19.499
32,256,1,32,19.5307
32,256,1,64,19.5417
32,256,1,128,19.8507
32,256,1,256,20.0427
32,256,1,512,26.0693
32,256,1,1024,40.416
32,256,1,2048,68.928
32,256,1,4096,126.443
32,256,1,8192,242.412
32,256,1,16384,472.791
32,256,1,32768,936.687
32,256,2,16,25.825
32,256,2,32,25.8453
32,256,2,64,26.1013
32,256,2,128,29.4193
32,256,2,256,33.4187
32,256,2,512,41.6857
32,256,2,1024,56.331
32,256,2,2048,83.67
32,256,2,4096,139.754
32,256,2,8192,251.98
32,256,2,16384,485.487
32,256,2,32768,949.368
32,256,4,16,30.9123
32,256,4,32,31.1253
32,256,4,64,31.339
32,256,4,128,31.616
32,256,4,256,33.5363
32,256,4,512,46.432
32,256,4,1024,75.6593
32,256,4,2048,134.838
32,256,4,4096,252.952
32,256,4,8192,489.847
32,256,4,16384,960.597
32,256,4,32768,1906.4
32,256,8,16,36.4693
32,256,8,32,36.7797
32,256,8,64,37.3763
32,256,8,128,46.6143
32,256,8,256,57.7707
32,256,8,512,84.385
32,256,8,1024,142.923
32,256,8,2048,268.098
32,256,8,4096,507.842
32,256,8,8192,1011.96
32,256,8,16384,2066.25
32,256,8,32768,4188.99
32,256,16,16,52.331
32,256,16,32,53.1523
32,256,16,64,54.379
32,256,16,128,72.9493
32,256,16,256,95.5523
32,256,16,512,145.814
32,256,16,1024,277.644
32,256,16,2048,513.528
32,256,16,4096,1059.52
32,256,16,8192,2372.39
32,256,16,16384,4884.82
32,256,16,32768,10606
32,256,32,16,84.1387
32,256,32,32,86.145
32,256,32,64,88.3203
32,256,32,128,126.262
32,256,32,256,181.28
32,256,32,512,312.972
32,256,32,1024,632.653
32,256,32,2048,1384.64
32,256,32,4096,3147.98
32,256,32,8192,6387.55
32,256,32,16384,12685
32,256,32,32768,25865.1
32,256,64,16,147.851
32,256,64,32,151.713
32,256,64,64,155.02
32,256,64,128,245.068
32,256,64,256,457.964
32,256,64,512,915.226
32,256,64,1024,1803.21
32,256,64,2048,3640.4
32,256,64,4096,7195.18
32,256,64,8192,14459.3
32,256,64,16384,29013.2
32,256,64,32768,58105.8
32,256,128,16,275.628
32,256,128,32,282.614
32,256,128,64,292.705
32,256,128,128,542.861
32,256,128,256,974.35
32,256,128,512,1894.99
32,256,128,1024,3718.31
32,256,128,2048,7390.3
32,256,128,4096,14703
32,256,128,8192,29357.2
32,256,128,16384,58625.1
32,256,128,32768,117193
32,512,0,0,27.4247
32,512,1,16,26.656
32,512,1,32,26.646
32,512,1,64,26.7193
32,512,1,128,26.966
32,512,1,256,27.072
32,512,1,512,27.211
32,512,1,1024,40.6287
32,512,1,2048,69.227
32,512,1,4096,126.497
32,512,1,8192,242.433
32,512,1,16384,473.038
32,512,1,32768,937.251
32,512,2,16,32.7467
32,512,2,32,32.9387
32,512,2,64,33.0777
32,512,2,128,36.672
32,512,2,256,40.5337
32,512,2,512,48.0103
32,512,2,1024,64.438
32,512,2,2048,92.6503
32,512,2,4096,148.288
32,512,2,8192,259.649
32,512,2,16384,488.269
32,512,2,32768,953.326
32,512,4,16,37.867
32,512,4,32,38.1233
32,512,4,64,38.3897
32,512,4,128,44.6617
32,512,4,256,46.4853
32,512,4,512,48.405
32,512,4,1024,76.3633
32,512,4,2048,134.038
32,512,4,4096,254.263
32,512,4,8192,490.701
32,512,4,16384,961.988
32,512,4,32768,1907.84
32,512,8,16,43.584
32,512,8,32,44.064
32,512,8,64,44.48
32,512,8,128,53.4933
32,512,8,256,64.811
32,512,8,512,86.7313
32,512,8,1024,142.059
32,512,8,2048,268.407
32,512,8,4096,543.106
32,512,8,8192,1081.42
32,512,8,16384,2149.05
32,512,8,32768,4290.17
32,512,16,16,61.729
32,512,16,32,62.059
32,512,16,64,62.72
32,512,16,128,80.406
32,512,16,256,102.369
32,512,16,512,150.731
32,512,16,1024,255.671
32,512,16,2048,548.923
32,512,16,4096,1253.44
32,512,16,8192,2641.56
32,512,16,16384,5195.84
32,512,16,32768,10893.5
32,512,32,16,93.8783
32,512,32,32,95.2643
32,512,32,64,96.6837
32,512,32,128,134.39
32,512,32,256,185.899
32,512,32,512,319.159
32,512,32,1024,618.115
32,512,32,2048,1532.25
32,512,32,4096,3264.5
32,512,32,8192,6498.14
32,512,32,16384,13037.4
32,512,32,32768,26365.4
32,512,64,16,156.224
32,512,64,32,160.193
32,512,64,64,164.054
32,512,64,128,251.468
32,512,64,256,455.328
32,512,64,512,922.809
32,512,64,1024,1812.56
32,512,64,2048,3632.56
32,512,64,4096,7258.88
32,512,64,8192,14582.5
32,512,64,16384,28966.6
32,512,64,32768,58190.3
32,512,128,16,283.617
32,512,128,32,290.444
32,512,128,64,300.449
32,512,128,128,551.405
32,512,128,256,981.092
32,512,128,512,1905.04
32,512,128,1024,3726.13
32,512,128,2048,7396.41
32,512,128,4096,14712.1
32,512,128,8192,29358.9
32,512,128,16384,58644
32,512,128,32768,117193
32,1024,0,0,42.123
32,1024,1,16,41.227
32,1024,1,32,41.3127
32,1024,1,64,41.3013
32,1024,1,128,41.6433
32,1024,1,256,41.697
32,1024,1,512,41.792
32,1024,1,1024,41.9953
32,1024,1,2048,69.6537
32,1024,1,4096,126.902
32,1024,1,8192,242.774
32,1024,1,16384,473.079
32,1024,1,32768,937.198
32,1024,2,16,46.8907
32,1024,2,32,46.7207
32,1024,2,64,46.8267
32,1024,2,128,50.4967
32,1024,2,256,54.3577
32,1024,2,512,62.198
32,1024,2,1024,78.07
32,1024,2,2048,109.557
32,1024,2,4096,169.11
32,1024,2,8192,288.406
32,1024,2,16384,528.803
32,1024,2,32768,976.559
32,1024,4,16,51.595
32,1024,4,32,51.9573
32,1024,4,64,52.043
32,1024,4,128,58.1867
32,1024,4,256,66.0593
32,1024,4,512,75.2957
32,1024,4,1024,79.2007
32,1024,4,2048,134.379
32,1024,4,4096,254.849
32,1024,4,8192,493.25
32,1024,4,16384,966.991
32,1024,4,32768,1921.1
32,1024,8,16,57.6533
32,1024,8,32,57.8347
32,1024,8,64,58.4543
32,1024,8,128,68.235
32,1024,8,256,79.1363
32,1024,8,512,100.384
32,1024,8,1024,146.39
32,1024,8,2048,261.26
32,1024,8,4096,538.69
32,1024,8,8192,1133.06
32,1024,8,16384,2260.8
32,1024,8,32768,4573.28
32,1024,16,16,78.3893
32,1024,16,32,79.0613
32,1024,16,64,79.6487
32,1024,16,128,100.619
32,1024,16,256,117.025
32,1024,16,512,165.132
32,1024,16,1024,261.1
32,1024,16,2048,506.061
32,1024,16,4096,1256.41
32,1024,16,8192,2599.94
32,1024,16,16384,5305.21
32,1024,16,32768,11095.9
32,1024,32,16,110.753
32,1024,32,32,112.79
32,1024,32,64,114.219
32,1024,32,128,154.56
32,1024,32,256,204.801
32,1024,32,512,340.247
32,1024,32,1024,585.644
32,1024,32,2048,1529.31
32,1024,32,4096,3292.9
32,1024,32,8192,6728
32,1024,32,16384,13143.8
32,1024,32,32768,27135.1
32,1024,64,16,174.87
32,1024,64,32,178.732
32,1024,64,64,182.241
32,1024,64,128,270.071
32,1024,64,256,493.036
32,1024,64,512,938.148
32,1024,64,1024,1812.47
32,1024,64,2048,3639.64
32,1024,64,4096,7244.81
32,1024,64,8192,14563.1
32,1024,64,16384,29113.8
32,1024,64,32768,58187.5
32,1024,128,16,302.635
32,1024,128,32,309.314
32,1024,128,64,319.712
32,1024,128,128,574.082
32,1024,128,256,997.37
32,1024,128,512,1920.12
32,1024,128,1024,3739.36
32,1024,128,2048,7414.42
32,1024,128,4096,14724.5
32,1024,128,8192,29378
32,1024,128,16384,58662.4
32,1024,128,32768,117212
32,2048,0,0,71.3703
32,2048,1,16,70.4643
32,2048,1,32,70.5817
32,2048,1,64,70.5493
32,2048,1,128,70.6783
32,2048,1,256,70.8487
32,2048,1,512,71.0193
32,2048,1,1024,71.2747
32,2048,1,2048,71.1687
32,2048,1,4096,127.466
32,2048,1,8192,243.041
32,2048,1,16384,473.912
32,2048,1,32768,937.317
32,2048,2,16,74.4963
32,2048,2,32,74.358
32,2048,2,64,74.71
32,2048,2,128,77.8237
32,2048,2,256,81.632
32,2048,2,512,89.952
32,2048,2,1024,105.878
32,2048,2,2048,137.995
32,2048,2,4096,199.735
32,2048,2,8192,319.169
32,2048,2,16384,557.239
32,2048,2,32768,1037.12
32,2048,4,16,79.3707
32,2048,4,32,79.2757
32,2048,4,64,79.7443
32,2048,4,128,85.7923
32,2048,4,256,93.355
32,2048,4,512,107.436
32,2048,4,1024,132.673
32,2048,4,2048,138.785
32,2048,4,4096,254.317
32,2048,4,8192,492.802
32,2048,4,16384,969.488
32,2048,4,32768,1923.88
32,2048,8,16,85.5573
32,2048,8,32,85.643
32,2048,8,64,86.1973
32,2048,8,128,95.7763
32,2048,8,256,107.446
32,2048,8,512,129.078
32,2048,8,1024,174.091
32,2048,8,2048,263.862
32,2048,8,4096,528.023
32,2048,8,8192,1108.71
32,2048,8,16384,2309.16
32,2048,8,32768,4598.2
32,2048,16,16,105.91
32,2048,16,32,107.34
32,2048,16,64,108.278
32,2048,16,128,130.688
32,2048,16,256,156.331
32,2048,16,512,198.273
32,2048,16,1024,290.583
32,2048,16,2048,475.159
32,2048,16,4096,1167.65
32,2048,16,8192,2691.36
32,2048,16,16384,5434.15
32,2048,16,32768,11605.1
32,2048,32,16,143.627
32,2048,32,32,145.579
32,2048,32,64,147.872
32,2048,32,128,186.658
32,2048,32,256,244.759
32,2048,32,512,375.949
32,2048,32,1024,638.05
32,2048,32,2048,1379.97
32,2048,32,4096,3314.65
32,2048,32,8192,6636.01
32,2048,32,16384,13159.7
32,2048,32,32768,27018
32,2048,64,16,211.403
32,2048,64,32,212.939
32,2048,64,64,217.004
32,2048,64,128,307.309
32,2048,64,256,547.992
32,2048,64,512,1003.13
32,2048,64,1024,1842.62
32,2048,64,2048,3674.14
32,2048,64,4096,7258.49
32,2048,64,8192,14624.3
32,2048,64,16384,28975.6
32,2048,64,32768,58211.6
32,2048,128,16,338.678
32,2048,128,32,344.62
32,2048,128,64,357.207
32,2048,128,128,621.143
32,2048,128,256,1051.56
32,2048,128,512,1960.73
32,2048,128,1024,3771.88
32,2048,128,2048,7442.09
32,2048,128,4096,14756.6
32,2048,128,8192,29414
32,2048,128,16384,58689.3
32,2048,128,32768,117226
32,4096,0,0,129.782
32,4096,1,16,128.907
32,4096,1,32,128.949
32,4096,1,64,129.078
32,4096,1,128,129.174
32,4096,1,256,129.559
32,4096,1,512,129.408
32,4096,1,1024,129.44
32,4096,1,2048,129.462
32,4096,1,4096,129.664
32,4096,1,8192,243.649
32,4096,1,16384,474.776
32,4096,1,32768,938.181
32,4096,2,16,131.83
32,4096,2,32,131.948
32,4096,2,64,131.958
32,4096,2,128,133.643
32,4096,2,256,137.334
32,4096,2,512,144.502
32,4096,2,1024,162.017
32,4096,2,2048,196.332
32,4096,2,4096,256.961
32,4096,2,8192,378.774
32,4096,2,16384,616.28
32,4096,2,32768,1095.25
32,4096,4,16,134.646
32,4096,4,32,134.709
32,4096,4,64,135.03
32,4096,4,128,141.206
32,4096,4,256,149.099
32,4096,4,512,162.966
32,4096,4,1024,193.42
32,4096,4,2048,254.284
32,4096,4,4096,258.592
32,4096,4,8192,490.847
32,4096,4,16384,969.273
32,4096,4,32768,1925.05
32,4096,8,16,141.259
32,4096,8,32,140.982
32,4096,8,64,141.909
32,4096,8,128,150.934
32,4096,8,256,162.401
32,4096,8,512,184.193
32,4096,8,1024,232.599
32,4096,8,2048,321.719
32,4096,8,4096,500.248
32,4096,8,8192,1086.3
32,4096,8,16384,2252.58
32,4096,8,32768,4694.61
32,4096,16,16,161.323
32,4096,16,32,162.604
32,4096,16,64,163.116
32,4096,16,128,185.825
32,4096,16,256,212.182
32,4096,16,512,279.255
32,4096,16,1024,392.439
32,4096,16,2048,539.79
32,4096,16,4096,1009.33
32,4096,16,8192,2569.13
32,4096,16,16384,5581.81
32,4096,16,32768,11507.6
32,4096,32,16,203.169
32,4096,32,32,204.737
32,4096,32,64,206.465
32,4096,32,128,254.583
32,4096,32,256,310.434
32,4096,32,512,464.941
32,4096,32,1024,745.668
32,4096,32,2048,1535.15
32,4096,32,4096,3168.37
32,4096,32,8192,6725.33
32,4096,32,16384,13228.1
32,4096,32,32768,27107.3
32,4096,64,16,277.473
32,4096,64,32,280.62
32,4096,64,64,284.076
32,4096,64,128,376.994
32,4096,64,256,645.165
32,4096,64,512,1099.03
32,4096,64,1024,1969.04
32,4096,64,2048,3725.41
32,4096,64,4096,7263.78
32,4096,64,8192,14688.7
32,4096,64,16384,29055.2
32,4096,64,32768,58256.7
32,4096,128,16,408.482
32,4096,128,32,417.868
32,4096,128,64,432.439
32,4096,128,128,705.859
32,4096,128,256,1143.93
32,4096,128,512,2068.02
32,4096,128,1024,3855.07
32,4096,128,2048,7492.63
32,4096,128,4096,14803.3
32,4096,128,8192,29482.5
32,4096,128,16384,58754.2
32,4096,128,32768,117289
32,8192,0,0,245.622
32,8192,1,16,244.897
32,8192,1,32,244.919
32,8192,1,64,244.961
32,8192,1,128,245.164
32,8192,1,256,245.239
32,8192,1,512,245.537
32,8192,1,1024,245.623
32,8192,1,2048,245.624
32,8192,1,4096,245.867
32,8192,1,8192,245.943
32,8192,1,16384,475.426
32,8192,1,32768,939.022
32,8192,2,16,248.108
32,8192,2,32,248.086
32,8192,2,64,248.172
32,8192,2,128,249.826
32,8192,2,256,251.585
32,8192,2,512,255.766
32,8192,2,1024,271.809
32,8192,2,2048,317.079
32,8192,2,4096,377.41
32,8192,2,8192,496.589
32,8192,2,16384,736.655
32,8192,2,32768,1213.98
32,8192,4,16,245.121
32,8192,4,32,245.494
32,8192,4,64,245.473
32,8192,4,128,252.001
32,8192,4,256,260.631
32,8192,4,512,275.001
32,8192,4,1024,304.182
32,8192,4,2048,367.948
32,8192,4,4096,484.877
32,8192,4,8192,497.475
32,8192,4,16384,956.154
32,8192,4,32768,1922.3
32,8192,8,16,252.609
32,8192,8,32,252.64
32,8192,8,64,252.918
32,8192,8,128,262.54
32,8192,8,256,273.665
32,8192,8,512,297.098
32,8192,8,1024,343.767
32,8192,8,2048,438.114
32,8192,8,4096,615.202
32,8192,8,8192,1008.88
32,8192,8,16384,2258.46
32,8192,8,32768,4741.15
32,8192,16,16,271.692
32,8192,16,32,272.577
32,8192,16,64,274.284
32,8192,16,128,296.077
32,8192,16,256,322.22
32,8192,16,512,390.348
32,8192,16,1024,514.69
32,8192,16,2048,759.242
32,8192,16,4096,1190.21
32,8192,16,8192,2343.47
32,8192,16,16384,5401.17
32,8192,16,32768,11447.8
32,8192,32,16,313.057
32,8192,32,32,314.967
32,8192,32,64,316.236
32,8192,32,128,365.005
32,8192,32,256,436.642
32,8192,32,512,595.736
32,8192,32,1024,926.596
32,8192,32,2048,1749.2
32,8192,32,4096,3316.63
32,8192,32,8192,6616.33
32,8192,32,16384,13288.2
32,8192,32,32768,26909.6
32,8192,64,16,392.29
32,8192,64,32,395.414
32,8192,64,64,399.82
32,8192,64,128,530.936
32,8192,64,256,808.451
32,8192,64,512,1281.91
32,8192,64,1024,2166.97
32,8192,64,2048,3956.67
32,8192,64,4096,7412.09
32,8192,64,8192,14783.9
32,8192,64,16384,29300.6
32,8192,64,32768,58343.9
32,8192,128,16,543.074
32,8192,128,32,554.231
32,8192,128,64,598.829
32,8192,128,128,886.34
32,8192,128,256,1320.6
32,8192,128,512,2271.37
32,8192,128,1024,4071.2
32,8192,128,2048,7683.1
32,8192,128,4096,14925.3
32,8192,128,8192,29602.3
32,8192,128,16384,58920.1
32,8192,128,32768,117411
32,16384,0,0,475.992
32,16384,1,16,475.512
32,16384,1,32,475.512
32,16384,1,64,475.608
32,16384,1,128,475.727
32,16384,1,256,475.938
32,16384,1,512,475.917
32,16384,1,1024,476.279
32,16384,1,2048,476.247
32,16384,1,4096,476.417
32,16384,1,8192,476.866
32,16384,1,16384,477.04
32,16384,1,32768,937.732
32,16384,2,16,478.722
32,16384,2,32,478.626
32,16384,2,64,478.968
32,16384,2,128,480.835
32,16384,2,256,482.562
32,16384,2,512,486.169
32,16384,2,1024,493.922
32,16384,2,2048,555.899
32,16384,2,4096,615.48
32,16384,2,8192,731.512
32,16384,2,16384,969.594
32,16384,2,32768,1450.21
32,16384,4,16,475.053
32,16384,4,32,475.17
32,16384,4,64,474.978
32,16384,4,128,475.343
32,16384,4,256,482.381
32,16384,4,512,495.096
32,16384,4,1024,527.298
32,16384,4,2048,600.152
32,16384,4,4096,715.864
32,16384,4,8192,949.125
32,16384,4,16384,982.98
32,16384,4,32768,1919.22
32,16384,8,16,475.682
32,16384,8,32,477.562
32,16384,8,64,475.949
32,16384,8,128,486.562
32,16384,8,256,496.522
32,16384,8,512,519.011
32,16384,8,1024,565.507
32,16384,8,2048,665.454
32,16384,8,4096,855.321
32,16384,8,8192,1329.6
32,16384,8,16384,2098.36
32,16384,8,32768,4593.84
32,16384,16,16,494.454
32,16384,16,32,496.034
32,16384,16,64,496.728
32,16384,16,128,518.884
32,16384,16,256,544.239
32,16384,16,512,612.12
32,16384,16,1024,737.134
32,16384,16,2048,1019.38
32,16384,16,4096,1722.23
32,16384,16,8192,2812.04
32,16384,16,16384,5030.14
32,16384,16,32768,11139.1
32,16384,32,16,533.036
32,16384,32,32,535.384
32,16384,32,64,537.805
32,16384,32,128,586.445
32,16384,32,256,656.867
32,16384,32,512,822.468
32,16384,32,1024,1188.78
32,16384,32,2048,2043.31
32,16384,32,4096,3726.41
32,16384,32,8192,7128.01
32,16384,32,16384,13276.5
32,16384,32,32768,27203.7
32,16384,64,16,613.965
32,16384,64,32,617.198
32,16384,64,64,620.439
32,16384,64,128,755.139
32,16384,64,256,1027.16
32,16384,64,512,1548.4
32,16384,64,1024,2521.05
32,16384,64,2048,4330.03
32,16384,64,4096,7858.66
32,16384,64,8192,15007.2
32,16384,64,16384,29418.1
32,16384,64,32768,58539.2
32,16384,128,16,776.408
32,16384,128,32,792.376
32,16384,128,64,849.059
32,16384,128,128,1141.91
32,16384,128,256,1650.1
32,16384,128,512,2639.03
32,16384,128,1024,4473.49
32,16384,128,2048,8109.67
32,16384,128,4096,15305.7
32,16384,128,8192,29802.6
32,16384,128,16384,59201.7
32,16384,128,32768,117824
32,32768,0,0,939.278
32,32768,1,16,938.788
32,32768,1,32,938.703
32,32768,1,64,938.681
32,32768,1,128,939.055
32,32768,1,256,939.087
32,32768,1,512,939.065
32,32768,1,1024,939.44
32,32768,1,2048,939.395
32,32768,1,4096,939.46
32,32768,1,8192,939.727
32,32768,1,16384,940.906
32,32768,1,32768,943.808
32,32768,2,16,941.827
32,32768,2,32,942.308
32,32768,2,64,941.625
32,32768,2,128,943.515
32,32768,2,256,946.319
32,32768,2,512,949.017
32,32768,2,1024,957.088
32,32768,2,2048,1009.18
32,32768,2,4096,1092.8
32,32768,2,8192,1209.4
32,32768,2,16384,1446.09
32,32768,2,32768,1917.49
32,32768,4,16,938.08
32,32768,4,32,937.85
32,32768,4,64,938.296
32,32768,4,128,938.382
32,32768,4,256,939.523
32,32768,4,512,941.039
32,32768,4,1024,969.465
32,32768,4,2048,1063.88
32,32768,4,4096,1183.05
32,32768,4,8192,1419.74
32,32768,4,16384,1880.74
32,32768,4,32768,1940.04
32,32768,8,16,938.265
32,32768,8,32,938.434
32,32768,8,64,938.019
32,32768,8,128,939.749
32,32768,8,256,944.73
32,32768,8,512,966.809
32,32768,8,1024,1011.6
32,32768,8,2048,1129.62
32,32768,8,4096,1331.94
32,32768,8,8192,1814.91
32,32768,8,16384,2686.87
32,32768,8,32768,4224.23
32,32768,16,16,941.178
32,32768,16,32,941.002
32,32768,16,64,943.31
32,32768,16,128,965.086
32,32768,16,256,993.464
32,32768,16,512,1060.96
32,32768,16,1024,1183.21
32,32768,16,2048,1484.62
32,32768,16,4096,2224.53
32,32768,16,8192,3740.27
32,32768,16,16384,5846
32,32768,16,32768,10748
32,32768,32,16,978.671
32,32768,32,32,980.741
32,32768,32,64,983.694
32,32768,32,128,1025.73
32,32768,32,256,1102.65
32,32768,32,512,1270.44
32,32768,32,1024,1656.95
32,32768,32,2048,2608.77
32,32768,32,4096,4508.73
32,32768,32,8192,7625.05
32,32768,32,16384,13837.5
32,32768,32,32768,27014.9
32,32768,64,16,1058.25
32,32768,64,32,1062.58
32,32768,64,64,1063.52
32,32768,64,128,1200.71
32,32768,64,256,1499.08
32,32768,64,512,2021.88
32,32768,64,1024,3148.32
32,32768,64,2048,5062.72
32,32768,64,4096,8684.5
32,32768,64,8192,15946
32,32768,64,16384,30106.1
32,32768,64,32768,58958.3
32,32768,128,16,1217.58
32,32768,128,32,1240.68
32,32768,128,64,1290.04
32,32768,128,128,1604.4
32,32768,128,256,2158.63
32,32768,128,512,3304.97
32,32768,128,1024,5231.64
32,32768,128,2048,8927.4
32,32768,128,4096,16165.1
32,32768,128,8192,30547.9
32,32768,128,16384,59527.7
32,32768,128,32768,118437
64,0,0,0,13.3973
64,0,1,16,13.387
64,0,1,32,13.3757
64,0,1,64,13.419
64,0,1,128,15.264
64,0,1,256,18.848
64,0,1,512,25.9623
64,0,1,1024,40.1067
64,0,1,2048,68.886
64,0,1,4096,125.9
64,0,1,8192,241.367
64,0,1,16384,471.33
64,0,1,32768,933.743
64,0,2,16,18.9237
64,0,2,32,18.9337
64,0,2,64,18.9867
64,0,2,128,23.0087
64,0,2,256,26.827
64,0,2,512,34.1547
64,0,2,1024,47.958
64,0,2,2048,75.8087
64,0,2,4096,132.075
64,0,2,8192,248.769
64,0,2,16384,481.196
64,0,2,32768,945.443
64,0,4,16,19.1683
64,0,4,32,19.339
64,0,4,64,19.4667
64,0,4,128,24.405
64,0,4,256,32.1707
64,0,4,512,46.6557
64,0,4,1024,76.331
64,0,4,2048,135.574
64,0,4,4096,253.302
64,0,4,8192,489.89
64,0,4,16384,959.12
64,0,4,32768,1908.62
64,0,8,16,29.973
64,0,8,32,30.357
64,0,8,64,30.5923
64,0,8,128,41.44
64,0,8,256,55.926
64,0,8,512,84.811
64,0,8,1024,142.934
64,0,8,2048,261.825
64,0,8,4096,497.016
64,0,8,8192,1004.41
64,0,8,16384,2042.16
64,0,8,32768,4077.62
64,0,16,16,45.376
64,0,16,32,46.2927
64,0,16,64,47.1687
64,0,16,128,68.3303
64,0,16,256,93.814
64,0,16,512,145.92
64,0,16,1024,259.03
64,0,16,2048,475.384
64,0,16,4096,1023.55
64,0,16,8192,2349.46
64,0,16,16384,4638.84
64,0,16,32768,9798.75
64,0,32,16,77.2803
64,0,32,32,79.2747
64,0,32,64,81.59
64,0,32,128,122.432
64,0,32,256,176.364
64,0,32,512,316.257
64,0,32,1024,589.4
64,0,32,2048,1284.5
64,0,32,4096,2931.58
64,0,32,8192,6401.53
64,0,32,16384,12786.7
64,0,32,32768,26351.2
64,0,64,16,141.847
64,0,64,32,145.889
64,0,64,64,151.073
64,0,64,128,241.911
64,0,64,256,443.181
64,0,64,512,911.022
64,0,64,1024,1769.38
64,0,64,2048,3593.43
64,0,64,4096,7162.3
64,0,64,8192,14483
64,0,64,16384,29048.5
64,0,64,32768,58072.8
64,0,128,16,275.436
64,0,128,32,282.241
64,0,128,64,292.311
64,0,128,128,541.069
64,0,128,256,970.98
64,0,128,512,1893.77
64,0,128,1024,3718.72
64,0,128,2048,7393.06
64,0,128,4096,14702.9
64,0,128,8192,29344.8
64,0,128,16384,58630.4
64,0,128,32768,117188
64,16,0,0,13.5147
64,16,1,16,13.3217
64,16,1,32,13.4507
64,16,1,64,13.5253
64,16,1,128,15.2853
64,16,1,256,18.827
64,16,1,512,25.8243
64,16,1,1024,40.1707
64,16,1,2048,68.5867
64,16,1,4096,125.9
64,16,1,8192,241.537
64,16,1,16384,471.02
64,16,1,32768,933.747
64,16,2,16,18.8803
64,16,2,32,19.1463
64,16,2,64,19.3283
64,16,2,128,23.2003
64,16,2,256,26.9233
64,16,2,512,34.24
64,16,2,1024,48.4697
64,16,2,2048,76.4697
64,16,2,4096,132.331
64,16,2,8192,249.163
64,16,2,16384,481.282
64,16,2,32768,945.722
64,16,4,16,19.37
64,16,4,32,19.5203
64,16,4,64,20.0427
64,16,4,128,24.4163
64,16,4,256,32.0007
64,16,4,512,46.635
64,16,4,1024,76.3733
64,16,4,2048,135.532
64,16,4,4096,253.591
64,16,4,8192,490.199
64,16,4,16384,959.514
64,16,4,32768,1907.88
64,16,8,16,29.9733
64,16,8,32,30.6883
64,16,8,64,30.8693
64,16,8,128,41.376
64,16,8,256,55.8407
64,16,8,512,84.6613
64,16,8,1024,144.267
64,16,8,2048,261.538
64,16,8,4096,500.983
64,16,8,8192,992.432
64,16,8,16384,2046.01
64,16,8,32768,4113.98
64,16,16,16,45.6537
64,16,16,32,46.518
64,16,16,64,47.328
64,16,16,128,68.2347
64,16,16,256,93.6437
64,16,16,512,145.942
64,16,16,1024,259.446
64,16,16,2048,476.162
64,16,16,4096,1012.21
64,16,16,8192,2380.98
64,16,16,16384,4709.61
64,16,16,32768,9638.45
64,16,32,16,77.355
64,16,32,32,79.382
64,16,32,64,81.6217
64,16,32,128,122.443
64,16,32,256,176.843
64,16,32,512,315.447
64,16,32,1024,590.029
64,16,32,2048,1279.11
64,16,32,4096,3063.79
64,16,32,8192,6451.68
64,16,32,16384,12767.6
64,16,32,32768,26128.5
64,16,64,16,142.017
64,16,64,32,146.091
64,16,64,64,151.276
64,16,64,128,241.27
64,16,64,256,445.559
64,16,64,512,911.087
64,16,64,1024,1757.98
64,16,64,2048,3624.34
64,16,64,4096,7218.91
64,16,64,8192,14550.9
64,16,64,16384,29031.9
64,16,64,32768,58085.6
64,16,128,16,275.905
64,16,128,32,282.519
64,16,128,64,292.535
64,16,128,128,536.429
64,16,128,256,972.463
64,16,128,512,1892.57
64,16,128,1024,3713.47
64,16,128,2048,7382.11
64,16,128,4096,14707.3
64,16,128,8192,29359.3
64,16,128,16384,58624.9
64,16,128,32768,117188
64,32,0,0,13.643
64,32,1,16,13.3973
64,32,1,32,13.4827
64,32,1,64,13.5367
64,32,1,128,15.2533
64,32,1,256,18.7303
64,32,1,512,25.834
64,32,1,1024,40.0537
64,32,1,2048,68.5117
64,32,1,4096,125.781
64,32,1,8192,241.249
64,32,1,16384,471.181
64,32,1,32768,934.1
64,32,2,16,19.1143
64,32,2,32,19.1467
64,32,2,64,19.3813
64,32,2,128,22.9443
64,32,2,256,27.2
64,32,2,512,34.0903
64,32,2,1024,48.3417
64,32,2,2048,75.8947
64,32,2,4096,132.95
64,32,2,8192,249.003
64,32,2,16384,480.866
64,32,2,32768,945.722
64,32,4,16,19.435
64,32,4,32,19.4347
64,32,4,64,19.861
64,32,4,128,24.3943
64,32,4,256,32.17
64,32,4,512,46.6453
64,32,4,1024,76.1817
64,32,4,2048,135.777
64,32,4,4096,253.248
64,32,4,8192,489.89
64,32,4,16384,960.773
64,32,4,32768,1906
64,32,8,16,30.1443
64,32,8,32,30.6127
64,32,8,64,30.9223
64,32,8,128,41.568
64,32,8,256,55.712
64,32,8,512,85.195
64,32,8,1024,144.363
64,32,8,2048,261.526
64,32,8,4096,499.223
64,32,8,8192,1004.06
64,32,8,16384,2050.75
64,32,8,32768,4147.22
64,32,16,16,45.685
64,32,16,32,46.6137
64,32,16,64,47.403
64,32,16,128,68.2137
64,32,16,256,93.9527
64,32,16,512,145.718
64,32,16,1024,259.714
64,32,16,2048,472.503
64,32,16,4096,983.162
64,32,16,8192,2246.55
64,32,16,16384,4618.45
64,32,16,32768,10163.2
64,32,32,16,77.5153
64,32,32,32,79.3393
64,32,32,64,81.4503
64,32,32,128,122.496
64,32,32,256,176.651
64,32,32,512,315.5
64,32,32,1024,593.911
64,32,32,2048,1355.61
64,32,32,4096,3014.92
64,32,32,8192,6371.01
64,32,32,16384,12661.3
64,32,32,32768,25894.2
64,32,64,16,142.113
64,32,64,32,146.155
64,32,64,64,151.137
64,32,64,128,242.572
64,32,64,256,437.41
64,32,64,512,901.817
64,32,64,1024,1760.8
64,32,64,2048,3599.06
64,32,64,4096,7195.73
64,32,64,8192,14455.6
64,32,64,16384,28994.2
64,32,64,32768,58076
64,32,128,16,275.725
64,32,128,32,282.518
64,32,128,64,293.238
64,32,128,128,541.751
64,32,128,256,973.167
64,32,128,512,1895.82
64,32,128,1024,3720.18
64,32,128,2048,7393.86
64,32,128,4096,14707.9
64,32,128,8192,29353.7
64,32,128,16384,58621.6
64,32,128,32768,117180
64,64,0,0,13.6843
64,64,1,16,13.3013
64,64,1,32,13.4297
64,64,1,64,13.4723
64,64,1,128,15.1893
64,64,1,256,18.7623
64,64,1,512,25.8137
64,64,1,1024,40.1383
64,64,1,2048,68.459
64,64,1,4096,125.825
64,64,1,8192,241.505
64,64,1,16384,471.009
64,64,1,32768,933.646
64,64,2,16,18.9437
64,64,2,32,19.211
64,64,2,64,19.317
64,64,2,128,23.019
64,64,2,256,27.136
64,64,2,512,34.7627
64,64,2,1024,48.4483
64,64,2,2048,76.214
64,64,2,4096,132.204
64,64,2,8192,248.897
64,64,2,16384,480.705
64,64,2,32768,946.288
64,64,4,16,19.5407
64,64,4,32,19.6907
64,64,4,64,19.9147
64,64,4,128,24.4587
64,64,4,256,32.459
64,64,4,512,47.029
64,64,4,1024,76.5127
64,64,4,2048,135.937
64,64,4,4096,253.527
64,64,4,8192,489.219
64,64,4,16384,961.168
64,64,4,32768,1905.47
64,64,8,16,30.1553
64,64,8,32,30.8493
64,64,8,64,30.9547
64,64,8,128,41.5893
64,64,8,256,55.9157
64,64,8,512,85.1623
64,64,8,1024,144.47
64,64,8,2048,261.484
64,64,8,4096,501.9
64,64,8,8192,986.543
64,64,8,16384,2062.52
64,64,8,32768,4103.35
64,64,16,16,45.9417
64,64,16,32,46.657
64,64,16,64,47.7123
64,64,16,128,68.171
64,64,16,256,93.8347
64,64,16,512,145.441
64,64,16,1024,260.396
64,64,16,2048,471.895
64,64,16,4096,1014.89
64,64,16,8192,2359.93
64,64,16,16384,4789.77
64,64,16,32768,10348.6
64,64,32,16,77.6543
64,64,32,32,79.4243
64,64,32,64,81.8357
64,64,32,128,122.518
64,64,32,256,176.918
64,64,32,512,314.892
64,64,32,1024,589.634
64,64,32,2048,1344.56
64,64,32,4096,3145.77
64,64,32,8192,6667.12
64,64,32,16384,12628.2
64,64,32,32768,26490.1
64,64,64,16,142.145
64,64,64,32,146.39
64,64,64,64,151.478
64,64,64,128,241.793
64,64,64,256,443.65
64,64,64,512,906.083
64,64,64,1024,1763.14
64,64,64,2048,3616.93
64,64,64,4096,7200.36
64,64,64,8192,14464.4
64,64,64,16384,28993.8
64,64,64,32768,58104
64,64,128,16,275.713
64,64,128,32,282.689
64,64,128,64,292.566
64,64,128,128,540.216
64,64,128,256,974.639
64,64,128,512,1893.75
64,64,128,1024,3715.83
64,64,128,2048,7393.1
64,64,128,4096,14707.2
64,64,128,8192,29360.6
64,64,128,16384,58627.1
64,64,128,32768,117188
64,128,0,0,17.2377
64,128,1,16,16.31
64,128,1,32,16.2983
64,128,1,64,16.2983
64,128,1,128,16.5547
64,128,1,256,18.8367
64,128,1,512,25.963
64,128,1,1024,40.0857
64,128,1,2048,68.5653
64,128,1,4096,125.824
64,128,1,8192,241.601
64,128,1,16384,471.139
64,128,1,32768,934.021
64,128,2,16,22.827
64,128,2,32,22.9333
64,128,2,64,23.0503
64,128,2,128,25.824
64,128,2,256,30.7627
64,128,2,512,38.678
64,128,2,1024,52.8217
64,128,2,2048,80.3103
64,128,2,4096,136.641
64,128,2,8192,251.767
64,128,2,16384,483.032
64,128,2,32768,948.323
64,128,4,16,24.7787
64,128,4,32,24.8323
64,128,4,64,24.8637
64,128,4,128,26.166
64,128,4,256,32.0747
64,128,4,512,46.645
64,128,4,1024,76.2773
64,128,4,2048,136.001
64,128,4,4096,253.196
64,128,4,8192,490.211
64,128,4,16384,960.047
64,128,4,32768,1905.22
64,128,8,16,33.6643
64,128,8,32,34.2087
64,128,8,64,34.7313
64,128,8,128,43.3067
64,128,8,256,56.4487
64,128,8,512,84.8863
64,128,8,1024,143.649
64,128,8,2048,264.79
64,128,8,4096,499.394
64,128,8,8192,1009.04
64,128,8,16384,2039.73
64,128,8,32768,4078.63
64,128,16,16,49.2167
64,128,16,32,50.0903
64,128,16,64,51.062
64,128,16,128,69.867
64,128,16,256,94.923
64,128,16,512,145.9
64,128,16,1024,270.114
64,128,16,2048,488.482
64,128,16,4096,1089.08
64,128,16,8192,2357.91
64,128,16,16384,4748.43
64,128,16,32768,10265.2
64,128,32,16,80.9923
64,128,32,32,82.7733
64,128,32,64,84.8217
64,128,32,128,124.096
64,128,32,256,179.681
64,128,32,512,314.593
64,128,32,1024,614.414
64,128,32,2048,1366.27
64,128,32,4096,3042.39
64,128,32,8192,6474.26
64,128,32,16384,12499.8
64,128,32,32768,25725.8
64,128,64,16,145.025
64,128,64,32,148.32
64,128,64,64,151.798
64,128,64,128,244.715
64,128,64,256,453.581
64,128,64,512,918.381
64,128,64,1024,1787.02
64,128,64,2048,3612.77
64,128,64,4096,7206.98
64,128,64,8192,14484.7
64,128,64,16384,28942.1
64,128,64,32768,58159.9
64,128,128,16,276.684
64,128,128,32,283.937
64,128,128,64,293.751
64,128,128,128,548.344
64,128,128,256,977.604
64,128,128,512,1899.33
64,128,128,1024,3718.68
64,128,128,2048,7385.45
64,128,128,4096,14706.8
64,128,128,8192,29359.4
64,128,128,16384,58631
64,128,128,32768,117187
64,256,0,0,20.7573
64,256,1,16,19.9037
64,256,1,32,19.904
64,256,1,64,19.9147
64,256,1,128,20.032
64,256,1,256,20.214
64,256,1,512,26.016
64,256,1,1024,40.427
64,256,1,2048,68.758
64,256,1,4096,126.091
64,256,1,8192,241.761
64,256,1,16384,471.105
64,256,1,32768,933.914
64,256,2,16,26.1127
64,256,2,32,26.4963
64,256,2,64,26.5913
64,256,2,128,29.5897
64,256,2,256,33.4613
64,256,2,512,43.5627
64,256,2,1024,57.43
64,256,2,2048,86.2613
64,256,2,4096,141.046
64,256,2,8192,253.037
64,256,2,16384,485.847
64,256,2,32768,954.922
64,256,4,16,31.4883
64,256,4,32,31.9673
64,256,4,64,31.915
64,256,4,128,32.8
64,256,4,256,33.8347
64,256,4,512,46.8803
64,256,4,1024,76.555
64,256,4,2048,135.68
64,256,4,4096,253.089
64,256,4,8192,490.586
64,256,4,16384,960.794
64,256,4,32768,1905.16
64,256,8,16,37.4183
64,256,8,32,37.92
64,256,8,64,38.4107
64,256,8,128,47.104
64,256,8,256,58.2077
64,256,8,512,85.0037
64,256,8,1024,144.011
64,256,8,2048,270.668
64,256,8,4096,509.25
64,256,8,8192,1026.22
64,256,8,16384,2043.04
64,256,8,32768,4168.88
64,256,16,16,53.1947
64,256,16,32,53.9627
64,256,16,64,54.9127
64,256,16,128,73.5683
64,256,16,256,96.2243
64,256,16,512,146.657
64,256,16,1024,276.204
64,256,16,2048,509.613
64,256,16,4096,1117.58
64,256,16,8192,2366.93
64,256,16,16384,4912.17
64,256,16,32768,10297
64,256,32,16,85.0887
64,256,32,32,86.9333
64,256,32,64,89.2583
64,256,32,128,127.467
64,256,32,256,183.68
64,256,32,512,315.233
64,256,32,1024,627.704
64,256,32,2048,1379.36
64,256,32,4096,3067.62
64,256,32,8192,6706.63
64,256,32,16384,12873.7
64,256,32,32768,26461.4
64,256,64,16,148.608
64,256,64,32,152.438
64,256,64,64,156.235
64,256,64,128,246.796
64,256,64,256,455.148
64,256,64,512,922.596
64,256,64,1024,1791.07
64,256,64,2048,3641.31
64,256,64,4096,7224.39
64,256,64,8192,14506.9
64,256,64,16384,29020.5
64,256,64,32768,58179.8
64,256,128,16,278.241
64,256,128,32,285.057
64,256,128,64,295.585
64,256,128,128,547.341
64,256,128,256,981.594
64,256,128,512,1899.15
64,256,128,1024,3726.08
64,256,128,2048,7395.22
64,256,128,4096,14709.1
64,256,128,8192,29362.9
64,256,128,16384,58638.4
64,256,128,32768,117182
64,512,0,0,27.9577
64,512,1,16,26.9547
64,512,1,32,27.0187
64,512,1,64,26.9763
64,512,1,128,27.1253
64,512,1,256,27.1787
64,512,1,512,27.6367
64,512,1,1024,40.864
64,512,1,2048,69.227
64,512,1,4096,126.433
64,512,1,8192,242.294
64,512,1,16384,471.821
64,512,1,32768,934.478
64,512,2,16,33.0237
64,512,2,32,33.099
64,512,2,64,33.4723
64,512,2,128,36.7153
64,512,2,256,40.8103
64,512,2,512,48.5983
64,512,2,1024,64.8113
64,512,2,2048,93.163
64,512,2,4096,149.014
64,512,2,8192,259.948
64,512,2,16384,488.184
64,512,2,32768,953.189
64,512,4,16,38.5393
64,512,4,32,38.784
64,512,4,64,38.7423
64,512,4,128,44.8107
64,512,4,256,47.5203
64,512,4,512,48.9073
64,512,4,1024,77.2807
64,512,4,2048,135.051
64,512,4,4096,254.348
64,512,4,8192,490.786
64,512,4,16384,962.394
64,512,4,32768,1904.88
64,512,8,16,44.3513
64,512,8,32,44.9603
64,512,8,64,45.3867
64,512,8,128,54.23
64,512,8,256,65.1523
64,512,8,512,87.3073
64,512,8,1024,142.188
64,512,8,2048,270.742
64,512,8,4096,544.439
64,512,8,8192,1098.59
64,512,8,16384,2116.72
64,512,8,32768,4305.39
64,512,16,16,62.6243
64,512,16,32,63.265
64,512,16,64,63.99
64,512,16,128,81.003
64,512,16,256,103.307
64,512,16,512,150.987
64,512,16,1024,256.812
64,512,16,2048,544.29
64,512,16,4096,1240.53
64,512,16,8192,2649.02
64,512,16,16384,5509.86
64,512,16,32768,11212.1
64,512,32,16,95.243
64,512,32,32,96.544
64,512,32,64,97.9203
64,512,32,128,135.318
64,512,32,256,188.269
64,512,32,512,321.614
64,512,32,1024,621.219
64,512,32,2048,1539.65
64,512,32,4096,3264.48
64,512,32,8192,6656.33
64,512,32,16384,13170.4
64,512,32,32768,26750.1
64,512,64,16,158.475
64,512,64,32,161.11
64,512,64,64,164.865
64,512,64,128,252.46
64,512,64,256,454.978
64,512,64,512,926.884
64,512,64,1024,1812.63
64,512,64,2048,3637.31
64,512,64,4096,7230.65
64,512,64,8192,14479.7
64,512,64,16384,28934.4
64,512,64,32768,58191.1
64,512,128,16,286.54
64,512,128,32,293.111
64,512,128,64,304.3
64,512,128,128,555.448
64,512,128,256,987.14
64,512,128,512,1910.08
64,512,128,1024,3729.9
64,512,128,2048,7405.11
64,512,128,4096,14715.6
64,512,128,8192,29372.5
64,512,128,16384,58638.9
64,512,128,32768,117189
64,1024,0,0,42.698
64,1024,1,16,41.579
64,1024,1,32,41.6423
64,1024,1,64,41.579
64,1024,1,128,41.7603
64,1024,1,256,41.771
64,1024,1,512,42.2187
64,1024,1,1024,42.816
64,1024,1,2048,70.0907
64,1024,1,4096,127.434
64,1024,1,8192,242.817
64,1024,1,16384,472.631
64,1024,1,32768,935.247
64,1024,2,16,46.848
64,1024,2,32,47.008
64,1024,2,64,47.2967
64,1024,2,128,50.3367
64,1024,2,256,54.88
64,1024,2,512,63.5747
64,1024,2,1024,79.0833
64,1024,2,2048,110.795
64,1024,2,4096,169.985
64,1024,2,8192,291.286
64,1024,2,16384,526.306
64,1024,2,32768,994.158
64,1024,4,16,52.4693
64,1024,4,32,52.4483
64,1024,4,64,52.736
64,1024,4,128,58.6143
64,1024,4,256,66.4107
64,1024,4,512,76.587
64,1024,4,1024,80.2027
64,1024,4,2048,135.212
64,1024,4,4096,255.244
64,1024,4,8192,493.176
64,1024,4,16384,970.01
64,1024,4,32768,1921.4
64,1024,8,16,58.411
64,1024,8,32,58.7843
64,1024,8,64,59.1047
64,1024,8,128,68.4913
64,1024,8,256,79.6267
64,1024,8,512,101.685
64,1024,8,1024,147.413
64,1024,8,2048,262.817
64,1024,8,4096,545.42
64,1024,8,8192,1104.77
64,1024,8,16384,2264.76
64,1024,8,32768,4570.56
64,1024,16,16,79.008
64,1024,16,32,80.011
64,1024,16,64,80.1603
64,1024,16,128,101.781
64,1024,16,256,118.325
64,1024,16,512,165.942
64,1024,16,1024,262.668
64,1024,16,2048,502.788
64,1024,16,4096,1280.24
64,1024,16,8192,2611.25
64,1024,16,16384,5407.63
64,1024,16,32768,11599.3
64,1024,32,16,111.712
64,1024,32,32,113.526
64,1024,32,64,115.137
64,1024,32,128,156.022
64,1024,32,256,206.699
64,1024,32,512,343.137
64,1024,32,1024,589.592
64,1024,32,2048,1569.68
64,1024,32,4096,3318.79
64,1024,32,8192,6791.41
64,1024,32,16384,13158.4
64,1024,32,32768,27106
64,1024,64,16,175.969
64,1024,64,32,179.329
64,1024,64,64,183.201
64,1024,64,128,271.959
64,1024,64,256,490.125
64,1024,64,512,944.92
64,1024,64,1024,1806.7
64,1024,64,2048,3639.52
64,1024,64,4096,7241.39
64,1024,64,8192,14550.4
64,1024,64,16384,28931
64,1024,64,32768,58169.9
64,1024,128,16,305.409
64,1024,128,32,311.575
64,1024,128,64,322.509
64,1024,128,128,574.914
64,1024,128,256,999.588
64,1024,128,512,1921.55
64,1024,128,1024,3744.69
64,1024,128,2048,7414.07
64,1024,128,4096,14736.3
64,1024,128,8192,29389
64,1024,128,16384,58665.2
64,1024,128,32768,117187
64,2048,0,0,71.883
64,2048,1,16,70.8377
64,2048,1,32,70.8273
64,2048,1,64,70.8487
64,2048,1,128,70.9757
64,2048,1,256,70.987
64,2048,1,512,71.243
64,2048,1,1024,72.0327
64,2048,1,2048,72.0003
64,2048,1,4096,127.872
64,2048,1,8192,243.082
64,2048,1,16384,473.037
64,2048,1,32768,935.706
64,2048,2,16,74.5923
64,2048,2,32,74.9233
64,2048,2,64,75.0403
64,2048,2,128,77.803
64,2048,2,256,82.166
64,2048,2,512,90.3373
64,2048,2,1024,107.243
64,2048,2,2048,138.059
64,2048,2,4096,200.246
64,2048,2,8192,321.431
64,2048,2,16384,559.362
64,2048,2,32768,1037.87
64,2048,4,16,79.7433
64,2048,4,32,80.181
64,2048,4,64,80.7893
64,2048,4,128,86.2943
64,2048,4,256,94.0697
64,2048,4,512,108.257
64,2048,4,1024,133.995
64,2048,4,2048,139.713
64,2048,4,4096,254.337
64,2048,4,8192,493.603
64,2048,4,16384,968.975
64,2048,4,32768,1923.63
64,2048,8,16,86.2397
64,2048,8,32,86.336
64,2048,8,64,86.8913
64,2048,8,128,96.4153
64,2048,8,256,107.638
64,2048,8,512,130.186
64,2048,8,1024,175.905
64,2048,8,2048,265.164
64,2048,8,4096,531.339
64,2048,8,8192,1118.67
64,2048,8,16384,2274.01
64,2048,8,32768,4579.54
64,2048,16,16,106.55
64,2048,16,32,107.84
64,2048,16,64,108.843
64,2048,16,128,131.713
64,2048,16,256,157.323
64,2048,16,512,202.177
64,2048,16,1024,292.234
64,2048,16,2048,477.495
64,2048,16,4096,1177.23
64,2048,16,8192,2621.75
64,2048,16,16384,5293.01
64,2048,16,32768,11376.2
64,2048,32,16,144.566
64,2048,32,32,146.507
64,2048,32,64,148
64,2048,32,128,187.84
64,2048,32,256,248.374
64,2048,32,512,382.177
64,2048,32,1024,650.883
64,2048,32,2048,1415.85
64,2048,32,4096,3306.6
64,2048,32,8192,6624.97
64,2048,32,16384,13104.6
64,2048,32,32768,26731.6
64,2048,64,16,211.564
64,2048,64,32,214.881
64,2048,64,64,218.358
64,2048,64,128,309.655
64,2048,64,256,552.706
64,2048,64,512,1004.66
64,2048,64,1024,1851.01
64,2048,64,2048,3647.29
64,2048,64,4096,7245.81
64,2048,64,8192,14518.2
64,2048,64,16384,29044
64,2048,64,32768,58163.2
64,2048,128,16,340.77
64,2048,128,32,347.756
64,2048,128,64,360.471
64,2048,128,128,624.536
64,2048,128,256,1058.67
64,2048,128,512,1971.44
64,2048,128,1024,3777.14
64,2048,128,2048,7440.65
64,2048,128,4096,14758.2
64,2048,128,8192,29417.4
64,2048,128,16384,58695.6
64,2048,128,32768,117241
64,4096,0,0,130.252
64,4096,1,16,129.429
64,4096,1,32,129.355
64,4096,1,64,129.314
64,4096,1,128,129.451
64,4096,1,256,129.537
64,4096,1,512,130.038
64,4096,1,1024,130.251
64,4096,1,2048,130.453
64,4096,1,4096,130.645
64,4096,1,8192,243.809
64,4096,1,16384,474.466
64,4096,1,32768,937.003
64,4096,2,16,132.363
64,4096,2,32,132.342
64,4096,2,64,132.535
64,4096,2,128,133.867
64,4096,2,256,137.504
64,4096,2,512,145.697
64,4096,2,1024,161.559
64,4096,2,2048,196.652
64,4096,2,4096,257.804
64,4096,2,8192,382.188
64,4096,2,16384,618.787
64,4096,2,32768,1096.58
64,4096,4,16,135.232
64,4096,4,32,135.33
64,4096,4,64,135.819
64,4096,4,128,141.676
64,4096,4,256,149.431
64,4096,4,512,164.161
64,4096,4,1024,194.454
64,4096,4,2048,254.444
64,4096,4,4096,259.169
64,4096,4,8192,492.332
64,4096,4,16384,969.405
64,4096,4,32768,1924.46
64,4096,8,16,142.188
64,4096,8,32,142.155
64,4096,8,64,143.116
64,4096,8,128,152.226
64,4096,8,256,163.424
64,4096,8,512,185.43
64,4096,8,1024,233.301
64,4096,8,2048,322.359
64,4096,8,4096,499.661
64,4096,8,8192,1087.77
64,4096,8,16384,2264.75
64,4096,8,32768,4680.85
64,4096,16,16,162.187
64,4096,16,32,163.168
64,4096,16,64,164.054
64,4096,16,128,186.519
64,4096,16,256,213.857
64,4096,16,512,279.895
64,4096,16,1024,389.175
64,4096,16,2048,544.357
64,4096,16,4096,991.218
64,4096,16,8192,2590.26
64,4096,16,16384,5441.52
64,4096,16,32768,11576.4
64,4096,32,16,203.638
64,4096,32,32,205.483
64,4096,32,64,207.436
64,4096,32,128,255.319
64,4096,32,256,312.289
64,4096,32,512,466.605
64,4096,32,1024,751.376
64,4096,32,2048,1476.21
64,4096,32,4096,3110.51
64,4096,32,8192,6808.35
64,4096,32,16384,13088.7
64,4096,32,32768,27047.2
64,4096,64,16,277.153
64,4096,64,32,281.911
64,4096,64,64,285.036
64,4096,64,128,379.757
64,4096,64,256,650.242
64,4096,64,512,1100.18
64,4096,64,1024,1974.02
64,4096,64,2048,3725.64
64,4096,64,4096,7262.32
64,4096,64,8192,14631
64,4096,64,16384,29218.2
64,4096,64,32768,58259.8
64,4096,128,16,412.087
64,4096,128,32,420.086
64,4096,128,64,433.933
64,4096,128,128,705.614
64,4096,128,256,1152.77
64,4096,128,512,2076.04
64,4096,128,1024,3864.96
64,4096,128,2048,7501.3
64,4096,128,4096,14814
64,4096,128,8192,29482.6
64,4096,128,16384,58764.8
64,4096,128,32768,117287
64,8192,0,0,246.102
64,8192,1,16,245.345
64,8192,1,32,245.185
64,8192,1,64,245.238
64,8192,1,128,245.291
64,8192,1,256,245.452
64,8192,1,512,245.868
64,8192,1,1024,246.305
64,8192,1,2048,246.571
64,8192,1,4096,246.475
64,8192,1,8192,246.945
64,8192,1,16384,475.405
64,8192,1,32768,937.599
64,8192,2,16,248.396
64,8192,2,32,248.408
64,8192,2,64,248.524
64,8192,2,128,250.348
64,8192,2,256,252.054
64,8192,2,512,256.844
64,8192,2,1024,272.727
64,8192,2,2048,318.348
64,8192,2,4096,377.944
64,8192,2,8192,497.666
64,8192,2,16384,735.331
64,8192,2,32768,1215.83
64,8192,4,16,245.665
64,8192,4,32,245.739
64,8192,4,64,246.838
64,8192,4,128,252.812
64,8192,4,256,260.578
64,8192,4,512,275.041
64,8192,4,1024,306.338
64,8192,4,2048,368.099
64,8192,4,4096,484.728
64,8192,4,8192,498.861
64,8192,4,16384,958.094
64,8192,4,32768,1923.79
64,8192,8,16,253.27
64,8192,8,32,253.58
64,8192,8,64,254.081
64,8192,8,128,263.724
64,8192,8,256,274.604
64,8192,8,512,296.3
64,8192,8,1024,344.151
64,8192,8,2048,437.546
64,8192,8,4096,617.284
64,8192,8,8192,984.868
64,8192,8,16384,2222.47
64,8192,8,32768,4589.09
64,8192,16,16,272.63
64,8192,16,32,273.772
64,8192,16,64,274.947
64,8192,16,128,297.761
64,8192,16,256,323.767
64,8192,16,512,390.359
64,8192,16,1024,516.067
64,8192,16,2048,760.611
64,8192,16,4096,1248.15
64,8192,16,8192,2389.98
64,8192,16,16384,5671.25
64,8192,16,32768,11151.2
64,8192,32,16,314.102
64,8192,32,32,315.244
64,8192,32,64,317.335
64,8192,32,128,366.444
64,8192,32,256,437.857
64,8192,32,512,594.253
64,8192,32,1024,937.785
64,8192,32,2048,1695.25
64,8192,32,4096,3404.02
64,8192,32,8192,6687.46
64,8192,32,16384,13235.1
64,8192,32,32768,26954.3
64,8192,64,16,392.055
64,8192,64,32,395.981
64,8192,64,64,400.982
64,8192,64,128,533.688
64,8192,64,256,796.899
64,8192,64,512,1254.36
64,8192,64,1024,2167.32
64,8192,64,2048,3960.6
64,8192,64,4096,7415.63
64,8192,64,8192,14704
64,8192,64,16384,29249.7
64,8192,64,32768,58356.6
64,8192,128,16,546.317
64,8192,128,32,558.253
64,8192,128,64,597.145
64,8192,128,128,859.62
64,8192,128,256,1326.7
64,8192,128,512,2277.64
64,8192,128,1024,4076.48
64,8192,128,2048,7690.47
64,8192,128,4096,14932.2
64,8192,128,8192,29602.2
64,8192,128,16384,58921.4
64,8192,128,32768,117456
64,16384,0,0,476.76
64,16384,1,16,475.65
64,16384,1,32,475.557
64,16384,1,64,475.65
64,16384,1,128,475.791
64,16384,1,256,475.938
64,16384,1,512,476.354
64,16384,1,1024,476.738
64,16384,1,2048,477.037
64,16384,1,4096,476.863
64,16384,1,8192,477.217
64,16384,1,16384,477.794
64,16384,1,32768,936.078
64,16384,2,16,478.797
64,16384,2,32,478.775
64,16384,2,64,478.851
64,16384,2,128,480.365
64,16384,2,256,482.817
64,16384,2,512,487.071
64,16384,2,1024,494.551
64,16384,2,2048,553.112
64,16384,2,4096,615.501
64,16384,2,8192,733.999
64,16384,2,16384,970.159
64,16384,2,32768,1450.04
64,16384,4,16,475.565
64,16384,4,32,475.81
64,16384,4,64,475.714
64,16384,4,128,476.589
64,16384,4,256,482.348
64,16384,4,512,496.791
64,16384,4,1024,527.479
64,16384,4,2048,601.208
64,16384,4,4096,716.43
64,16384,4,8192,946.628
64,16384,4,16384,982.084
64,16384,4,32768,1910.89
64,16384,8,16,476.013
64,16384,8,32,476.142
64,16384,8,64,477.784
64,16384,8,128,487.234
64,16384,8,256,498.257
64,16384,8,512,518.669
64,16384,8,1024,566.893
64,16384,8,2048,668.61
64,16384,8,4096,861.753
64,16384,8,8192,1324.89
64,16384,8,16384,2053.92
64,16384,8,32768,4510.94
64,16384,16,16,494.775
64,16384,16,32,497.399
64,16384,16,64,499.16
64,16384,16,128,519.01
64,16384,16,256,544.31
64,16384,16,512,615.94
64,16384,16,1024,738.051
64,16384,16,2048,1020.32
64,16384,16,4096,1767.37
64,16384,16,8192,2747.95
64,16384,16,16384,4902.13
64,16384,16,32768,11407.8
64,16384,32,16,533.655
64,16384,32,32,535.788
64,16384,32,64,538.253
64,16384,32,128,586.926
64,16384,32,256,660.974
64,16384,32,512,824.149
64,16384,32,1024,1204.3
64,16384,32,2048,2026.96
64,16384,32,4096,3720.88
64,16384,32,8192,7104.65
64,16384,32,16384,12979.9
64,16384,32,32768,27211.2
64,16384,64,16,613.603
64,16384,64,32,617.965
64,16384,64,64,621.794
64,16384,64,128,753.806
64,16384,64,256,1038.14
64,16384,64,512,1566.91
64,16384,64,1024,2538.66
64,16384,64,2048,4346.92
64,16384,64,4096,7883.33
64,16384,64,8192,15077.4
64,16384,64,16384,29387.5
64,16384,64,32768,58546.5
64,16384,128,16,779.139
64,16384,128,32,793.871
64,16384,128,64,851.715
64,16384,128,128,1161.73
64,16384,128,256,1637.37
64,16384,128,512,2651.66
64,16384,128,1024,4494.58
64,16384,128,2048,8115.36
64,16384,128,4096,15302
64,16384,128,8192,29800.2
64,16384,128,16384,59201
64,16384,128,32768,117807
64,32768,0,0,939.566
64,32768,1,16,938.66
64,32768,1,32,938.894
64,32768,1,64,938.927
64,32768,1,128,938.958
64,32768,1,256,938.959
64,32768,1,512,939.352
64,32768,1,1024,940.026
64,32768,1,2048,940.057
64,32768,1,4096,940.111
64,32768,1,8192,940.185
64,32768,1,16384,941.604
64,32768,1,32768,943.983
64,32768,2,16,941.582
64,32768,2,32,941.892
64,32768,2,64,941.935
64,32768,2,128,943.842
64,32768,2,256,945.105
64,32768,2,512,948.601
64,32768,2,1024,957.04
64,32768,2,2048,1004.31
64,32768,2,4096,1090.97
64,32768,2,8192,1207.6
64,32768,2,16384,1444.82
64,32768,2,32768,1921.57
64,32768,4,16,938.639
64,32768,4,32,938.34
64,32768,4,64,938.457
64,32768,4,128,939.812
64,32768,4,256,940.377
64,32768,4,512,945.689
64,32768,4,1024,972.09
64,32768,4,2048,1067.35
64,32768,4,4096,1184.94
64,32768,4,8192,1412.69
64,32768,4,16384,1871.39
64,32768,4,32768,1941.58
64,32768,8,16,938.863
64,32768,8,32,938.969
64,32768,8,64,938.736
64,32768,8,128,941.317
64,32768,8,256,944.25
64,32768,8,512,969.22
64,32768,8,1024,1012.84
64,32768,8,2048,1129.02
64,32768,8,4096,1325.59
64,32768,8,8192,1815.65
64,32768,8,16384,2674.1
64,32768,8,32768,4221.71
64,32768,16,16,945.69
64,32768,16,32,940.954
64,32768,16,64,947.001
64,32768,16,128,966.169
64,32768,16,256,989.231
64,32768,16,512,1057.84
64,32768,16,1024,1191.83
64,32768,16,2048,1481.99
64,32768,16,4096,2204.69
64,32768,16,8192,3683.05
64,32768,16,16384,5632.34
64,32768,16,32768,10778.4
64,32768,32,16,980.04
64,32768,32,32,979.258
64,32768,32,64,984.89
64,32768,32,128,1030.62
64,32768,32,256,1102.53
64,32768,32,512,1268.08
64,32768,32,1024,1646.92
64,32768,32,2048,2610.61
64,32768,32,4096,4457.83
64,32768,32,8192,7834.05
64,32768,32,16384,14200
64,32768,32,32768,26656.2
64,32768,64,16,1063.73
64,32768,64,32,1065.36
64,32768,64,64,1067.15
64,32768,64,128,1200.53
64,32768,64,256,1489.2
64,32768,64,512,2012.55
64,32768,64,1024,3140.3
64,32768,64,2048,5066.4
64,32768,64,4096,8702.73
64,32768,64,8192,15858.5
64,32768,64,16384,30126.6
64,32768,64,32768,58973
64,32768,128,16,1220.51
64,32768,128,32,1237.36
64,32768,128,64,1290.61
64,32768,128,128,1583.14
64,32768,128,256,2130.25
64,32768,128,512,3298.44
64,32768,128,1024,5239.35
64,32768,128,2048,8940.68
64,32768,128,4096,16176.2
64,32768,128,8192,30560.6
64,32768,128,16384,59530.5
64,32768,128,32768,118431
128,0,0,0,14.219
128,0,1,16,19.4133
128,0,1,32,19.5733
128,0,1,64,19.6487
128,0,1,128,23.0717
128,0,1,256,26.9547
128,0,1,512,33.9947
128,0,1,1024,47.808
128,0,1,2048,76.011
128,0,1,4096,132.214
128,0,1,8192,244.428
128,0,1,16384,473.069
128,0,1,32768,935.065
128,0,2,16,20.064
128,0,2,32,20.416
128,0,2,64,20.2563
128,0,2,128,24.5227
128,0,2,256,31.7337
128,0,2,512,39.9253
128,0,2,1024,54.166
128,0,2,2048,81.8457
128,0,2,4096,138.197
128,0,2,8192,250.273
128,0,2,16384,477.912
128,0,2,32768,940.794
128,0,4,16,25.536
128,0,4,32,25.984
128,0,4,64,26.0483
128,0,4,128,32.0323
128,0,4,256,39.3283
128,0,4,512,53.568
128,0,4,1024,82.2827
128,0,4,2048,138.784
128,0,4,4096,253.58
128,0,4,8192,491.074
128,0,4,16384,961.061
128,0,4,32768,1907.14
128,0,8,16,32.6827
128,0,8,32,32.9387
128,0,8,64,33.3763
128,0,8,128,43.968
128,0,8,256,58.624
128,0,8,512,86.0163
128,0,8,1024,143.905
128,0,8,2048,262.348
128,0,8,4096,500.791
128,0,8,8192,998.565
128,0,8,16384,2043.33
128,0,8,32768,4152.87
128,0,16,16,50.0373
128,0,16,32,50.9337
128,0,16,64,52.064
128,0,16,128,72.939
128,0,16,256,97.5043
128,0,16,512,147.553
128,0,16,1024,272.268
128,0,16,2048,487.981
128,0,16,4096,1006.75
128,0,16,8192,2256.71
128,0,16,16384,4753.16
128,0,16,32768,9888.01
128,0,32,16,85.718
128,0,32,32,87.499
128,0,32,64,89.2057
128,0,32,128,131.072
128,0,32,256,182.688
128,0,32,512,330.145
128,0,32,1024,616.333
128,0,32,2048,1401.14
128,0,32,4096,3158.12
128,0,32,8192,6344.17
128,0,32,16384,12758.8
128,0,32,32768,26082.8
128,0,64,16,158.134
128,0,64,32,161.931
128,0,64,64,165.259
128,0,64,128,253.644
128,0,64,256,463.01
128,0,64,512,934.638
128,0,64,1024,1792.94
128,0,64,2048,3639.11
128,0,64,4096,7210.79
128,0,64,8192,14532.6
128,0,64,16384,28902.9
128,0,64,32768,58125.5
128,0,128,16,302.294
128,0,128,32,309.197
128,0,128,64,317.228
128,0,128,128,546.318
128,0,128,256,972.228
128,0,128,512,1898.08
128,0,128,1024,3718.17
128,0,128,2048,7394.15
128,0,128,4096,14712.1
128,0,128,8192,29354.4
128,0,128,16384,58626.3
128,0,128,32768,117195
128,16,0,0,16.9283
128,16,1,16,22.827
128,16,1,32,22.987
128,16,1,64,23.1467
128,16,1,128,23.4563
128,16,1,256,26.9123
128,16,1,512,33.9203
128,16,1,1024,47.979
128,16,1,2048,76.0003
128,16,1,4096,133.376
128,16,1,8192,243.745
128,16,1,16384,471.725
128,16,1,32768,934.617
128,16,2,16,23.488
128,16,2,32,23.5413
128,16,2,64,23.7547
128,16,2,128,25.3757
128,16,2,256,31.5203
128,16,2,512,40.4057
128,16,2,1024,54.848
128,16,2,2048,82.571
128,16,2,4096,139.457
128,16,2,8192,249.964
128,16,2,16384,478.039
128,16,2,32768,940.922
128,16,4,16,28.95
128,16,4,32,28.9387
128,16,4,64,29.142
128,16,4,128,33.333
128,16,4,256,40.394
128,16,4,512,54.4853
128,16,4,1024,82.699
128,16,4,2048,139.307
128,16,4,4096,254.113
128,16,4,8192,489.922
128,16,4,16384,961.392
128,16,4,32768,1903.61
128,16,8,16,36.5547
128,16,8,32,36.928
128,16,8,64,37.216
128,16,8,128,44.683
128,16,8,256,58.3573
128,16,8,512,86.4857
128,16,8,1024,143.926
128,16,8,2048,262.294
128,16,8,4096,500.471
128,16,8,8192,1020.3
128,16,8,16384,2048.29
128,16,8,32768,4148.03
128,16,16,16,54.1333
128,16,16,32,54.6667
128,16,16,64,55.414
128,16,16,128,73.5147
128,16,16,256,97.6953
128,16,16,512,147.681
128,16,16,1024,279.105
128,16,16,2048,500.886
128,16,16,4096,1029.72
128,16,16,8192,2303.67
128,16,16,16384,4847.35
128,16,16,32768,9639.88
128,16,32,16,88.256
128,16,32,32,89.995
128,16,32,64,91.5733
128,16,32,128,132.213
128,16,32,256,184.213
128,16,32,512,333.367
128,16,32,1024,636.791
128,16,32,2048,1384.57
128,16,32,4096,3137.28
128,16,32,8192,6724.44
128,16,32,16384,12919.6
128,16,32,32768,26660.1
128,16,64,16,159.595
128,16,64,32,162.848
128,16,64,64,166.507
128,16,64,128,255.798
128,16,64,256,466.69
128,16,64,512,945.273
128,16,64,1024,1798.71
128,16,64,2048,3624.92
128,16,64,4096,7262.94
128,16,64,8192,14535.8
128,16,64,16384,28918.9
128,16,64,32768,58137.6
128,16,128,16,303.768
128,16,128,32,310.113
128,16,128,64,318.604
128,16,128,128,551.533
128,16,128,256,973.572
128,16,128,512,1898.13
128,16,128,1024,3723
128,16,128,2048,7391.77
128,16,128,4096,14710.6
128,16,128,8192,29358.1
128,16,128,16384,58632.9
128,16,128,32768,117178
128,32,0,0,17.1197
128,32,1,16,23.072
128,32,1,32,23.1577
128,32,1,64,23.2423
128,32,1,128,23.872
128,32,1,256,26.9333
128,32,1,512,33.9413
128,32,1,1024,47.7867
128,32,1,2048,76.1173
128,32,1,4096,133.451
128,32,1,8192,245.803
128,32,1,16384,471.927
128,32,1,32768,934.906
128,32,2,16,23.7433
128,32,2,32,23.584
128,32,2,64,23.8183
128,32,2,128,25.579
128,32,2,256,31.8513
128,32,2,512,40.63
128,32,2,1024,55.019
128,32,2,2048,82.6987
128,32,2,4096,138.263
128,32,2,8192,250.647
128,32,2,16384,477.73
128,32,2,32768,942.095
128,32,4,16,29.0773
128,32,4,32,29.152
128,32,4,64,29.1843
128,32,4,128,33.344
128,32,4,256,40.5443
128,32,4,512,54.6453
128,32,4,1024,82.6243
128,32,4,2048,139.521
128,32,4,4096,253.9
128,32,4,8192,489.431
128,32,4,16384,960.292
128,32,4,32768,1906.73
128,32,8,16,36.8963
128,32,8,32,37.1417
128,32,8,64,37.3017
128,32,8,128,44.5863
128,32,8,256,58.379
128,32,8,512,86.6347
128,32,8,1024,143.595
128,32,8,2048,262.06
128,32,8,4096,503.703
128,32,8,8192,988.323
128,32,8,16384,2039.41
128,32,8,32768,4129.33
128,32,16,16,53.9847
128,32,16,32,54.859
128,32,16,64,55.6163
128,32,16,128,73.878
128,32,16,256,97.7393
128,32,16,512,147.852
128,32,16,1024,276.406
128,32,16,2048,501.486
128,32,16,4096,1073.84
128,32,16,8192,2363.2
128,32,16,16384,4880.09
128,32,16,32768,10086.2
128,32,32,16,88.3947
128,32,32,32,90.1973
128,32,32,64,91.7127
128,32,32,128,132.471
128,32,32,256,183.926
128,32,32,512,333.548
128,32,32,1024,638.391
128,32,32,2048,1385.78
128,32,32,4096,3229.71
128,32,32,8192,6635.76
128,32,32,16384,12771.3
128,32,32,32768,26641.9
128,32,64,16,159.457
128,32,64,32,162.923
128,32,64,64,166.273
128,32,64,128,255.66
128,32,64,256,464.194
128,32,64,512,946.753
128,32,64,1024,1804.43
128,32,64,2048,3634.13
128,32,64,4096,7264.31
128,32,64,8192,14515.9
128,32,64,16384,29001.2
128,32,64,32768,58062.3
128,32,128,16,303.51
128,32,128,32,309.708
128,32,128,64,318.113
128,32,128,128,548.066
128,32,128,256,974.831
128,32,128,512,1900.51
128,32,128,1024,3721.68
128,32,128,2048,7396.28
128,32,128,4096,14712.6
128,32,128,8192,29348.8
128,32,128,16384,58628.9
128,32,128,32768,117201
128,64,0,0,17.2907
128,64,1,16,23.0933
128,64,1,32,23.232
128,64,1,64,23.339
128,64,1,128,23.7227
128,64,1,256,26.9547
128,64,1,512,34.0053
128,64,1,1024,48.075
128,64,1,2048,76.3523
128,64,1,4096,133.579
128,64,1,8192,243.457
128,64,1,16384,472.141
128,64,1,32768,934.766
128,64,2,16,23.787
128,64,2,32,23.808
128,64,2,64,23.947
128,64,2,128,25.6857
128,64,2,256,31.8297
128,64,2,512,40.7683
128,64,2,1024,54.5387
128,64,2,2048,82.6673
128,64,2,4096,139.041
128,64,2,8192,253.068
128,64,2,16384,478.243
128,64,2,32768,942.127
128,64,4,16,28.9497
128,64,4,32,29.2907
128,64,4,64,29.408
128,64,4,128,33.58
128,64,4,256,40.5867
128,64,4,512,54.4747
128,64,4,1024,82.476
128,64,4,2048,140.534
128,64,4,4096,254.657
128,64,4,8192,490.53
128,64,4,16384,962.051
128,64,4,32768,1909.02
128,64,8,16,36.9283
128,64,8,32,37.3767
128,64,8,64,37.4937
128,64,8,128,44.9817
128,64,8,256,58.3683
128,64,8,512,86.3897
128,64,8,1024,144.246
128,64,8,2048,261.484
128,64,8,4096,503.255
128,64,8,8192,1008.18
128,64,8,16384,2049.12
128,64,8,32768,4190.72
128,64,16,16,54.5597
128,64,16,32,54.806
128,64,16,64,55.584
128,64,16,128,73.44
128,64,16,256,97.825
128,64,16,512,147.681
128,64,16,1024,275.991
128,64,16,2048,501.783
128,64,16,4096,1073.89
128,64,16,8192,2377.89
128,64,16,16384,4898.98
128,64,16,32768,10155.6
128,64,32,16,88.6507
128,64,32,32,90.2937
128,64,32,64,91.9257
128,64,32,128,132.118
128,64,32,256,184.15
128,64,32,512,330.487
128,64,32,1024,635.737
128,64,32,2048,1404.08
128,64,32,4096,3090.3
128,64,32,8192,6718.72
128,64,32,16384,12834.6
128,64,32,32768,25985.9
128,64,64,16,159.435
128,64,64,32,162.955
128,64,64,64,166.219
128,64,64,128,255.873
128,64,64,256,467.138
128,64,64,512,943.951
128,64,64,1024,1795.18
128,64,64,2048,3639.05
128,64,64,4096,7208.14
128,64,64,8192,14589.6
128,64,64,16384,29059.9
128,64,64,32768,58107.6
128,64,128,16,303.671
128,64,128,32,309.986
128,64,128,64,318.391
128,64,128,128,549.24
128,64,128,256,974.179
128,64,128,512,1900.89
128,64,128,1024,3723.62
128,64,128,2048,7393.69
128,64,128,4096,14707.6
128,64,128,8192,29360.4
128,64,128,16384,58635.5
128,64,128,32768,117198
128,128,0,0,18.0707
128,128,1,16,23.7653
128,128,1,32,23.9897
128,128,1,64,23.904
128,128,1,128,26.5393
128,128,1,256,31.0717
128,128,1,512,38.4537
128,128,1,1024,51.8723
128,128,1,2048,79.9253
128,128,1,4096,136.843
128,128,1,8192,247.586
128,128,1,16384,474.604
128,128,1,32768,935.012
128,128,2,16,25.088
128,128,2,32,25.3443
128,128,2,64,25.2807
128,128,2,128,27.3277
128,128,2,256,32.0107
128,128,2,512,45.9207
128,128,2,1024,62.251
128,128,2,2048,90.5293
128,128,2,4096,146.882
128,128,2,8192,259.916
128,128,2,16384,483.458
128,128,2,32768,942.735
128,128,4,16,29.6853
128,128,4,32,29.995
128,128,4,64,30.432
128,128,4,128,36.0003
128,128,4,256,43.125
128,128,4,512,57.547
128,128,4,1024,86.0697
128,128,4,2048,142.571
128,128,4,4096,256.129
128,128,4,8192,489.879
128,128,4,16384,960.218
128,128,4,32768,1905.47
128,128,8,16,39.1467
128,128,8,32,39.5413
128,128,8,64,39.5957
128,128,8,128,46.603
128,128,8,256,59.307
128,128,8,512,86.987
128,128,8,1024,143.468
128,128,8,2048,264.108
128,128,8,4096,503.906
128,128,8,8192,1001.7
128,128,8,16384,2062.66
128,128,8,32768,4231.78
128,128,16,16,56
128,128,16,32,56.7997
128,128,16,64,57.802
128,128,16,128,75.616
128,128,16,256,98.731
128,128,16,512,147.915
128,128,16,1024,278.753
128,128,16,2048,521.719
128,128,16,4096,1112.05
128,128,16,8192,2416.74
128,128,16,16384,5029.95
128,128,16,32768,9879.37
128,128,32,16,90.4653
128,128,32,32,92.0543
128,128,32,64,93.6433
128,128,32,128,134.593
128,128,32,256,188.684
128,128,32,512,329.548
128,128,32,1024,662.83
128,128,32,2048,1406.01
128,128,32,4096,3087.79
128,128,32,8192,6412.13
128,128,32,16384,12862.7
128,128,32,32768,26599.3
128,128,64,16,161.323
128,128,64,32,164.62
128,128,64,64,167.873
128,128,64,128,258.657
128,128,64,256,473.442
128,128,64,512,947.652
128,128,64,1024,1828.74
128,128,64,2048,3652.03
128,128,64,4096,7185.01
128,128,64,8192,14526.4
128,128,64,16384,29059.8
128,128,64,32768,58143.9
128,128,128,16,305.227
128,128,128,32,311.542
128,128,128,64,320.449
128,128,128,128,553.399
128,128,128,256,976.505
128,128,128,512,1902
128,128,128,1024,3725.93
128,128,128,2048,7396.13
128,128,128,4096,14706
128,128,128,8192,29359.1
128,128,128,16384,58643.9
128,128,128,32768,117183
128,256,0,0,21.685
128,256,1,16,27.4027
128,256,1,32,27.4027
128,256,1,64,27.616
128,256,1,128,30.592
128,256,1,256,34.2613
128,256,1,512,42.2187
128,256,1,1024,55.7863
128,256,1,2048,83.446
128,256,1,4096,140.972
128,256,1,8192,252.768
128,256,1,16384,478.914
128,256,1,32768,935.573
128,256,2,16,28.7147
128,256,2,32,29.0137
128,256,2,64,28.9493
128,256,2,128,32.0747
128,256,2,256,34.9547
128,256,2,512,45.9527
128,256,2,1024,69.8883
128,256,2,2048,97.7603
128,256,2,4096,153.772
128,256,2,8192,266.57
128,256,2,16384,491.33
128,256,2,32768,942.937
128,256,4,16,34.5493
128,256,4,32,34.5817
128,256,4,64,34.7953
128,256,4,128,40.0853
128,256,4,256,47.136
128,256,4,512,61.1207
128,256,4,1024,89.867
128,256,4,2048,146.838
128,256,4,4096,259.968
128,256,4,8192,490.05
128,256,4,16384,962.244
128,256,4,32768,1908.17
128,256,8,16,44.96
128,256,8,32,45.4397
128,256,8,64,45.6003
128,256,8,128,53.2483
128,256,8,256,61.771
128,256,8,512,87.5103
128,256,8,1024,143.146
128,256,8,2048,272.565
128,256,8,4096,515.522
128,256,8,8192,1028.66
128,256,8,16384,2077.18
128,256,8,32768,4263.3
128,256,16,16,61.8133
128,256,16,32,62.656
128,256,16,64,63.6267
128,256,16,128,81.515
128,256,16,256,101.302
128,256,16,512,149.057
128,256,16,1024,287.457
128,256,16,2048,565.732
128,256,16,4096,1170.65
128,256,16,8192,2552.03
128,256,16,16384,5188.25
128,256,16,32768,10808.5
128,256,32,16,96.3737
128,256,32,32,98.358
128,256,32,64,99.4453
128,256,32,128,137.824
128,256,32,256,192.587
128,256,32,512,337.037
128,256,32,1024,701.166
128,256,32,2048,1524.05
128,256,32,4096,3319.02
128,256,32,8192,6776.48
128,256,32,16384,12799.1
128,256,32,32768,26457.5
128,256,64,16,167.179
128,256,64,32,170.465
128,256,64,64,173.399
128,256,64,128,260.172
128,256,64,256,478.509
128,256,64,512,948.945
128,256,64,1024,1846.23
128,256,64,2048,3660.53
128,256,64,4096,7271.6
128,256,64,8192,14581.8
128,256,64,16384,28966.2
128,256,64,32768,58233.4
128,256,128,16,307.725
128,256,128,32,314.433
128,256,128,64,323.073
128,256,128,128,552.483
128,256,128,256,981.561
128,256,128,512,1904.62
128,256,128,1024,3724.71
128,256,128,2048,7395.99
128,256,128,4096,14716.1
128,256,128,8192,29372
128,256,128,16384,58648.1
128,256,128,32768,117192
128,512,0,0,28.9707
128,512,1,16,34.6137
128,512,1,32,34.6137
128,512,1,64,34.8057
128,512,1,128,38.2293
128,512,1,256,41.888
128,512,1,512,48.896
128,512,1,1024,64.117
128,512,1,2048,92.171
128,512,1,4096,148.02
128,512,1,8192,260.193
128,512,1,16384,483.767
128,512,1,32768,936.249
128,512,2,16,36.1177
128,512,2,32,36.2027
128,512,2,64,36.1497
128,512,2,128,39.6903
128,512,2,256,43.659
128,512,2,512,49.76
128,512,2,1024,75.2647
128,512,2,2048,113.344
128,512,2,4096,169.163
128,512,2,8192,283.447
128,512,2,16384,506.21
128,512,2,32768,955.322
128,512,4,16,46.1873
128,512,4,32,46.4323
128,512,4,64,46.55
128,512,4,128,48.4373
128,512,4,256,54.8267
128,512,4,512,68.651
128,512,4,1024,97.2587
128,512,4,2048,155.435
128,512,4,4096,270.903
128,512,4,8192,497.357
128,512,4,16384,967.919
128,512,4,32768,1920.8
128,512,8,16,54.251
128,512,8,32,54.155
128,512,8,64,54.7203
128,512,8,128,65.483
128,512,8,256,74.9233
128,512,8,512,90.1757
128,512,8,1024,145.089
128,512,8,2048,272.449
128,512,8,4096,530.274
128,512,8,8192,1092.52
128,512,8,16384,2191.64
128,512,8,32768,4587.85
128,512,16,16,72.544
128,512,16,32,73.632
128,512,16,64,74.2823
128,512,16,128,93.632
128,512,16,256,114.07
128,512,16,512,153.494
128,512,16,1024,259.532
128,512,16,2048,618.274
128,512,16,4096,1386.22
128,512,16,8192,2835.19
128,512,16,16384,5754.52
128,512,16,32768,11708.3
128,512,32,16,107.734
128,512,32,32,108.918
128,512,32,64,110.817
128,512,32,128,149.227
128,512,32,256,197.825
128,512,32,512,336.565
128,512,32,1024,649.475
128,512,32,2048,1640.59
128,512,32,4096,3387.87
128,512,32,8192,6858.71
128,512,32,16384,13480.5
128,512,32,32768,27415.4
128,512,64,16,178.721
128,512,64,32,181.888
128,512,64,64,185.002
128,512,64,128,268.918
128,512,64,256,481.069
128,512,64,512,949.093
128,512,64,1024,1845.5
128,512,64,2048,3671.31
128,512,64,4096,7288.11
128,512,64,8192,14532.1
128,512,64,16384,29078.8
128,512,64,32768,58217.8
128,512,128,16,318.924
128,512,128,32,324.929
128,512,128,64,332.929
128,512,128,128,562.871
128,512,128,256,988.793
128,512,128,512,1913.66
128,512,128,1024,3728.47
128,512,128,2048,7405.56
128,512,128,4096,14719.3
128,512,128,8192,29371.5
128,512,128,16384,58647.3
128,512,128,32768,117210
128,1024,0,0,43.616
128,1024,1,16,48.32
128,1024,1,32,48.6723
128,1024,1,64,48.4907
128,1024,1,128,51.8933
128,1024,1,256,56.4903
128,1024,1,512,63.8517
128,1024,1,1024,77.728
128,1024,1,2048,107.574
128,1024,1,4096,162.848
128,1024,1,8192,275.553
128,1024,1,16384,501.07
128,1024,1,32768,948.068
128,1024,2,16,50.1017
128,1024,2,32,50.0373
128,1024,2,64,50.6453
128,1024,2,128,53.8667
128,1024,2,256,57.6323
128,1024,2,512,65.43
128,1024,2,1024,80.235
128,1024,2,2048,133.227
128,1024,2,4096,199.894
128,1024,2,8192,319.895
128,1024,2,16384,552.41
128,1024,2,32768,1019.32
128,1024,4,16,60.6507
128,1024,4,32,60.6937
128,1024,4,64,60.758
128,1024,4,128,69.878
128,1024,4,256,76.5337
128,1024,4,512,83.1577
128,1024,4,1024,112.715
128,1024,4,2048,173.195
128,1024,4,4096,292.407
128,1024,4,8192,536.738
128,1024,4,16384,1020.98
128,1024,4,32768,2001.37
128,1024,8,16,75.499
128,1024,8,32,75.3067
128,1024,8,64,75.8403
128,1024,8,128,85.8457
128,1024,8,256,94.7417
128,1024,8,512,117.504
128,1024,8,1024,149.601
128,1024,8,2048,265.302
128,1024,8,4096,569.698
128,1024,8,8192,1162.09
128,1024,8,16384,2318.1
128,1024,8,32768,4653.89
128,1024,16,16,93.42
128,1024,16,32,94.262
128,1024,16,64,94.7843
128,1024,16,128,115.125
128,1024,16,256,135.157
128,1024,16,512,179.649
128,1024,16,1024,262.998
128,1024,16,2048,614.018
128,1024,16,4096,1433.87
128,1024,16,8192,2929.25
128,1024,16,16384,5961.65
128,1024,16,32768,12072.8
128,1024,32,16,128.822
128,1024,32,32,131.328
128,1024,32,64,132.833
128,1024,32,128,171.873
128,1024,32,256,222.891
128,1024,32,512,356.45
128,1024,32,1024,613.614
128,1024,32,2048,1606.62
128,1024,32,4096,3368.58
128,1024,32,8192,6884.42
128,1024,32,16384,13705
128,1024,32,32768,27578
128,1024,64,16,201.259
128,1024,64,32,204.62
128,1024,64,64,207.371
128,1024,64,128,292.375
128,1024,64,256,509.08
128,1024,64,512,970.66
128,1024,64,1024,1835.96
128,1024,64,2048,3688.37
128,1024,64,4096,7293.89
128,1024,64,8192,14621.4
128,1024,64,16384,29168.2
128,1024,64,32768,58285.9
128,1024,128,16,342.028
128,1024,128,32,348.588
128,1024,128,64,357.163
128,1024,128,128,583.319
128,1024,128,256,1001.45
128,1024,128,512,1929.83
128,1024,128,1024,3751.4
128,1024,128,2048,7416.81
128,1024,128,4096,14733.3
128,1024,128,8192,29404.5
128,1024,128,16384,58672
128,1024,128,32768,117227
128,2048,0,0,72.7687
128,2048,1,16,76.9173
128,2048,1,32,76.832
128,2048,1,64,77.1093
128,2048,1,128,80.5767
128,2048,1,256,84.2143
128,2048,1,512,91.6163
128,2048,1,1024,107.19
128,2048,1,2048,137.302
128,2048,1,4096,194.23
128,2048,1,8192,310.647
128,2048,1,16384,539.938
128,2048,1,32768,1005.52
128,2048,2,16,78.0053
128,2048,2,32,77.9957
128,2048,2,64,78.144
128,2048,2,128,81.7397
128,2048,2,256,86.187
128,2048,2,512,92.544
128,2048,2,1024,109.59
128,2048,2,2048,138.731
128,2048,2,4096,249.431
128,2048,2,8192,375.02
128,2048,2,16384,607.821
128,2048,2,32768,1075.93
128,2048,4,16,88.32
128,2048,4,32,88.9073
128,2048,4,64,88.6297
128,2048,4,128,98.4647
128,2048,4,256,109.12
128,2048,4,512,129.963
128,2048,4,1024,141.366
128,2048,4,2048,198.55
128,2048,4,4096,321.538
128,2048,4,8192,565.531
128,2048,4,16384,1052.83
128,2048,4,32768,2020.57
128,2048,8,16,104.823
128,2048,8,32,105.333
128,2048,8,64,105.707
128,2048,8,128,124.63
128,2048,8,256,134.966
128,2048,8,512,153.483
128,2048,8,1024,207.638
128,2048,8,2048,266.348
128,2048,8,4096,523.682
128,2048,8,8192,1173.02
128,2048,8,16384,2347.96
128,2048,8,32768,4802.39
128,2048,16,16,134.241
128,2048,16,32,133.942
128,2048,16,64,135.211
128,2048,16,128,155.744
128,2048,16,256,176.321
128,2048,16,512,216.341
128,2048,16,1024,328.822
128,2048,16,2048,476.056
128,2048,16,4096,1348.85
128,2048,16,8192,3000.16
128,2048,16,16384,5885.88
128,2048,16,32768,12095.5
128,2048,32,16,169.985
128,2048,32,32,172.651
128,2048,32,64,172.843
128,2048,32,128,215.584
128,2048,32,256,271.488
128,2048,32,512,416.789
128,2048,32,1024,679.736
128,2048,32,2048,1366.91
128,2048,32,4096,3326.67
128,2048,32,8192,6880.34
128,2048,32,16384,13638.9
128,2048,32,32768,27387.4
128,2048,64,16,245.057
128,2048,64,32,248.044
128,2048,64,64,251.446
128,2048,64,128,337.475
128,2048,64,256,569.901
128,2048,64,512,1030.15
128,2048,64,1024,1883.65
128,2048,64,2048,3699.84
128,2048,64,4096,7322.47
128,2048,64,8192,14581.6
128,2048,64,16384,29174.2
128,2048,64,32768,58312.1
128,2048,128,16,387.148
128,2048,128,32,394.028
128,2048,128,64,403.415
128,2048,128,128,631.298
128,2048,128,256,1052.93
128,2048,128,512,1968.42
128,2048,128,1024,3781.49
128,2048,128,2048,7449.78
128,2048,128,4096,14757.9
128,2048,128,8192,29436.2
128,2048,128,16384,58724.4
128,2048,128,32768,117274
128,4096,0,0,131.329
128,4096,1,16,132.939
128,4096,1,32,133.398
128,4096,1,64,133.707
128,4096,1,128,136.534
128,4096,1,256,140.758
128,4096,1,512,147.98
128,4096,1,1024,163.649
128,4096,1,2048,196.525
128,4096,1,4096,254.945
128,4096,1,8192,370.86
128,4096,1,16384,599.288
128,4096,1,32768,1067.72
128,4096,2,16,134.059
128,4096,2,32,133.921
128,4096,2,64,133.953
128,4096,2,128,138.017
128,4096,2,256,141.184
128,4096,2,512,148.801
128,4096,2,1024,165.825
128,4096,2,2048,197.899
128,4096,2,4096,256.609
128,4096,2,8192,487.65
128,4096,2,16384,720.366
128,4096,2,32768,1191.74
128,4096,4,16,144.364
128,4096,4,32,144.278
128,4096,4,64,145.057
128,4096,4,128,154.667
128,4096,4,256,165.185
128,4096,4,512,185.772
128,4096,4,1024,229.719
128,4096,4,2048,256.758
128,4096,4,4096,372.204
128,4096,4,8192,619.991
128,4096,4,16384,1116.46
128,4096,4,32768,2085.65
128,4096,8,16,160.043
128,4096,8,32,161.76
128,4096,8,64,161.856
128,4096,8,128,180.705
128,4096,8,256,202.582
128,4096,8,512,243.831
128,4096,8,1024,284.427
128,4096,8,2048,379.425
128,4096,8,4096,501.135
128,4096,8,8192,1116.66
128,4096,8,16384,2441.21
128,4096,8,32768,4753.34
128,4096,16,16,191.137
128,4096,16,32,192.727
128,4096,16,64,193.996
128,4096,16,128,230.145
128,4096,16,256,256.983
128,4096,16,512,309.805
128,4096,16,1024,411.031
128,4096,16,2048,624.152
128,4096,16,4096,1021.77
128,4096,16,8192,2951.92
128,4096,16,16384,5914.16
128,4096,16,32768,12372.1
128,4096,32,16,251.788
128,4096,32,32,252.161
128,4096,32,64,254.988
128,4096,32,128,296.727
128,4096,32,256,361.932
128,4096,32,512,534.763
128,4096,32,1024,822.329
128,4096,32,2048,1560.35
128,4096,32,4096,3207.35
128,4096,32,8192,6942.75
128,4096,32,16384,13518.7
128,4096,32,32768,27895.3
128,4096,64,16,328.332
128,4096,64,32,330.689
128,4096,64,64,334.978
128,4096,64,128,425.324
128,4096,64,256,677.817
128,4096,64,512,1122.69
128,4096,64,1024,2005.48
128,4096,64,2048,3762.22
128,4096,64,4096,7365.27
128,4096,64,8192,14705.1
128,4096,64,16384,29192.6
128,4096,64,32768,58364.9
128,4096,128,16,475.373
128,4096,128,32,483.106
128,4096,128,64,495.021
128,4096,128,128,730.308
128,4096,128,256,1159.22
128,4096,128,512,2078.71
128,4096,128,1024,3864.96
128,4096,128,2048,7511.4
128,4096,128,4096,14819.6
128,4096,128,8192,29482.3
128,4096,128,16384,58802.2
128,4096,128,32768,117354
128,8192,0,0,246.997
128,8192,1,16,246.444
128,8192,1,32,246.474
128,8192,1,64,246.764
128,8192,1,128,250.06
128,8192,1,256,253.452
128,8192,1,512,260.704
128,8192,1,1024,275.841
128,8192,1,2048,313.196
128,8192,1,4096,371.937
128,8192,1,8192,490.05
128,8192,1,16384,718.339
128,8192,1,32768,1185.31
128,8192,2,16,247.191
128,8192,2,32,246.892
128,8192,2,64,247.254
128,8192,2,128,249.622
128,8192,2,256,254.455
128,8192,2,512,260.642
128,8192,2,1024,276.898
128,8192,2,2048,314.7
128,8192,2,4096,375.255
128,8192,2,8192,491.968
128,8192,2,16384,945.113
128,8192,2,32768,1415.75
128,8192,4,16,256.182
128,8192,4,32,257.079
128,8192,4,64,256.632
128,8192,4,128,266.914
128,8192,4,256,277.26
128,8192,4,512,299.105
128,8192,4,1024,342.221
128,8192,4,2048,431.031
128,8192,4,4096,487.789
128,8192,4,8192,724.195
128,8192,4,16384,1209.8
128,8192,4,32768,2207.09
128,8192,8,16,273.953
128,8192,8,32,274.412
128,8192,8,64,275.639
128,8192,8,128,293.196
128,8192,8,256,315.105
128,8192,8,512,355.606
128,8192,8,1024,443.884
128,8192,8,2048,545.253
128,8192,8,4096,729.689
128,8192,8,8192,1062.7
128,8192,8,16384,2333.35
128,8192,8,32768,5113.89
128,8192,16,16,302.678
128,8192,16,32,305.495
128,8192,16,64,306.231
128,8192,16,128,343.062
128,8192,16,256,382.357
128,8192,16,512,465.004
128,8192,16,1024,569.133
128,8192,16,2048,785.977
128,8192,16,4096,1418.38
128,8192,16,8192,2609.98
128,8192,16,16384,5838.08
128,8192,16,32768,11945.2
128,8192,32,16,367.586
128,8192,32,32,369.303
128,8192,32,64,370.934
128,8192,32,128,446.028
128,8192,32,256,524.237
128,8192,32,512,728.195
128,8192,32,1024,1074.45
128,8192,32,2048,1826.26
128,8192,32,4096,3435.22
128,8192,32,8192,6816.83
128,8192,32,16384,13468.4
128,8192,32,32768,27681.4
128,8192,64,16,488.578
128,8192,64,32,493.656
128,8192,64,64,498.786
128,8192,64,128,601.059
128,8192,64,256,834.287
128,8192,64,512,1312.22
128,8192,64,1024,2195.85
128,8192,64,2048,3984.2
128,8192,64,4096,7490.12
128,8192,64,8192,14778.7
128,8192,64,16384,29340.4
128,8192,64,32768,58447.2
128,8192,128,16,645.645
128,8192,128,32,653.283
128,8192,128,64,669.719
128,8192,128,128,903.963
128,8192,128,256,1343.62
128,8192,128,512,2282.57
128,8192,128,1024,4077.46
128,8192,128,2048,7695.18
128,8192,128,4096,14937.3
128,8192,128,8192,29586
128,8192,128,16384,58923.2
128,8192,128,32768,117536
128,16384,0,0,477.612
128,16384,1,16,476.899
128,16384,1,32,477.314
128,16384,1,64,477.059
128,16384,1,128,477.197
128,16384,1,256,479.039
128,16384,1,512,486.209
128,16384,1,1024,500.908
128,16384,1,2048,543.231
128,16384,1,4096,603.085
128,16384,1,8192,721.923
128,16384,1,16384,953.507
128,16384,1,32768,1420.97
128,16384,2,16,477.687
128,16384,2,32,477.933
128,16384,2,64,477.923
128,16384,2,128,477.984
128,16384,2,256,478.82
128,16384,2,512,486.53
128,16384,2,1024,502.199
128,16384,2,2048,546.796
128,16384,2,4096,607.64
128,16384,2,8192,726.904
128,16384,2,16384,955.919
128,16384,2,32768,1857.2
128,16384,4,16,481.313
128,16384,4,32,482.295
128,16384,4,64,481.826
128,16384,4,128,489.944
128,16384,4,256,504.151
128,16384,4,512,524.407
128,16384,4,1024,569.623
128,16384,4,2048,663.076
128,16384,4,4096,838.584
128,16384,4,8192,948.879
128,16384,4,16384,1444.71
128,16384,4,32768,2429.66
128,16384,8,16,498.989
128,16384,8,32,500.876
128,16384,8,64,500.405
128,16384,8,128,517.613
128,16384,8,256,541.669
128,16384,8,512,580.856
128,16384,8,1024,675.413
128,16384,8,2048,848.387
128,16384,8,4096,1073.02
128,16384,8,8192,1479.48
128,16384,8,16384,2149.8
128,16384,8,32768,4774.8
128,16384,16,16,528.802
128,16384,16,32,530.679
128,16384,16,64,529.934
128,16384,16,128,568.548
128,16384,16,256,610.072
128,16384,16,512,690.264
128,16384,16,1024,874.212
128,16384,16,2048,1152.68
128,16384,16,4096,1660.34
128,16384,16,8192,3079.83
128,16384,16,16384,5169.96
128,16384,16,32768,12148.5
128,16384,32,16,592.163
128,16384,32,32,594.809
128,16384,32,64,595.448
128,16384,32,128,672.696
128,16384,32,256,766.726
128,16384,32,512,1010.86
128,16384,32,1024,1447.46
128,16384,32,2048,2256.59
128,16384,32,4096,3898.01
128,16384,32,8192,7179.92
128,16384,32,16384,13381.4
128,16384,32,32768,27502.4
128,16384,64,16,722.392
128,16384,64,32,727.182
128,16384,64,64,735.075
128,16384,64,128,901.305
128,16384,64,256,1111.82
128,16384,64,512,1613.83
128,16384,64,1024,2566.5
128,16384,64,2048,4376.52
128,16384,64,4096,7931.48
128,16384,64,8192,15126.4
128,16384,64,16384,29527.5
128,16384,64,32768,58684
128,16384,128,16,972.409
128,16384,128,32,982.201
128,16384,128,64,994.692
128,16384,128,128,1246.03
128,16384,128,256,1714.63
128,16384,128,512,2668.34
128,16384,128,1024,4493.67
128,16384,128,2048,8111.85
128,16384,128,4096,15316.4
128,16384,128,8192,29848.7
128,16384,128,16384,59107.7
128,16384,128,32768,117846
128,32768,0,0,940.895
128,32768,1,16,940.229
128,32768,1,32,940.462
128,32768,1,64,940.782
128,32768,1,128,940.441
128,32768,1,256,940.036
128,32768,1,512,940.953
128,32768,1,1024,953.06
128,32768,1,2048,1007.87
128,32768,1,4096,1069.86
128,32768,1,8192,1187.92
128,32768,1,16384,1423.31
128,32768,1,32768,1887.96
128,32768,2,16,940.655
128,32768,2,32,940.942
128,32768,2,64,941.476
128,32768,2,128,941.978
128,32768,2,256,940.644
128,32768,2,512,942.959
128,32768,2,1024,947.034
128,32768,2,2048,1011.29
128,32768,2,4096,1071.86
128,32768,2,8192,1191.6
128,32768,2,16384,1428.08
128,32768,2,32768,1894.66
128,32768,4,16,940.772
128,32768,4,32,940.773
128,32768,4,64,940.261
128,32768,4,128,941.487
128,32768,4,256,951.236
128,32768,4,512,975.813
128,32768,4,1024,1020.62
128,32768,4,2048,1131.05
128,32768,4,4096,1305.56
128,32768,4,8192,1650.6
128,32768,4,16384,1901.39
128,32768,4,32768,2878.89
128,32768,8,16,948.426
128,32768,8,32,949.806
128,32768,8,64,947.357
128,32768,8,128,972.793
128,32768,8,256,988.569
128,32768,8,512,1030.03
128,32768,8,1024,1137.47
128,32768,8,2048,1316.85
128,32768,8,4096,1654.84
128,32768,8,8192,2150.25
128,32768,8,16384,3009.24
128,32768,8,32768,4388.15
128,32768,16,16,982.083
128,32768,16,32,982.628
128,32768,16,64,982.885
128,32768,16,128,1024.89
128,32768,16,256,1062.85
128,32768,16,512,1146.22
128,32768,16,1024,1344.84
128,32768,16,2048,1695.1
128,32768,16,4096,2372.39
128,32768,16,8192,3615.12
128,32768,16,16384,6411.34
128,32768,16,32768,11183.1
128,32768,32,16,1047.17
128,32768,32,32,1045.69
128,32768,32,64,1051.52
128,32768,32,128,1120.59
128,32768,32,256,1226.63
128,32768,32,512,1476.89
128,32768,32,1024,2025.01
128,32768,32,2048,2954.48
128,32768,32,4096,4668.17
128,32768,32,8192,8030.58
128,32768,32,16384,14004.9
128,32768,32,32768,27180.4
128,32768,64,16,1179.37
128,32768,64,32,1178.17
128,32768,64,64,1185.25
128,32768,64,128,1369.98
128,32768,64,256,1632.34
128,32768,64,512,2206.65
128,32768,64,1024,3267.13
128,32768,64,2048,5135.37
128,32768,64,4096,8722.17
128,32768,64,8192,15863
128,32768,64,16384,30232.2
128,32768,64,32768,59462.8
128,32768,128,16,1480.59
128,32768,128,32,1485.09
128,32768,128,64,1498.54
128,32768,128,128,1862.64
128,32768,128,256,2352.67
128,32768,128,512,3394.49
128,32768,128,1024,5267.64
128,32768,128,2048,8942.91
128,32768,128,4096,16161
128,32768,128,8192,30589.9
128,32768,128,16384,59620.2
128,32768,128,32768,118169
256,0,0,0,29.28
256,0,1,16,29.8563
256,0,1,32,29.9947
256,0,1,64,30.155
256,0,1,128,30.3147
256,0,1,256,34.4107
256,0,1,512,43.6587
256,0,1,1024,57.3447
256,0,1,2048,85.0247
256,0,1,4096,140.704
256,0,1,8192,252.822
256,0,1,16384,477.719
256,0,1,32768,938.469
256,0,2,16,33.4723
256,0,2,32,34.208
256,0,2,64,34.336
256,0,2,128,36.5753
256,0,2,256,40.779
256,0,2,512,50.4537
256,0,2,1024,70.6027
256,0,2,2048,98.5923
256,0,2,4096,156.502
256,0,2,8192,267.82
256,0,2,16384,493.677
256,0,2,32768,944.718
256,0,4,16,38.9763
256,0,4,32,38.9657
256,0,4,64,39.168
256,0,4,128,42.8807
256,0,4,256,50.07
256,0,4,512,67.0937
256,0,4,1024,93.8343
256,0,4,2048,150.231
256,0,4,4096,264.267
256,0,4,8192,495.757
256,0,4,16384,964.762
256,0,4,32768,1908.21
256,0,8,16,49.1523
256,0,8,32,49.888
256,0,8,64,49.8783
256,0,8,128,58.39
256,0,8,256,72.2247
256,0,8,512,97.686
256,0,8,1024,150.668
256,0,8,2048,274.071
256,0,8,4096,522.435
256,0,8,8192,1030.28
256,0,8,16384,2084.45
256,0,8,32768,4184.73
256,0,16,16,69.7073
256,0,16,32,70.3893
256,0,16,64,70.9127
256,0,16,128,90.1127
256,0,16,256,114.112
256,0,16,512,161.569
256,0,16,1024,299.884
256,0,16,2048,576.621
256,0,16,4096,1153.24
256,0,16,8192,2469.1
256,0,16,16384,5082.4
256,0,16,32768,10391.4
256,0,32,16,109.846
256,0,32,32,111.094
256,0,32,64,112.619
256,0,32,128,153.537
256,0,32,256,201.441
256,0,32,512,409.857
256,0,32,1024,717.784
256,0,32,2048,1505.45
256,0,32,4096,3136.62
256,0,32,8192,6417.71
256,0,32,16384,13346.8
256,0,32,32768,26615.2
256,0,64,16,191.99
256,0,64,32,195.585
256,0,64,64,198.476
256,0,64,128,285.11
256,0,64,256,489.398
256,0,64,512,968.281
256,0,64,1024,1869.53
256,0,64,2048,3706.03
256,0,64,4096,7251.28
256,0,64,8192,14598
256,0,64,16384,29080.4
256,0,64,32768,58152.1
256,0,128,16,360.983
256,0,128,32,367.66
256,0,128,64,375.158
256,0,128,128,574.103
256,0,128,256,977.112
256,0,128,512,1905.48
256,0,128,1024,3729.48
256,0,128,2048,7402.56
256,0,128,4096,14719.3
256,0,128,8192,29366.2
256,0,128,16384,58648.4
256,0,128,32768,117208
256,16,0,0,32.7253
256,16,1,16,35.3607
256,16,1,32,34.987
256,16,1,64,35.1893
256,16,1,128,35.4557
256,16,1,256,36.3093
256,16,1,512,45.9623
256,16,1,1024,60.0747
256,16,1,2048,88.0537
256,16,1,4096,143.755
256,16,1,8192,255.393
256,16,1,16384,477.166
256,16,1,32768,938.17
256,16,2,16,37.5893
256,16,2,32,37.8347
256,16,2,64,37.8457
256,16,2,128,41.206
256,16,2,256,43.222
256,16,2,512,51.9253
256,16,2,1024,75.3707
256,16,2,2048,103.606
256,16,2,4096,160.236
256,16,2,8192,272.865
256,16,2,16384,498.84
256,16,2,32768,948.741
256,16,4,16,43.606
256,16,4,32,43.6267
256,16,4,64,43.5633
256,16,4,128,47.9683
256,16,4,256,52.224
256,16,4,512,69.2053
256,16,4,1024,97.494
256,16,4,2048,152.716
256,16,4,4096,267.681
256,16,4,8192,497.602
256,16,4,16384,964.368
256,16,4,32768,1905.03
256,16,8,16,54.1873
256,16,8,32,54.315
256,16,8,64,54.688
256,16,8,128,63.3813
256,16,8,256,74.347
256,16,8,512,100.448
256,16,8,1024,151.478
256,16,8,2048,280.15
256,16,8,4096,535.031
256,16,8,8192,1052.73
256,16,8,16384,2129.17
256,16,8,32768,4138.69
256,16,16,16,74.347
256,16,16,32,75.5417
256,16,16,64,76.0753
256,16,16,128,93.899
256,16,16,256,116.523
256,16,16,512,164.332
256,16,16,1024,301.677
256,16,16,2048,589.314
256,16,16,4096,1225.99
256,16,16,8192,2597.28
256,16,16,16384,5115.18
256,16,16,32768,11052.2
256,16,32,16,114.816
256,16,32,32,116.629
256,16,32,64,117.675
256,16,32,128,155.915
256,16,32,256,203.35
256,16,32,512,409.483
256,16,32,1024,741.637
256,16,32,2048,1517.08
256,16,32,4096,3132.6
256,16,32,8192,6569.62
256,16,32,16384,13162.4
256,16,32,32768,26180.3
256,16,64,16,196.278
256,16,64,32,200.225
256,16,64,64,202.231
256,16,64,128,286.859
256,16,64,256,480.631
256,16,64,512,969.027
256,16,64,1024,1874.23
256,16,64,2048,3700.25
256,16,64,4096,7237.55
256,16,64,8192,14598.9
256,16,64,16384,28973.2
256,16,64,32768,58173.5
256,16,128,16,364.108
256,16,128,32,370.177
256,16,128,64,376.855
256,16,128,128,574.605
256,16,128,256,978.295
256,16,128,512,1905.28
256,16,128,1024,3728.87
256,16,128,2048,7406.68
256,16,128,4096,14716.8
256,16,128,8192,29372.1
256,16,128,16384,58654.7
256,16,128,32768,117198
256,32,0,0,32.7253
256,32,1,16,35.4027
256,32,1,32,35.808
256,32,1,64,35.3067
256,32,1,128,35.7547
256,32,1,256,36.267
256,32,1,512,45.9947
256,32,1,1024,59.712
256,32,1,2048,87.787
256,32,1,4096,143.413
256,32,1,8192,255.03
256,32,1,16384,477.506
256,32,1,32768,937.733
256,32,2,16,38.4433
256,32,2,32,38.2713
256,32,2,64,38.283
256,32,2,128,41.334
256,32,2,256,43.4567
256,32,2,512,51.5737
256,32,2,1024,75.0403
256,32,2,2048,103.916
256,32,2,4096,159.244
256,32,2,8192,272.78
256,32,2,16384,498.615
256,32,2,32768,947.429
256,32,4,16,43.477
256,32,4,32,43.9357
256,32,4,64,43.7873
256,32,4,128,47.776
256,32,4,256,52.5023
256,32,4,512,69.152
256,32,4,1024,97.131
256,32,4,2048,152.789
256,32,4,4096,266.54
256,32,4,8192,498.604
256,32,4,16384,964.922
256,32,4,32768,1906.87
256,32,8,16,54.304
256,32,8,32,54.7413
256,32,8,64,55.1043
256,32,8,128,63.627
256,32,8,256,74.571
256,32,8,512,100.746
256,32,8,1024,151.649
256,32,8,2048,278.071
256,32,8,4096,536.685
256,32,8,8192,1055.35
256,32,8,16384,2155.48
256,32,8,32768,4272.9
256,32,16,16,74.635
256,32,16,32,75.7117
256,32,16,64,76.3413
256,32,16,128,94.3577
256,32,16,256,116.545
256,32,16,512,164.257
256,32,16,1024,301.826
256,32,16,2048,589.251
256,32,16,4096,1198.12
256,32,16,8192,2601.22
256,32,16,16384,5307.62
256,32,16,32768,10606.2
256,32,32,16,115.317
256,32,32,32,116.876
256,32,32,64,117.803
256,32,32,128,155.958
256,32,32,256,204.033
256,32,32,512,413.837
256,32,32,1024,727.395
256,32,32,2048,1501.66
256,32,32,4096,3221.83
256,32,32,8192,6460.67
256,32,32,16384,12987.2
256,32,32,32768,26411.2
256,32,64,16,196.929
256,32,64,32,199.638
256,32,64,64,202.369
256,32,64,128,286.988
256,32,64,256,486.061
256,32,64,512,969.433
256,32,64,1024,1876.85
256,32,64,2048,3696.06
256,32,64,4096,7275.64
256,32,64,8192,14575.1
256,32,64,16384,29106
256,32,64,32768,58190.1
256,32,128,16,363.692
256,32,128,32,369.964
256,32,128,64,377.377
256,32,128,128,576.215
256,32,128,256,978.788
256,32,128,512,1907.24
256,32,128,1024,3729.2
256,32,128,2048,7402.9
256,32,128,4096,14724.9
256,32,128,8192,29385.5
256,32,128,16384,58652
256,32,128,32768,117204
256,64,0,0,32.8427
256,64,1,16,35.4453
256,64,1,32,35.808
256,64,1,64,35.531
256,64,1,128,36.064
256,64,1,256,36.3417
256,64,1,512,45.984
256,64,1,1024,60.1503
256,64,1,2048,87.594
256,64,1,4096,143.447
256,64,1,8192,255.02
256,64,1,16384,478.914
256,64,1,32768,938.778
256,64,2,16,37.9837
256,64,2,32,38.2613
256,64,2,64,38.2507
256,64,2,128,41.248
256,64,2,256,43.4883
256,64,2,512,52.224
256,64,2,1024,75.4033
256,64,2,2048,103.382
256,64,2,4096,160.15
256,64,2,8192,271.98
256,64,2,16384,497.731
256,64,2,32768,951.588
256,64,4,16,43.542
256,64,4,32,43.6693
256,64,4,64,43.851
256,64,4,128,48.2987
256,64,4,256,52.4053
256,64,4,512,68.9817
256,64,4,1024,97.1847
256,64,4,2048,152.727
256,64,4,4096,267.297
256,64,4,8192,497.422
256,64,4,16384,966.074
256,64,4,32768,1906.86
256,64,8,16,54.6777
256,64,8,32,54.9443
256,64,8,64,54.954
256,64,8,128,63.6797
256,64,8,256,74.4637
256,64,8,512,100.587
256,64,8,1024,151.179
256,64,8,2048,280.865
256,64,8,4096,538.22
256,64,8,8192,1066.36
256,64,8,16384,2065.23
256,64,8,32768,4282.56
256,64,16,16,74.944
256,64,16,32,75.574
256,64,16,64,76.0857
256,64,16,128,94.7953
256,64,16,256,116.15
256,64,16,512,164.428
256,64,16,1024,306.508
256,64,16,2048,596.334
256,64,16,4096,1249.86
256,64,16,8192,2570.05
256,64,16,16384,5256.28
256,64,16,32768,10972.6
256,64,32,16,115.126
256,64,32,32,116.608
256,64,32,64,117.824
256,64,32,128,155.841
256,64,32,256,203.478
256,64,32,512,409.197
256,64,32,1024,734.595
256,64,32,2048,1548.7
256,64,32,4096,3209.01
256,64,32,8192,6692.61
256,64,32,16384,13205.5
256,64,32,32768,26393.3
256,64,64,16,197.121
256,64,64,32,200.428
256,64,64,64,202.945
256,64,64,128,287.095
256,64,64,256,486.093
256,64,64,512,971.513
256,64,64,1024,1875.88
256,64,64,2048,3710.47
256,64,64,4096,7274.97
256,64,64,8192,14618.1
256,64,64,16384,29123.6
256,64,64,32768,58153.9
256,64,128,16,363.756
256,64,128,32,369.965
256,64,128,64,377.057
256,64,128,128,575.074
256,64,128,256,980.27
256,64,128,512,1905.39
256,64,128,1024,3734.47
256,64,128,2048,7405.84
256,64,128,4096,14727.1
256,64,128,8192,29375.9
256,64,128,16384,58652
256,64,128,32768,117191
256,128,0,0,35.872
256,128,1,16,36.8537
256,128,1,32,37.0557
256,128,1,64,36.9497
256,128,1,128,37.3763
256,128,1,256,37.4943
256,128,1,512,48.1173
256,128,1,1024,64.4907
256,128,1,2048,92.4163
256,128,1,4096,148.267
256,128,1,8192,258.817
256,128,1,16384,485.026
256,128,1,32768,938.489
256,128,2,16,40.5653
256,128,2,32,40.619
256,128,2,64,40.8753
256,128,2,128,44.3627
256,128,2,256,47.3707
256,128,2,512,55.2857
256,128,2,1024,78.2193
256,128,2,2048,108.896
256,128,2,4096,166.165
256,128,2,8192,277.847
256,128,2,16384,505.773
256,128,2,32768,955.012
256,128,4,16,46.3683
256,128,4,32,46.3787
256,128,4,64,46.6877
256,128,4,128,51.232
256,128,4,256,57.302
256,128,4,512,71.019
256,128,4,1024,101.942
256,128,4,2048,157.28
256,128,4,4096,269.729
256,128,4,8192,502.244
256,128,4,16384,967.14
256,128,4,32768,1907.2
256,128,8,16,57.132
256,128,8,32,57.6
256,128,8,64,57.5363
256,128,8,128,66.8163
256,128,8,256,76.8323
256,128,8,512,103.627
256,128,8,1024,155.499
256,128,8,2048,286.796
256,128,8,4096,555.234
256,128,8,8192,1081.57
256,128,8,16384,2198.53
256,128,8,32768,4278.58
256,128,16,16,77.9733
256,128,16,32,78.422
256,128,16,64,78.731
256,128,16,128,97.483
256,128,16,256,119.093
256,128,16,512,167.904
256,128,16,1024,296.236
256,128,16,2048,614.733
256,128,16,4096,1238.72
256,128,16,8192,2659.36
256,128,16,16384,5236.46
256,128,16,32768,10996.8
256,128,32,16,118.336
256,128,32,32,119.425
256,128,32,64,121.014
256,128,32,128,159.307
256,128,32,256,207.105
256,128,32,512,413.42
256,128,32,1024,761.988
256,128,32,2048,1589.71
256,128,32,4096,3282.44
256,128,32,8192,6617.9
256,128,32,16384,13191.7
256,128,32,32768,26501.6
256,128,64,16,199.745
256,128,64,32,202.774
256,128,64,64,205.953
256,128,64,128,290.445
256,128,64,256,495.618
256,128,64,512,969.999
256,128,64,1024,1879.19
256,128,64,2048,3701.61
256,128,64,4096,7348.34
256,128,64,8192,14607.5
256,128,64,16384,29185.7
256,128,64,32768,58263.8
256,128,128,16,366.295
256,128,128,32,372.855
256,128,128,64,380.3
256,128,128,128,580.238
256,128,128,256,983.961
256,128,128,512,1909.27
256,128,128,1024,3727.5
256,128,128,2048,7405.48
256,128,128,4096,14726.7
256,128,128,8192,29373.8
256,128,128,16384,58659.7
256,128,128,32768,117212
256,256,0,0,43.0827
256,256,1,16,43.5413
256,256,1,32,43.542
256,256,1,64,43.9253
256,256,1,128,44.1287
256,256,1,256,44.0217
256,256,1,512,48.416
256,256,1,1024,72.576
256,256,1,2048,99.936
256,256,1,4096,155.062
256,256,1,8192,266.188
256,256,1,16384,494.659
256,256,1,32768,939.365
256,256,2,16,47.253
256,256,2,32,47.499
256,256,2,64,47.552
256,256,2,128,50.9233
256,256,2,256,54.528
256,256,2,512,62.7203
256,256,2,1024,78.976
256,256,2,2048,119.275
256,256,2,4096,175.873
256,256,2,8192,288.321
256,256,2,16384,514.188
256,256,2,32768,964.729
256,256,4,16,53.664
256,256,4,32,53.9093
256,256,4,64,53.9627
256,256,4,128,58.464
256,256,4,256,63.1467
256,256,4,512,76.6083
256,256,4,1024,109.527
256,256,4,2048,165.216
256,256,4,4096,276.876
256,256,4,8192,504.728
256,256,4,16384,969.571
256,256,4,32768,1916.17
256,256,8,16,64.6827
256,256,8,32,64.8423
256,256,8,64,64.9177
256,256,8,128,74.603
256,256,8,256,84.491
256,256,8,512,108.555
256,256,8,1024,162.699
256,256,8,2048,307.063
256,256,8,4096,591.726
256,256,8,8192,1147.46
256,256,8,16384,2241.55
256,256,8,32768,4633.37
256,256,16,16,85.4727
256,256,16,32,86.4323
256,256,16,64,86.9227
256,256,16,128,106.144
256,256,16,256,126.112
256,256,16,512,171.489
256,256,16,1024,311.425
256,256,16,2048,632.481
256,256,16,4096,1345.37
256,256,16,8192,2678.98
256,256,16,16384,5552.62
256,256,16,32768,11409.3
256,256,32,16,126.465
256,256,32,32,128.118
256,256,32,64,128.853
256,256,32,128,167.222
256,256,32,256,213.025
256,256,32,512,390.828
256,256,32,1024,794.927
256,256,32,2048,1669.91
256,256,32,4096,3403.08
256,256,32,8192,6886.09
256,256,32,16384,13703.2
256,256,32,32768,27102.5
256,256,64,16,208.492
256,256,64,32,211.19
256,256,64,64,214.316
256,256,64,128,295.82
256,256,64,256,493.879
256,256,64,512,973.348
256,256,64,1024,1879.06
256,256,64,2048,3712.58
256,256,64,4096,7340.61
256,256,64,8192,14661.3
256,256,64,16384,29224.3
256,256,64,32768,58313.8
256,256,128,16,372.225
256,256,128,32,378.177
256,256,128,64,385.761
256,256,128,128,582.648
256,256,128,256,983.737
256,256,128,512,1912.82
256,256,128,1024,3733.98
256,256,128,2048,7407.8
256,256,128,4096,14719.7
256,256,128,8192,29385.2
256,256,128,16384,58666.8
256,256,128,32768,117212
256,512,0,0,57.2697
256,512,1,16,57.5147
256,512,1,32,57.6427
256,512,1,64,57.93
256,512,1,128,57.525
256,512,1,256,57.8887
256,512,1,512,58.038
256,512,1,1024,77.1097
256,512,1,2048,114.005
256,512,1,4096,170.23
256,512,1,8192,282.198
256,512,1,16384,504.237
256,512,1,32768,948.688
256,512,2,16,61.4943
256,512,2,32,61.0663
256,512,2,64,61.312
256,512,2,128,64.555
256,512,2,256,68.8527
256,512,2,512,76.3417
256,512,2,1024,90.87
256,512,2,2048,136.139
256,512,2,4096,196.119
256,512,2,8192,309.292
256,512,2,16384,536.759
256,512,2,32768,990.168
256,512,4,16,67.051
256,512,4,32,67.3173
256,512,4,64,67.5837
256,512,4,128,74.6887
256,512,4,256,79.232
256,512,4,512,89.9627
256,512,4,1024,115.392
256,512,4,2048,180.257
256,512,4,4096,293.708
256,512,4,8192,517.186
256,512,4,16384,979.704
256,512,4,32768,1917.67
256,512,8,16,79.8307
256,512,8,32,79.563
256,512,8,64,80.2457
256,512,8,128,90.1113
256,512,8,256,100.256
256,512,8,512,119.947
256,512,8,1024,172.598
256,512,8,2048,307.318
256,512,8,4096,639.235
256,512,8,8192,1253.56
256,512,8,16384,2427.01
256,512,8,32768,4797.7
256,512,16,16,100.556
256,512,16,32,101.77
256,512,16,64,102.155
256,512,16,128,122.091
256,512,16,256,141.899
256,512,16,512,183.307
256,512,16,1024,315.299
256,512,16,2048,752.238
256,512,16,4096,1438.45
256,512,16,8192,2983.86
256,512,16,16384,6036.12
256,512,16,32768,12218
256,512,32,16,142.08
256,512,32,32,143.926
256,512,32,64,144.641
256,512,32,128,184.151
256,512,32,256,226.828
256,512,32,512,379.895
256,512,32,1024,795.963
256,512,32,2048,1764.78
256,512,32,4096,3507.08
256,512,32,8192,6900.1
256,512,32,16384,14067.7
256,512,32,32768,28077.3
256,512,64,16,224.129
256,512,64,32,227.724
256,512,64,64,230.38
256,512,64,128,311.543
256,512,64,256,506.744
256,512,64,512,979.727
256,512,64,1024,1889.64
256,512,64,2048,3722.62
256,512,64,4096,7349.24
256,512,64,8192,14658
256,512,64,16384,29227.8
256,512,64,32768,58401.4
256,512,128,16,388.919
256,512,128,32,394.796
256,512,128,64,402.445
256,512,128,128,596.802
256,512,128,256,992.26
256,512,128,512,1922.61
256,512,128,1024,3743.72
256,512,128,2048,7412.84
256,512,128,4096,14732.6
256,512,128,8192,29392.3
256,512,128,16384,58678.2
256,512,128,32768,117242
256,1024,0,0,85.707
256,1024,1,16,85.1847
256,1024,1,32,85.238
256,1024,1,64,85.3233
256,1024,1,128,85.3337
256,1024,1,256,85.0667
256,1024,1,512,85.408
256,1024,1,1024,86.0267
256,1024,1,2048,133.227
256,1024,1,4096,197.717
256,1024,1,8192,309.389
256,1024,1,16384,533.975
256,1024,1,32768,986.452
256,1024,2,16,89.2273
256,1024,2,32,89.3447
256,1024,2,64,88.9927
256,1024,2,128,92.534
256,1024,2,256,96.4903
256,1024,2,512,104.278
256,1024,2,1024,118.924
256,1024,2,2048,147.35
256,1024,2,4096,238.859
256,1024,2,8192,357.271
256,1024,2,16384,590.689
256,1024,2,32768,1060.77
256,1024,4,16,94.24
256,1024,4,32,94.3263
256,1024,4,64,94.5923
256,1024,4,128,101.356
256,1024,4,256,109.015
256,1024,4,512,121.174
256,1024,4,1024,148.363
256,1024,4,2048,200.224
256,1024,4,4096,329.878
256,1024,4,8192,577.261
256,1024,4,16384,1065.39
256,1024,4,32768,2042.64
256,1024,8,16,106.699
256,1024,8,32,107.648
256,1024,8,64,107.702
256,1024,8,128,119.947
256,1024,8,256,131.072
256,1024,8,512,149.9
256,1024,8,1024,191.691
256,1024,8,2048,325.558
256,1024,8,4096,637.955
256,1024,8,8192,1319.35
256,1024,8,16384,2653.88
256,1024,8,32768,5283.61
256,1024,16,16,130.102
256,1024,16,32,131.723
256,1024,16,64,132.524
256,1024,16,128,152.534
256,1024,16,256,174.316
256,1024,16,512,213.271
256,1024,16,1024,304.641
256,1024,16,2048,797.017
256,1024,16,4096,1550.97
256,1024,16,8192,2926.98
256,1024,16,16384,6003.18
256,1024,16,32768,12418.6
256,1024,32,16,173.494
256,1024,32,32,175.243
256,1024,32,64,175.745
256,1024,32,128,215.638
256,1024,32,256,259.575
256,1024,32,512,434.285
256,1024,32,1024,654.649
256,1024,32,2048,1758.74
256,1024,32,4096,3530.84
256,1024,32,8192,7073.69
256,1024,32,16384,14003.2
256,1024,32,32768,28182.6
256,1024,64,16,256.684
256,1024,64,32,260.311
256,1024,64,64,263.404
256,1024,64,128,344.333
256,1024,64,256,531.331
256,1024,64,512,999.61
256,1024,64,1024,1885.17
256,1024,64,2048,3736.95
256,1024,64,4096,7357.68
256,1024,64,8192,14688.6
256,1024,64,16384,29261
256,1024,64,32768,58414.8
256,1024,128,16,421.613
256,1024,128,32,427.852
256,1024,128,64,436.088
256,1024,128,128,626.285
256,1024,128,256,1008.03
256,1024,128,512,1936.51
256,1024,128,1024,3757.43
256,1024,128,2048,7427.99
256,1024,128,4096,14749.6
256,1024,128,8192,29414.6
256,1024,128,16384,58719.7
256,1024,128,32768,117264
256,2048,0,0,141.163
256,2048,1,16,140.566
256,2048,1,32,140.694
256,2048,1,64,140.662
256,2048,1,128,140.736
256,2048,1,256,141.014
256,2048,1,512,140.502
256,2048,1,1024,140.961
256,2048,1,2048,143.819
256,2048,1,4096,245.249
256,2048,1,8192,372.182
256,2048,1,16384,602.808
256,2048,1,32768,1064.16
256,2048,2,16,144.438
256,2048,2,32,145.046
256,2048,2,64,144.854
256,2048,2,128,148.395
256,2048,2,256,152.192
256,2048,2,512,159.542
256,2048,2,1024,174.742
256,2048,2,2048,203.691
256,2048,2,4096,260.236
256,2048,2,8192,440.215
256,2048,2,16384,674.294
256,2048,2,32768,1143.67
256,2048,4,16,149.578
256,2048,4,32,150.476
256,2048,4,64,149.729
256,2048,4,128,154.497
256,2048,4,256,157.985
256,2048,4,512,178.338
256,2048,4,1024,204.756
256,2048,4,2048,261.964
256,2048,4,4096,376.162
256,2048,4,8192,626.659
256,2048,4,16384,1124.15
256,2048,4,32768,2101.83
256,2048,8,16,161.376
256,2048,8,32,161.878
256,2048,8,64,161.772
256,2048,8,128,172.694
256,2048,8,256,184.704
256,2048,8,512,208.001
256,2048,8,1024,252.224
256,2048,8,2048,335.864
256,2048,8,4096,619.298
256,2048,8,8192,1347.38
256,2048,8,16384,2681.98
256,2048,8,32768,5804.36
256,2048,16,16,185.217
256,2048,16,32,186.337
256,2048,16,64,186.816
256,2048,16,128,211.318
256,2048,16,256,234.476
256,2048,16,512,277.707
256,2048,16,1024,371.107
256,2048,16,2048,544.845
256,2048,16,4096,1566.27
256,2048,16,8192,3143.29
256,2048,16,16384,6103.44
256,2048,16,32768,12595.9
256,2048,32,16,233.484
256,2048,32,32,234.316
256,2048,32,64,235.084
256,2048,32,128,278.327
256,2048,32,256,322.38
256,2048,32,512,490.669
256,2048,32,1024,793.667
256,2048,32,2048,1529.4
256,2048,32,4096,3541.25
256,2048,32,8192,7012.93
256,2048,32,16384,14131.1
256,2048,32,32768,28134.2
256,2048,64,16,318.988
256,2048,64,32,322.678
256,2048,64,64,326.092
256,2048,64,128,409.442
256,2048,64,256,590.072
256,2048,64,512,1050.65
256,2048,64,1024,1930.55
256,2048,64,2048,3729.83
256,2048,64,4096,7404.85
256,2048,64,8192,14717.5
256,2048,64,16384,29326.8
256,2048,64,32768,58475.2
256,2048,128,16,486.274
256,2048,128,32,491.426
256,2048,128,64,502.274
256,2048,128,128,693.315
256,2048,128,256,1058.23
256,2048,128,512,1976.44
256,2048,128,1024,3788
256,2048,128,2048,7470.05
256,2048,128,4096,14786.1
256,2048,128,8192,29461.4
256,2048,128,16384,58771
256,2048,128,32768,117344
256,4096,0,0,253.496
256,4096,1,16,251.971
256,4096,1,32,252.055
256,4096,1,64,251.937
256,4096,1,128,252.267
256,4096,1,256,252.503
256,4096,1,512,252.438
256,4096,1,1024,252.694
256,4096,1,2048,253.537
256,4096,1,4096,261.27
256,4096,1,8192,480.578
256,4096,1,16384,716.366
256,4096,1,32768,1183.17
256,4096,2,16,255.851
256,4096,2,32,256.15
256,4096,2,64,256.129
256,4096,2,128,259.212
256,4096,2,256,262.892
256,4096,2,512,270.766
256,4096,2,1024,286.124
256,4096,2,2048,321.058
256,4096,2,4096,372.758
256,4096,2,8192,493.848
256,4096,2,16384,843.001
256,4096,2,32768,1312.97
256,4096,4,16,260.566
256,4096,4,32,260.684
256,4096,4,64,260.758
256,4096,4,128,265.27
256,4096,4,256,268.577
256,4096,4,512,276.076
256,4096,4,1024,319.724
256,4096,4,2048,373.614
256,4096,4,4096,493.719
256,4096,4,8192,730.627
256,4096,4,16384,1220.62
256,4096,4,32768,2226.48
256,4096,8,16,272.599
256,4096,8,32,272.695
256,4096,8,64,273.249
256,4096,8,128,282.988
256,4096,8,256,294.401
256,4096,8,512,318.252
256,4096,8,1024,371.746
256,4096,8,2048,453.218
256,4096,8,4096,626.264
256,4096,8,8192,1281.57
256,4096,8,16384,2804.99
256,4096,8,32768,5893.06
256,4096,16,16,294.934
256,4096,16,32,297.163
256,4096,16,64,296.471
256,4096,16,128,319.447
256,4096,16,256,346.368
256,4096,16,512,397.773
256,4096,16,1024,502.989
256,4096,16,2048,719.108
256,4096,16,4096,1124.4
256,4096,16,8192,3266.93
256,4096,16,16384,6357.82
256,4096,16,32768,12645.2
256,4096,32,16,345.485
256,4096,32,32,345.804
256,4096,32,64,348.503
256,4096,32,128,396.631
256,4096,32,256,443.712
256,4096,32,512,629.037
256,4096,32,1024,936.292
256,4096,32,2048,1687.34
256,4096,32,4096,3334.86
256,4096,32,8192,7071.6
256,4096,32,16384,14168.5
256,4096,32,32768,28179.6
256,4096,64,16,440.61
256,4096,64,32,443.48
256,4096,64,64,447.618
256,4096,64,128,536.141
256,4096,64,256,695.704
256,4096,64,512,1151.92
256,4096,64,1024,2032.46
256,4096,64,2048,3817.22
256,4096,64,4096,7391.31
256,4096,64,8192,14807
256,4096,64,16384,29424.1
256,4096,64,32768,58566.7
256,4096,128,16,612.941
256,4096,128,32,621.207
256,4096,128,64,632.526
256,4096,128,128,821.198
256,4096,128,256,1166.05
256,4096,128,512,2079.38
256,4096,128,1024,3865.78
256,4096,128,2048,7512.28
256,4096,128,4096,14845.7
256,4096,128,8192,29520.1
256,4096,128,16384,58870.3
256,4096,128,32768,117471
256,8192,0,0,476.098
256,8192,1,16,476.504
256,8192,1,32,475.223
256,8192,1,64,475.639
256,8192,1,128,476.237
256,8192,1,256,475.031
256,8192,1,512,475.981
256,8192,1,1024,476.067
256,8192,1,2048,476.514
256,8192,1,4096,492.674
256,8192,1,8192,496.024
256,8192,1,16384,941.165
256,8192,1,32768,1404.59
256,8192,2,16,477.901
256,8192,2,32,478.157
256,8192,2,64,477.859
256,8192,2,128,481.346
256,8192,2,256,485.08
256,8192,2,512,492.688
256,8192,2,1024,507.935
256,8192,2,2048,542.078
256,8192,2,4096,607.381
256,8192,2,8192,715.353
256,8192,2,16384,950.815
256,8192,2,32768,1646.59
256,8192,4,16,483.074
256,8192,4,32,482.755
256,8192,4,64,483.308
256,8192,4,128,488.077
256,8192,4,256,492.183
256,8192,4,512,499.736
256,8192,4,1024,515.948
256,8192,4,2048,607.513
256,8192,4,4096,708.11
256,8192,4,8192,949.978
256,8192,4,16384,1420.29
256,8192,4,32768,2445.85
256,8192,8,16,494.285
256,8192,8,32,495.607
256,8192,8,64,495.085
256,8192,8,128,505.919
256,8192,8,256,517.538
256,8192,8,512,539.992
256,8192,8,1024,590.841
256,8192,8,2048,690.436
256,8192,8,4096,859.687
256,8192,8,8192,1228.6
256,8192,8,16384,2714.66
256,8192,8,32768,5595.99
256,8192,16,16,520.407
256,8192,16,32,518.669
256,8192,16,64,520.258
256,8192,16,128,540.439
256,8192,16,256,563.394
256,8192,16,512,619.629
256,8192,16,1024,738.926
256,8192,16,2048,999.119
256,8192,16,4096,1545.55
256,8192,16,8192,2642.44
256,8192,16,16384,6488.66
256,8192,16,32768,12737.2
256,8192,32,16,565.515
256,8192,32,32,565.208
256,8192,32,64,568.771
256,8192,32,128,615.384
256,8192,32,256,674.361
256,8192,32,512,850.574
256,8192,32,1024,1185.36
256,8192,32,2048,1967.09
256,8192,32,4096,3540.47
256,8192,32,8192,6875.66
256,8192,32,16384,14095
256,8192,32,32768,28274.5
256,8192,64,16,665.592
256,8192,64,32,671.064
256,8192,64,64,672.984
256,8192,64,128,780.867
256,8192,64,256,921.181
256,8192,64,512,1343.27
256,8192,64,1024,2241.73
256,8192,64,2048,4014.16
256,8192,64,4096,7538.82
256,8192,64,8192,14826.3
256,8192,64,16384,29524
256,8192,64,32768,58791.8
256,8192,128,16,861.795
256,8192,128,32,869.347
256,8192,128,64,879.759
256,8192,128,128,1077.69
256,8192,128,256,1389.62
256,8192,128,512,2289.9
256,8192,128,1024,4084.72
256,8192,128,2048,7687.62
256,8192,128,4096,14955.7
256,8192,128,8192,29682.5
256,8192,128,16384,58996
256,8192,128,32768,117799
256,16384,0,0,922.915
256,16384,1,16,925.903
256,16384,1,32,922.883
256,16384,1,64,923.78
256,16384,1,128,924.415
256,16384,1,256,924.751
256,16384,1,512,924.333
256,16384,1,1024,923.795
256,16384,1,2048,925.955
256,16384,1,4096,925.145
256,16384,1,8192,946.597
256,16384,1,16384,960.815
256,16384,1,32768,1855.2
256,16384,2,16,925.967
256,16384,2,32,925.113
256,16384,2,64,925.775
256,16384,2,128,926.671
256,16384,2,256,929.155
256,16384,2,512,938.766
256,16384,2,1024,955.098
256,16384,2,2048,991.962
256,16384,2,4096,1053.36
256,16384,2,8192,1178.64
256,16384,2,16384,1395.54
256,16384,2,32768,1885.94
256,16384,4,16,930.937
256,16384,4,32,931.012
256,16384,4,64,929.988
256,16384,4,128,935.087
256,16384,4,256,938.565
256,16384,4,512,946.243
256,16384,4,1024,963.376
256,16384,4,2048,1001.05
256,16384,4,4096,1177.52
256,16384,4,8192,1376.78
256,16384,4,16384,1859.72
256,16384,4,32768,2869.19
256,16384,8,16,941.903
256,16384,8,32,941.381
256,16384,8,64,941.209
256,16384,8,128,953.594
256,16384,8,256,962.777
256,16384,8,512,985.881
256,16384,8,1024,1032.93
256,16384,8,2048,1132.72
256,16384,8,4096,1320.54
256,16384,8,8192,1718.37
256,16384,8,16384,2559.83
256,16384,8,32768,6011.61
256,16384,16,16,963.087
256,16384,16,32,963.899
256,16384,16,64,963.908
256,16384,16,128,987.29
256,16384,16,256,1009.01
256,16384,16,512,1058.05
256,16384,16,1024,1171.95
256,16384,16,2048,1496.92
256,16384,16,4096,2085.98
256,16384,16,8192,3420.78
256,16384,16,16384,5770.07
256,16384,16,32768,12974.5
256,16384,32,16,1008.11
256,16384,32,32,1009.31
256,16384,32,64,1011.88
256,16384,32,128,1058.49
256,16384,32,256,1110.04
256,16384,32,512,1264.95
256,16384,32,1024,1648.52
256,16384,32,2048,2395.28
256,16384,32,4096,4070.1
256,16384,32,8192,7139.67
256,16384,32,16384,14014.4
256,16384,32,32768,28529.4
256,16384,64,16,1108.52
256,16384,64,32,1111.83
256,16384,64,64,1115.75
256,16384,64,128,1220.04
256,16384,64,256,1384.18
256,16384,64,512,1769.76
256,16384,64,1024,2627.59
256,16384,64,2048,4435.72
256,16384,64,4096,7988.26
256,16384,64,8192,15174.5
256,16384,64,16384,29635.2
256,16384,64,32768,58993.4
256,16384,128,16,1326.19
256,16384,128,32,1330.5
256,16384,128,64,1343.04
256,16384,128,128,1565.48
256,16384,128,256,1845.09
256,16384,128,512,2688.57
256,16384,128,1024,4495.08
256,16384,128,2048,8119.65
256,16384,128,4096,15323.8
256,16384,128,8192,29917.9
256,16384,128,16384,59210
256,16384,128,32768,117994
256,32768,0,0,1828.9
256,32768,1,16,1828.74
256,32768,1,32,1828.19
256,32768,1,64,1830.32
256,32768,1,128,1830.24
256,32768,1,256,1828.46
256,32768,1,512,1827.66
256,32768,1,1024,1828.16
256,32768,1,2048,1831.28
256,32768,1,4096,1833.5
256,32768,1,8192,1834.89
256,32768,1,16384,1857.03
256,32768,1,32768,1899.52
256,32768,2,16,1829.41
256,32768,2,32,1829.93
256,32768,2,64,1827.44
256,32768,2,128,1828.93
256,32768,2,256,1829.28
256,32768,2,512,1835.11
256,32768,2,1024,1853.57
256,32768,2,2048,1897.79
256,32768,2,4096,1960.52
256,32768,2,8192,2083.87
256,32768,2,16384,2327.39
256,32768,2,32768,2771.64
256,32768,4,16,1829.11
256,32768,4,32,1831.48
256,32768,4,64,1831.55
256,32768,4,128,1835.65
256,32768,4,256,1840.89
256,32768,4,512,1849.92
256,32768,4,1024,1864.21
256,32768,4,2048,1904.87
256,32768,4,4096,1971.18
256,32768,4,8192,2326.32
256,32768,4,16384,2732.23
256,32768,4,32768,3689.34
256,32768,8,16,1843.54
256,32768,8,32,1842.18
256,32768,8,64,1843.45
256,32768,8,128,1850.83
256,32768,8,256,1862.55
256,32768,8,512,1882.76
256,32768,8,1024,1936.13
256,32768,8,2048,2047.56
256,32768,8,4096,2231.82
256,32768,8,8192,2589.8
256,32768,8,16384,3555.03
256,32768,8,32768,5011.68
256,32768,16,16,1863.11
256,32768,16,32,1862.56
256,32768,16,64,1863.67
256,32768,16,128,1884.13
256,32768,16,256,1908.5
256,32768,16,512,1963.09
256,32768,16,1024,2089.8
256,32768,16,2048,2265.9
256,32768,16,4096,2943.1
256,32768,16,8192,4274.9
256,32768,16,16384,6730.14
256,32768,16,32768,12420.4
256,32768,32,16,1911.83
256,32768,32,32,1913.99
256,32768,32,64,1911.08
256,32768,32,128,1956.1
256,32768,32,256,2014.12
256,32768,32,512,2168.4
256,32768,32,1024,2498.63
256,32768,32,2048,3311.22
256,32768,32,4096,4827.36
256,32768,32,8192,8161.43
256,32768,32,16384,14387.5
256,32768,32,32768,27896
256,32768,64,16,2010.4
256,32768,64,32,2018.22
256,32768,64,64,2019.99
256,32768,64,128,2125.81
256,32768,64,256,2274.15
256,32768,64,512,2615.77
256,32768,64,1024,3477.7
256,32768,64,2048,5197.09
256,32768,64,4096,8811.17
256,32768,64,8192,16031.2
256,32768,64,16384,30252.6
256,32768,64,32768,59475.7
256,32768,128,16,2227.5
256,32768,128,32,2233.14
256,32768,128,64,2241.44
256,32768,128,128,2467.85
256,32768,128,256,2758.43
256,32768,128,512,3564.03
256,32768,128,1024,5313.21
256,32768,128,2048,8939.15
256,32768,128,4096,16209.6
256,32768,128,8192,30644.6
256,32768,128,16384,59732.2
256,32768,128,32768,118620
512,0,0,0,63.1903
512,0,1,16,64.459
512,0,1,32,64.7463
512,0,1,64,65.0887
512,0,1,128,65.611
512,0,1,256,66.56
512,0,1,512,70.5287
512,0,1,1024,88.0647
512,0,1,2048,118.635
512,0,1,4096,173.739
512,0,1,8192,286.124
512,0,1,16384,506.776
512,0,1,32768,956.243
512,0,2,16,67.1793
512,0,2,32,67.4347
512,0,2,64,67.647
512,0,2,128,70.2187
512,0,2,256,73.227
512,0,2,512,79.648
512,0,2,1024,100.513
512,0,2,2048,142.155
512,0,2,4096,206.124
512,0,2,8192,318.444
512,0,2,16384,544.11
512,0,2,32768,996.996
512,0,4,16,74.8797
512,0,4,32,74.5493
512,0,4,64,74.346
512,0,4,128,79.158
512,0,4,256,84.405
512,0,4,512,97.1843
512,0,4,1024,128.95
512,0,4,2048,186.39
512,0,4,4096,299.051
512,0,4,8192,526.755
512,0,4,16384,992.079
512,0,4,32768,1941.14
512,0,8,16,87.9897
512,0,8,32,88.7683
512,0,8,64,88.1717
512,0,8,128,97.899
512,0,8,256,107.82
512,0,8,512,131.724
512,0,8,1024,184.278
512,0,8,2048,328.151
512,0,8,4096,627.502
512,0,8,8192,1185.09
512,0,8,16384,2310.09
512,0,8,32768,4641.05
512,0,16,16,114.442
512,0,16,32,115.19
512,0,16,64,115.947
512,0,16,128,134.603
512,0,16,256,155.35
512,0,16,512,202.817
512,0,16,1024,380.045
512,0,16,2048,759.886
512,0,16,4096,1440.84
512,0,16,8192,2726.28
512,0,16,16384,5795.63
512,0,16,32768,11426.3
512,0,32,16,167.243
512,0,32,32,168.811
512,0,32,64,169.825
512,0,32,128,208.63
512,0,32,256,252.748
512,0,32,512,472.812
512,0,32,1024,898.649
512,0,32,2048,1776.56
512,0,32,4096,3464.76
512,0,32,8192,7051.89
512,0,32,16384,13520.6
512,0,32,32768,27508.6
512,0,64,16,272.055
512,0,64,32,274.54
512,0,64,64,277.142
512,0,64,128,358.007
512,0,64,256,512.247
512,0,64,512,994.575
512,0,64,1024,1907.5
512,0,64,2048,3756.56
512,0,64,4096,7409.7
512,0,64,8192,14706.5
512,0,64,16384,29230.7
512,0,64,32768,58315.1
512,0,128,16,484.951
512,0,128,32,490.979
512,0,128,64,497.826
512,0,128,128,689.026
512,0,128,256,999.972
512,0,128,512,1926.41
512,0,128,1024,3748.86
512,0,128,2048,7427.65
512,0,128,4096,14748.4
512,0,128,8192,29410.4
512,0,128,16384,58688.6
512,0,128,32768,117267
512,16,0,0,70.1123
512,16,1,16,71.659
512,16,1,32,72.0427
512,16,1,64,71.616
512,16,1,128,72.6833
512,16,1,256,73.931
512,16,1,512,76.0537
512,16,1,1024,93.931
512,16,1,2048,124.555
512,16,1,4096,180.47
512,16,1,8192,292.374
512,16,1,16384,513.111
512,16,1,32768,958.01
512,16,2,16,74.859
512,16,2,32,74.8807
512,16,2,64,74.8593
512,16,2,128,77.622
512,16,2,256,80.3733
512,16,2,512,84.512
512,16,2,1024,106.86
512,16,2,2048,148.673
512,16,2,4096,215.468
512,16,2,8192,328.438
512,16,2,16384,554.039
512,16,2,32768,1004.9
512,16,4,16,81.9193
512,16,4,32,81.963
512,16,4,64,82.358
512,16,4,128,86.955
512,16,4,256,91.99
512,16,4,512,102.678
512,16,4,1024,133.238
512,16,4,2048,193.771
512,16,4,4096,305.699
512,16,4,8192,540.663
512,16,4,16384,1006.79
512,16,4,32768,1953.27
512,16,8,16,95.4353
512,16,8,32,96.0003
512,16,8,64,96.3097
512,16,8,128,105.686
512,16,8,256,115.329
512,16,8,512,137.547
512,16,8,1024,189.068
512,16,8,2048,339.276
512,16,8,4096,662.787
512,16,8,8192,1256.75
512,16,8,16384,2379.63
512,16,8,32768,4804.93
512,16,16,16,121.952
512,16,16,32,122.784
512,16,16,64,123.734
512,16,16,128,142.507
512,16,16,256,163.542
512,16,16,512,207.448
512,16,16,1024,366.06
512,16,16,2048,760.163
512,16,16,4096,1453.36
512,16,16,8192,2816.17
512,16,16,16384,5780.5
512,16,16,32768,11900.3
512,16,32,16,174.731
512,16,32,32,176.363
512,16,32,64,177.676
512,16,32,128,216.225
512,16,32,256,258.817
512,16,32,512,470.274
512,16,32,1024,906.766
512,16,32,2048,1790.64
512,16,32,4096,3496.13
512,16,32,8192,6933.83
512,16,32,16384,13826.3
512,16,32,32768,27797.4
512,16,64,16,279.681
512,16,64,32,282.017
512,16,64,64,285.057
512,16,64,128,363.606
512,16,64,256,510.766
512,16,64,512,993.988
512,16,64,1024,1913.7
512,16,64,2048,3754.55
512,16,64,4096,7411.61
512,16,64,8192,14714.1
512,16,64,16384,29286.4
512,16,64,32768,58346.7
512,16,128,16,489.986
512,16,128,32,495.757
512,16,128,64,502.573
512,16,128,128,694.615
512,16,128,256,1001.12
512,16,128,512,1926.37
512,16,128,1024,3747.55
512,16,128,2048,7432.11
512,16,128,4096,14755.8
512,16,128,8192,29417.5
512,16,128,16384,58694.8
512,16,128,32768,117230
512,32,0,0,70.251
512,32,1,16,72.0213
512,32,1,32,71.606
512,32,1,64,71.659
512,32,1,128,72.512
512,32,1,256,74.0597
512,32,1,512,75.873
512,32,1,1024,92.9497
512,32,1,2048,125.067
512,32,1,4096,179.937
512,32,1,8192,291.415
512,32,1,16384,512.002
512,32,1,32768,964.489
512,32,2,16,74.86
512,32,2,32,74.496
512,32,2,64,74.4323
512,32,2,128,76.9823
512,32,2,256,79.2327
512,32,2,512,84.9393
512,32,2,1024,107.093
512,32,2,2048,147.905
512,32,2,4096,215.351
512,32,2,8192,328.663
512,32,2,16384,554.411
512,32,2,32768,1003.85
512,32,4,16,82.112
512,32,4,32,82.2507
512,32,4,64,82.2407
512,32,4,128,87.1257
512,32,4,256,92.5547
512,32,4,512,102.721
512,32,4,1024,133.824
512,32,4,2048,193.868
512,32,4,4096,306.69
512,32,4,8192,536.109
512,32,4,16384,1008.55
512,32,4,32768,1966.94
512,32,8,16,95.4773
512,32,8,32,95.478
512,32,8,64,96.3313
512,32,8,128,105.493
512,32,8,256,115.713
512,32,8,512,137.814
512,32,8,1024,188.938
512,32,8,2048,347.734
512,32,8,4096,665.4
512,32,8,8192,1273.1
512,32,8,16384,2397.91
512,32,8,32768,4647.71
512,32,16,16,122.347
512,32,16,32,123.148
512,32,16,64,123.148
512,32,16,128,142.539
512,32,16,256,163.04
512,32,16,512,207.874
512,32,16,1024,371.425
512,32,16,2048,770.477
512,32,16,4096,1512.35
512,32,16,8192,2969.19
512,32,16,16384,5927.85
512,32,16,32768,11820.5
512,32,32,16,175.041
512,32,32,32,176.363
512,32,32,64,177.388
512,32,32,128,216.278
512,32,32,256,258.476
512,32,32,512,471.703
512,32,32,1024,904.971
512,32,32,2048,1796.5
512,32,32,4096,3544.28
512,32,32,8192,6968.72
512,32,32,16384,13848.2
512,32,32,32768,27475.3
512,32,64,16,279.415
512,32,64,32,282.828
512,32,64,64,284.961
512,32,64,128,363.938
512,32,64,256,507.746
512,32,64,512,995.417
512,32,64,1024,1912.82
512,32,64,2048,3763.85
512,32,64,4096,7414.31
512,32,64,8192,14726.2
512,32,64,16384,29296.2
512,32,64,32768,58399.3
512,32,128,16,490.093
512,32,128,32,496.237
512,32,128,64,502.989
512,32,128,128,695.171
512,32,128,256,1001.92
512,32,128,512,1927.1
512,32,128,1024,3753
512,32,128,2048,7437.17
512,32,128,4096,14754.2
512,32,128,8192,29423.2
512,32,128,16384,58698.3
512,32,128,32768,117256
512,64,0,0,69.6537
512,64,1,16,71.9253
512,64,1,32,71.488
512,64,1,64,72.0853
512,64,1,128,72.416
512,64,1,256,74.5387
512,64,1,512,75.744
512,64,1,1024,92.8757
512,64,1,2048,124.759
512,64,1,4096,179.83
512,64,1,8192,290.668
512,64,1,16384,512.556
512,64,1,32768,959.256
512,64,2,16,74.9333
512,64,2,32,75.061
512,64,2,64,74.912
512,64,2,128,77.3227
512,64,2,256,79.766
512,64,2,512,84.5663
512,64,2,1024,106.773
512,64,2,2048,149.185
512,64,2,4096,215.532
512,64,2,8192,329.922
512,64,2,16384,556.28
512,64,2,32768,1005.98
512,64,4,16,81.8247
512,64,4,32,82.1657
512,64,4,64,81.654
512,64,4,128,87.136
512,64,4,256,91.6907
512,64,4,512,102.348
512,64,4,1024,133.567
512,64,4,2048,193.377
512,64,4,4096,305.836
512,64,4,8192,539.127
512,64,4,16384,1010.33
512,64,4,32768,1960.24
512,64,8,16,95.019
512,64,8,32,95.6703
512,64,8,64,95.9257
512,64,8,128,105.324
512,64,8,256,115.873
512,64,8,512,137.58
512,64,8,1024,189.334
512,64,8,2048,343.841
512,64,8,4096,665.902
512,64,8,8192,1247
512,64,8,16384,2397.31
512,64,8,32768,4631.27
512,64,16,16,122.422
512,64,16,32,122.87
512,64,16,64,123.403
512,64,16,128,142.337
512,64,16,256,163.606
512,64,16,512,207.382
512,64,16,1024,376.268
512,64,16,2048,764.57
512,64,16,4096,1470.15
512,64,16,8192,2878.76
512,64,16,16384,5942.99
512,64,16,32768,12034.1
512,64,32,16,175.169
512,64,32,32,176.502
512,64,32,64,177.803
512,64,32,128,216.78
512,64,32,256,258.849
512,64,32,512,473.09
512,64,32,1024,916.985
512,64,32,2048,1806.48
512,64,32,4096,3532.38
512,64,32,8192,7022.9
512,64,32,16384,13777.3
512,64,32,32768,27459.8
512,64,64,16,280.204
512,64,64,32,282.817
512,64,64,64,285.164
512,64,64,128,363.853
512,64,64,256,506.648
512,64,64,512,996.444
512,64,64,1024,1914.63
512,64,64,2048,3767.57
512,64,64,4096,7413.29
512,64,64,8192,14727
512,64,64,16384,29264.4
512,64,64,32768,58408
512,64,128,16,490.477
512,64,128,32,495.512
512,64,128,64,503.384
512,64,128,128,694.446
512,64,128,256,1004.13
512,64,128,512,1926.64
512,64,128,1024,3753.01
512,64,128,2048,7437.03
512,64,128,4096,14759.7
512,64,128,8192,29427.5
512,64,128,16384,58705.2
512,64,128,32768,117248
512,128,0,0,74.8267
512,128,1,16,76.1493
512,128,1,32,76.2457
512,128,1,64,76.7043
512,128,1,128,77.643
512,128,1,256,79.126
512,128,1,512,81.5043
512,128,1,1024,98.017
512,128,1,2048,130.496
512,128,1,4096,186.528
512,128,1,8192,298.113
512,128,1,16384,518.815
512,128,1,32768,965.786
512,128,2,16,80.043
512,128,2,32,79.3707
512,128,2,64,80.0327
512,128,2,128,82.485
512,128,2,256,84.7793
512,128,2,512,89.8667
512,128,2,1024,112.363
512,128,2,2048,153.622
512,128,2,4096,225.227
512,128,2,8192,339.169
512,128,2,16384,564.227
512,128,2,32768,1016.89
512,128,4,16,86.5923
512,128,4,32,86.7093
512,128,4,64,86.859
512,128,4,128,91.297
512,128,4,256,97.4727
512,128,4,512,107.574
512,128,4,1024,139.137
512,128,4,2048,200.417
512,128,4,4096,316.918
512,128,4,8192,563.309
512,128,4,16384,1023.89
512,128,4,32768,1979.33
512,128,8,16,100.661
512,128,8,32,101.141
512,128,8,64,101.1
512,128,8,128,110.977
512,128,8,256,120.897
512,128,8,512,142.145
512,128,8,1024,194.037
512,128,8,2048,352.982
512,128,8,4096,686.403
512,128,8,8192,1273.39
512,128,8,16384,2420.18
512,128,8,32768,4661.47
512,128,16,16,127.329
512,128,16,32,128.064
512,128,16,64,128.865
512,128,16,128,148.45
512,128,16,256,168.651
512,128,16,512,212.492
512,128,16,1024,375.564
512,128,16,2048,774.254
512,128,16,4096,1532.96
512,128,16,8192,2986.53
512,128,16,16384,5969.97
512,128,16,32768,12152
512,128,32,16,180.374
512,128,32,32,181.835
512,128,32,64,183.243
512,128,32,128,221.942
512,128,32,256,264.492
512,128,32,512,468.045
512,128,32,1024,916.611
512,128,32,2048,1807.57
512,128,32,4096,3586.36
512,128,32,8192,7043.22
512,128,32,16384,14008.6
512,128,32,32768,28029.8
512,128,64,16,285.42
512,128,64,32,288.268
512,128,64,64,290.754
512,128,64,128,369.815
512,128,64,256,511.757
512,128,64,512,996.11
512,128,64,1024,1913.29
512,128,64,2048,3764.23
512,128,64,4096,7422.83
512,128,64,8192,14740.7
512,128,64,16384,29374.8
512,128,64,32768,58555.3
512,128,128,16,495.917
512,128,128,32,501.623
512,128,128,64,508.6
512,128,128,128,700.43
512,128,128,256,1006.02
512,128,128,512,1928.19
512,128,128,1024,3748.36
512,128,128,2048,7436.99
512,128,128,4096,14762.6
512,128,128,8192,29420
512,128,128,16384,58701.3
512,128,128,32768,117260
512,256,0,0,87.5307
512,256,1,16,89.205
512,256,1,32,89.611
512,256,1,64,89.131
512,256,1,128,90.923
512,256,1,256,92.086
512,256,1,512,94.1973
512,256,1,1024,108.161
512,256,1,2048,140.491
512,256,1,4096,199.137
512,256,1,8192,309.123
512,256,1,16384,532.279
512,256,1,32768,979.438
512,256,2,16,92.8323
512,256,2,32,92.6083
512,256,2,64,92.4697
512,256,2,128,95.1903
512,256,2,256,97.5573
512,256,2,512,102.156
512,256,2,1024,121.547
512,256,2,2048,163.467
512,256,2,4096,246.156
512,256,2,8192,359.108
512,256,2,16384,582.936
512,256,2,32768,1033.48
512,256,4,16,99.8513
512,256,4,32,99.5633
512,256,4,64,100.128
512,256,4,128,104.8
512,256,4,256,110.123
512,256,4,512,119.809
512,256,4,1024,149.27
512,256,4,2048,211.137
512,256,4,4096,341.921
512,256,4,8192,594.061
512,256,4,16384,1063.88
512,256,4,32768,2005
512,256,8,16,113.601
512,256,8,32,113.537
512,256,8,64,113.771
512,256,8,128,124.15
512,256,8,256,134.495
512,256,8,512,154.176
512,256,8,1024,206.348
512,256,8,2048,332.364
512,256,8,4096,675.77
512,256,8,8192,1341.49
512,256,8,16384,2501.78
512,256,8,32768,4983.1
512,256,16,16,140.363
512,256,16,32,141.483
512,256,16,64,141.611
512,256,16,128,161.441
512,256,16,256,182.391
512,256,16,512,223.82
512,256,16,1024,384.706
512,256,16,2048,823.886
512,256,16,4096,1595.14
512,256,16,8192,3093.45
512,256,16,16384,6282.79
512,256,16,32768,12364.1
512,256,32,16,193.846
512,256,32,32,195.478
512,256,32,64,196.31
512,256,32,128,235.756
512,256,32,256,278.272
512,256,32,512,470.391
512,256,32,1024,936.942
512,256,32,2048,1837.27
512,256,32,4096,3598.93
512,256,32,8192,7149.99
512,256,32,16384,14213
512,256,32,32768,28577
512,256,64,16,299.277
512,256,64,32,301.654
512,256,64,64,304.236
512,256,64,128,383.906
512,256,64,256,521.835
512,256,64,512,1000.83
512,256,64,1024,1917.13
512,256,64,2048,3767.09
512,256,64,4096,7430.07
512,256,64,8192,14770.2
512,256,64,16384,29390.3
512,256,64,32768,58656.4
512,256,128,16,509.24
512,256,128,32,514.925
512,256,128,64,521.783
512,256,128,128,711.939
512,256,128,256,1010.62
512,256,128,512,1934.5
512,256,128,1024,3756.06
512,256,128,2048,7437.18
512,256,128,4096,14765.6
512,256,128,8192,29441.3
512,256,128,16384,58720.4
512,256,128,32768,117271
512,512,0,0,113.003
512,512,1,16,114.805
512,512,1,32,113.973
512,512,1,64,114.316
512,512,1,128,116.396
512,512,1,256,117.142
512,512,1,512,119.243
512,512,1,1024,127.99
512,512,1,2048,160.736
512,512,1,4096,223.862
512,512,1,8192,335.276
512,512,1,16384,555.831
512,512,1,32768,1000.22
512,512,2,16,117.526
512,512,2,32,117.846
512,512,2,64,117.44
512,512,2,128,120.555
512,512,2,256,123.169
512,512,2,512,126.496
512,512,2,1024,138.912
512,512,2,2048,186.56
512,512,2,4096,269.325
512,512,2,8192,399.595
512,512,2,16384,631.308
512,512,2,32768,1073.33
512,512,4,16,125.131
512,512,4,32,125.152
512,512,4,64,124.714
512,512,4,128,129.376
512,512,4,256,134.656
512,512,4,512,146.154
512,512,4,1024,169.856
512,512,4,2048,231.936
512,512,4,4096,371.347
512,512,4,8192,643.98
512,512,4,16384,1148.92
512,512,4,32768,2094.19
512,512,8,16,138.336
512,512,8,32,139.093
512,512,8,64,138.699
512,512,8,128,148.971
512,512,8,256,159.414
512,512,8,512,179.861
512,512,8,1024,226.453
512,512,8,2048,359.083
512,512,8,4096,722.7
512,512,8,8192,1419.83
512,512,8,16384,2864.62
512,512,8,32768,5387.54
512,512,16,16,166.016
512,512,16,32,165.995
512,512,16,64,166.326
512,512,16,128,187.136
512,512,16,256,208.246
512,512,16,512,248.82
512,512,16,1024,413.238
512,512,16,2048,889.953
512,512,16,4096,1704.65
512,512,16,8192,3393.98
512,512,16,16384,6542.54
512,512,16,32768,13114.2
512,512,32,16,219.21
512,512,32,32,220.694
512,512,32,64,222.229
512,512,32,128,261.877
512,512,32,256,304.95
512,512,32,512,480.875
512,512,32,1024,907.915
512,512,32,2048,1856.09
512,512,32,4096,3645.63
512,512,32,8192,7205.62
512,512,32,16384,14319.5
512,512,32,32768,28719.8
512,512,64,16,325.163
512,512,64,32,328.202
512,512,64,64,330.454
512,512,64,128,411.723
512,512,64,256,536.993
512,512,64,512,1009.04
512,512,64,1024,1926.8
512,512,64,2048,3781.54
512,512,64,4096,7455.43
512,512,64,8192,14784.8
512,512,64,16384,29415
512,512,64,32768,58680.9
512,512,128,16,536.108
512,512,128,32,541.655
512,512,128,64,549.27
512,512,128,128,731.766
512,512,128,256,1020.56
512,512,128,512,1940.91
512,512,128,1024,3762.84
512,512,128,2048,7460.27
512,512,128,4096,14779.9
512,512,128,8192,29464.5
512,512,128,16384,58752
512,512,128,32768,117294
512,1024,0,0,168.917
512,1024,1,16,168.682
512,1024,1,32,167.403
512,1024,1,64,169.397
512,1024,1,128,168.181
512,1024,1,256,170.464
512,1024,1,512,172.107
512,1024,1,1024,175.04
512,1024,1,2048,198.39
512,1024,1,4096,260.022
512,1024,1,8192,391.884
512,1024,1,16384,610.622
512,1024,1,32768,1050.44
512,1024,2,16,171.274
512,1024,2,32,169.889
512,1024,2,64,169.889
512,1024,2,128,171.702
512,1024,2,256,173.408
512,1024,2,512,177.803
512,1024,2,1024,181.984
512,1024,2,2048,224.053
512,1024,2,4096,300.214
512,1024,2,8192,487.168
512,1024,2,16384,725.655
512,1024,2,32768,1191.98
512,1024,4,16,175.019
512,1024,4,32,176.064
512,1024,4,64,175.169
512,1024,4,128,180.641
512,1024,4,256,184.086
512,1024,4,512,195.307
512,1024,4,1024,214.912
512,1024,4,2048,271.169
512,1024,4,4096,393.939
512,1024,4,8192,730.284
512,1024,4,16384,1317.84
512,1024,4,32768,2439.4
512,1024,8,16,188.543
512,1024,8,32,188.406
512,1024,8,64,189.013
512,1024,8,128,197.365
512,1024,8,256,209.462
512,1024,8,512,230.656
512,1024,8,1024,271.765
512,1024,8,2048,397.483
512,1024,8,4096,638.582
512,1024,8,8192,1473.12
512,1024,8,16384,2965.32
512,1024,8,32768,6127.19
512,1024,16,16,215.115
512,1024,16,32,215.617
512,1024,16,64,216.524
512,1024,16,128,237.27
512,1024,16,256,259.318
512,1024,16,512,300.341
512,1024,16,1024,399.723
512,1024,16,2048,812.599
512,1024,16,4096,1758.08
512,1024,16,8192,3465.67
512,1024,16,16384,6820.91
512,1024,16,32768,13550.8
512,1024,32,16,269.057
512,1024,32,32,271.573
512,1024,32,64,272.715
512,1024,32,128,313.516
512,1024,32,256,357.356
512,1024,32,512,514.764
512,1024,32,1024,792.641
512,1024,32,2048,1867.06
512,1024,32,4096,3654.38
512,1024,32,8192,7223.98
512,1024,32,16384,14339.9
512,1024,32,32768,28772.2
512,1024,64,16,376.918
512,1024,64,32,379.98
512,1024,64,64,382.517
512,1024,64,128,463.713
512,1024,64,256,577.302
512,1024,64,512,1023.76
512,1024,64,1024,1943.76
512,1024,64,2048,3798.23
512,1024,64,4096,7472.72
512,1024,64,8192,14828.5
512,1024,64,16384,29460.9
512,1024,64,32768,58744.4
512,1024,128,16,588.374
512,1024,128,32,594.966
512,1024,128,64,602.55
512,1024,128,128,784.289
512,1024,128,256,1043.79
512,1024,128,512,1955.46
512,1024,128,1024,3783.02
512,1024,128,2048,7473.3
512,1024,128,4096,14813
512,1024,128,8192,29503.3
512,1024,128,16384,58802.7
512,1024,128,32768,117356
512,2048,0,0,281.014
512,2048,1,16,278.145
512,2048,1,32,278.816
512,2048,1,64,278.251
512,2048,1,128,278.646
512,2048,1,256,279.254
512,2048,1,512,279.446
512,2048,1,1024,282.347
512,2048,1,2048,286.688
512,2048,1,4096,337.569
512,2048,1,8192,473.696
512,2048,1,16384,737.475
512,2048,1,32768,1207.39
512,2048,2,16,283.361
512,2048,2,32,280.276
512,2048,2,64,281.461
512,2048,2,128,280.79
512,2048,2,256,281.451
512,2048,2,512,283.051
512,2048,2,1024,289.739
512,2048,2,2048,295.169
512,2048,2,4096,392.876
512,2048,2,8192,556.993
512,2048,2,16384,888.77
512,2048,2,32768,1358.19
512,2048,4,16,285.174
512,2048,4,32,283.616
512,2048,4,64,284.683
512,2048,4,128,284.598
512,2048,4,256,288.438
512,2048,4,512,295.328
512,2048,4,1024,318.774
512,2048,4,2048,355.723
512,2048,4,4096,470.539
512,2048,4,8192,744.3
512,2048,4,16384,1400.8
512,2048,4,32768,2542.31
512,2048,8,16,290.987
512,2048,8,32,290.049
512,2048,8,64,290.507
512,2048,8,128,299.744
512,2048,8,256,308.236
512,2048,8,512,330.124
512,2048,8,1024,370.56
512,2048,8,2048,473.847
512,2048,8,4096,698.742
512,2048,8,8192,1546.92
512,2048,8,16384,3065.82
512,2048,8,32768,6321.08
512,2048,16,16,316.31
512,2048,16,32,316.405
512,2048,16,64,316.927
512,2048,16,128,335.926
512,2048,16,256,359.446
512,2048,16,512,402.294
512,2048,16,1024,506.678
512,2048,16,2048,699.478
512,2048,16,4096,1672.82
512,2048,16,8192,3520.65
512,2048,16,16384,6886.21
512,2048,16,32768,13809.5
512,2048,32,16,369.634
512,2048,32,32,370.433
512,2048,32,64,371.627
512,2048,32,128,414.56
512,2048,32,256,458.571
512,2048,32,512,572.214
512,2048,32,1024,981.346
512,2048,32,2048,1606.56
512,2048,32,4096,3685.15
512,2048,32,8192,7290.74
512,2048,32,16384,14444.5
512,2048,32,32768,28733.3
512,2048,64,16,479.169
512,2048,64,32,482.091
512,2048,64,64,485.196
512,2048,64,128,568.385
512,2048,64,256,676.161
512,2048,64,512,1074.16
512,2048,64,1024,1969.52
512,2048,64,2048,3836.52
512,2048,64,4096,7523.86
512,2048,64,8192,14927
512,2048,64,16384,29581.5
512,2048,64,32768,58819.9
512,2048,128,16,694.262
512,2048,128,32,699.298
512,2048,128,64,709.889
512,2048,128,128,892.055
512,2048,128,256,1121.37
512,2048,128,512,1982.07
512,2048,128,1024,3812.36
512,2048,128,2048,7536.79
512,2048,128,4096,14880.8
512,2048,128,8192,29598.9
512,2048,128,16384,58899.3
512,2048,128,32768,117474
512,4096,0,0,503.628
512,4096,1,16,502.198
512,4096,1,32,500.405
512,4096,1,64,501.889
512,4096,1,128,502.667
512,4096,1,256,503.041
512,4096,1,512,501.879
512,4096,1,1024,500.47
512,4096,1,2048,505.206
512,4096,1,4096,509.612
512,4096,1,8192,620.482
512,4096,1,16384,920.589
512,4096,1,32768,1428.28
512,4096,2,16,503.607
512,4096,2,32,504.993
512,4096,2,64,502.838
512,4096,2,128,502.646
512,4096,2,256,502.891
512,4096,2,512,503.159
512,4096,2,1024,504.712
512,4096,2,2048,510.817
512,4096,2,4096,517.996
512,4096,2,8192,738.956
512,4096,2,16384,1089
512,4096,2,32768,1688.79
512,4096,4,16,506.978
512,4096,4,32,506.881
512,4096,4,64,506.977
512,4096,4,128,509.996
512,4096,4,256,508.553
512,4096,4,512,509.676
512,4096,4,1024,516.578
512,4096,4,2048,571.702
512,4096,4,4096,637.206
512,4096,4,8192,868.684
512,4096,4,16384,1362.82
512,4096,4,32768,2772.2
512,4096,8,16,511.721
512,4096,8,32,511.935
512,4096,8,64,511.393
512,4096,8,128,514.337
512,4096,8,256,517.662
512,4096,8,512,532.59
512,4096,8,1024,570.371
512,4096,8,2048,652.801
512,4096,8,4096,874.114
512,4096,8,8192,1388.46
512,4096,8,16384,3170.24
512,4096,8,32768,6295.48
512,4096,16,16,523.724
512,4096,16,32,525.206
512,4096,16,64,524.534
512,4096,16,128,542.199
512,4096,16,256,560.342
512,4096,16,512,601.932
512,4096,16,1024,700.503
512,4096,16,2048,954.935
512,4096,16,4096,1372.62
512,4096,16,8192,3555.76
512,4096,16,16384,6944.74
512,4096,16,32768,13776.2
512,4096,32,16,572.353
512,4096,32,32,572.46
512,4096,32,64,573.174
512,4096,32,128,614.862
512,4096,32,256,659.831
512,4096,32,512,764.377
512,4096,32,1024,1112.29
512,4096,32,2048,1910.71
512,4096,32,4096,3371.32
512,4096,32,8192,7343.92
512,4096,32,16384,14573.7
512,4096,32,32768,28979.5
512,4096,64,16,680.023
512,4096,64,32,683.799
512,4096,64,64,686.401
512,4096,64,128,775.394
512,4096,64,256,880.759
512,4096,64,512,1189.15
512,4096,64,1024,2108.85
512,4096,64,2048,3893.88
512,4096,64,4096,7565.34
512,4096,64,8192,15032.8
512,4096,64,16384,29758.9
512,4096,64,32768,59093.8
512,4096,128,16,900.172
512,4096,128,32,909.218
512,4096,128,64,920.364
512,4096,128,128,1100.28
512,4096,128,256,1313.99
512,4096,128,512,2091.57
512,4096,128,1024,3890.06
512,4096,128,2048,7563.76
512,4096,128,4096,14976.1
512,4096,128,8192,29709
512,4096,128,16384,59089.3
512,4096,128,32768,117766
512,8192,0,0,949.057
512,8192,1,16,947.964
512,8192,1,32,947.789
512,8192,1,64,946.582
512,8192,1,128,945.016
512,8192,1,256,948.62
512,8192,1,512,947.245
512,8192,1,1024,947.192
512,8192,1,2048,947.085
512,8192,1,4096,949.452
512,8192,1,8192,957.858
512,8192,1,16384,1183.75
512,8192,1,32768,1877.01
512,8192,2,16,949.427
512,8192,2,32,949.929
512,8192,2,64,949.825
512,8192,2,128,950.113
512,8192,2,256,946.929
512,8192,2,512,947.791
512,8192,2,1024,948.77
512,8192,2,2048,949.921
512,8192,2,4096,958.445
512,8192,2,8192,969.954
512,8192,2,16384,1422.23
512,8192,2,32768,2122.04
512,8192,4,16,948.791
512,8192,4,32,949.757
512,8192,4,64,951.715
512,8192,4,128,951.576
512,8192,4,256,952.098
512,8192,4,512,951.137
512,8192,4,1024,950.456
512,8192,4,2048,958.754
512,8192,4,4096,1075.84
512,8192,4,8192,1200.42
512,8192,4,16384,1668.33
512,8192,4,32768,2895.47
512,8192,8,16,954.348
512,8192,8,32,954.573
512,8192,8,64,956.162
512,8192,8,128,956.504
512,8192,8,256,955.001
512,8192,8,512,956.504
512,8192,8,1024,984.653
512,8192,8,2048,1056.91
512,8192,8,4096,1219.62
512,8192,8,8192,1675.49
512,8192,8,16384,3024.01
512,8192,8,32768,6428.3
512,8192,16,16,965.176
512,8192,16,32,965.677
512,8192,16,64,965.538
512,8192,16,128,969.55
512,8192,16,256,975.832
512,8192,16,512,1012.17
512,8192,16,1024,1100.23
512,8192,16,2048,1323.91
512,8192,16,4096,1968.45
512,8192,16,8192,3437.83
512,8192,16,16384,7220.69
512,8192,16,32768,13997
512,8192,32,16,985.004
512,8192,32,32,988.951
512,8192,32,64,989.653
512,8192,32,128,1023.78
512,8192,32,256,1064.73
512,8192,32,512,1164.06
512,8192,32,1024,1436.05
512,8192,32,2048,2206.92
512,8192,32,4096,3871.7
512,8192,32,8192,7161.11
512,8192,32,16384,14694.4
512,8192,32,32768,29084.2
512,8192,64,16,1084.78
512,8192,64,32,1087.73
512,8192,64,64,1091.71
512,8192,64,128,1179.31
512,8192,64,256,1285.1
512,8192,64,512,1523.25
512,8192,64,1024,2292.28
512,8192,64,2048,4090.13
512,8192,64,4096,7771
512,8192,64,8192,15108.3
512,8192,64,16384,29955.9
512,8192,64,32768,59411.3
512,8192,128,16,1310.4
512,8192,128,32,1318.39
512,8192,128,64,1328.31
512,8192,128,128,1513.88
512,8192,128,256,1718.23
512,8192,128,512,2310.65
512,8192,128,1024,4134.92
512,8192,128,2048,7776.91
512,8192,128,4096,15099.4
512,8192,128,8192,29967.4
512,8192,128,16384,59314.2
512,8192,128,32768,118134
512,16384,0,0,1843.7
512,16384,1,16,1839.97
512,16384,1,32,1839.97
512,16384,1,64,1838.87
512,16384,1,128,1837.93
512,16384,1,256,1841.01
512,16384,1,512,1839.85
512,16384,1,1024,1837.85
512,16384,1,2048,1837.75
512,16384,1,4096,1837.11
512,16384,1,8192,1838.95
512,16384,1,16384,1856.98
512,16384,1,32768,2321
512,16384,2,16,1839.5
512,16384,2,32,1840.68
512,16384,2,64,1842.11
512,16384,2,128,1838.95
512,16384,2,256,1841.29
512,16384,2,512,1842.43
512,16384,2,1024,1840.21
512,16384,2,2048,1842.2
512,16384,2,4096,1840.65
512,16384,2,8192,1850.43
512,16384,2,16384,1874.33
512,16384,2,32768,2781.02
512,16384,4,16,1839.78
512,16384,4,32,1838.17
512,16384,4,64,1837.66
512,16384,4,128,1841.33
512,16384,4,256,1844.03
512,16384,4,512,1838.55
512,16384,4,1024,1841.72
512,16384,4,2048,1843.17
512,16384,4,4096,1854.61
512,16384,4,8192,2088.72
512,16384,4,16384,2338.95
512,16384,4,32768,3391.27
512,16384,8,16,1839.07
512,16384,8,32,1842.03
512,16384,8,64,1839.68
512,16384,8,128,1842.51
512,16384,8,256,1840.38
512,16384,8,512,1844.84
512,16384,8,1024,1841.84
512,16384,8,2048,1907.08
512,16384,8,4096,2027.06
512,16384,8,8192,2438.68
512,16384,8,16384,3546.68
512,16384,8,32768,6607.41
512,16384,16,16,1858.49
512,16384,16,32,1857.77
512,16384,16,64,1857.54
512,16384,16,128,1861.84
512,16384,16,256,1868.93
512,16384,16,512,1875.83
512,16384,16,1024,1929.21
512,16384,16,2048,2091.92
512,16384,16,4096,2719.39
512,16384,16,8192,4120.58
512,16384,16,16384,7008.37
512,16384,16,32768,14313.3
512,16384,32,16,1876.39
512,16384,32,32,1877.56
512,16384,32,64,1877.44
512,16384,32,128,1891.89
512,16384,32,256,1898.61
512,16384,32,512,1984.36
512,16384,32,1024,2182.28
512,16384,32,2048,2932.6
512,16384,32,4096,4456.97
512,16384,32,8192,7822.43
512,16384,32,16384,14425
512,16384,32,32768,29365.1
512,16384,64,16,1919.5
512,16384,64,32,1924.11
512,16384,64,64,1925.69
512,16384,64,128,2001.03
512,16384,64,256,2096.02
512,16384,64,512,2315.43
512,16384,64,1024,2851.17
512,16384,64,2048,4562.56
512,16384,64,4096,8184.94
512,16384,64,8192,15522.4
512,16384,64,16384,30226.3
512,16384,64,32768,59851.1
512,16384,128,16,2127.72
512,16384,128,32,2133.88
512,16384,128,64,2135.4
512,16384,128,128,2322.23
512,16384,128,256,2531.19
512,16384,128,512,2994.15
512,16384,128,1024,4546.11
512,16384,128,2048,8150.2
512,16384,128,4096,15515.3
512,16384,128,8192,30177.9
512,16384,128,16384,59638.1
512,16384,128,32768,118693
512,32768,0,0,3646.1
512,32768,1,16,3640.08
512,32768,1,32,3641.25
512,32768,1,64,3638.27
512,32768,1,128,3639.35
512,32768,1,256,3639.35
512,32768,1,512,3638.29
512,32768,1,1024,3637.49
512,32768,1,2048,3641.45
512,32768,1,4096,3637.6
512,32768,1,8192,3640.01
512,32768,1,16384,3638.51
512,32768,1,32768,3682.39
512,32768,2,16,3636.95
512,32768,2,32,3638.71
512,32768,2,64,3639.73
512,32768,2,128,3640.56
512,32768,2,256,3636.5
512,32768,2,512,3640.59
512,32768,2,1024,3639.25
512,32768,2,2048,3643.55
512,32768,2,4096,3647.85
512,32768,2,8192,3642.08
512,32768,2,16384,3651.16
512,32768,2,32768,3745.62
512,32768,4,16,3643.9
512,32768,4,32,3637.96
512,32768,4,64,3636.97
512,32768,4,128,3641.59
512,32768,4,256,3639.57
512,32768,4,512,3644.2
512,32768,4,1024,3641.67
512,32768,4,2048,3642.39
512,32768,4,4096,3652.02
512,32768,4,8192,3652.15
512,32768,4,16384,4131.98
512,32768,4,32768,4645.57
512,32768,8,16,3635.53
512,32768,8,32,3630.8
512,32768,8,64,3632.09
512,32768,8,128,3632.57
512,32768,8,256,3627.96
512,32768,8,512,3641.2
512,32768,8,1024,3642.01
512,32768,8,2048,3652.42
512,32768,8,4096,3764.36
512,32768,8,8192,4011.6
512,32768,8,16384,5003.69
512,32768,8,32768,7313.83
512,32768,16,16,3664.84
512,32768,16,32,3662.9
512,32768,16,64,3661.76
512,32768,16,128,3666.24
512,32768,16,256,3672.52
512,32768,16,512,3687.81
512,32768,16,1024,3704.05
512,32768,16,2048,3801.28
512,32768,16,4096,4094.45
512,32768,16,8192,5487.54
512,32768,16,16384,8235.66
512,32768,16,32768,14233.6
512,32768,32,16,3682.22
512,32768,32,32,3687.41
512,32768,32,64,3684.02
512,32768,32,128,3693.3
512,32768,32,256,3709.22
512,32768,32,512,3736.1
512,32768,32,1024,3871.65
512,32768,32,2048,4249.36
512,32768,32,4096,5856.42
512,32768,32,8192,8890.68
512,32768,32,16384,15332.4
512,32768,32,32768,28907.4
512,32768,64,16,3721.42
512,32768,64,32,3724.06
512,32768,64,64,3725.96
512,32768,64,128,3743.45
512,32768,64,256,3774.27
512,32768,64,512,3977.21
512,32768,64,1024,4417.31
512,32768,64,2048,5547.42
512,32768,64,4096,9215
512,32768,64,8192,16472.5
512,32768,64,16384,30972.3
512,32768,64,32768,60297.8
512,32768,128,16,3813.71
512,32768,128,32,3816.78
512,32768,128,64,3826.56
512,32768,128,128,3984.88
512,32768,128,256,4186.7
512,32768,128,512,4598.99
512,32768,128,1024,5633.23
512,32768,128,2048,8989.42
512,32768,128,4096,16377.4
512,32768,128,8192,31035.1
512,32768,128,16384,60421.9
512,32768,128,32768,119171
1024,0,0,0,163.435
1024,0,1,16,164.224
1024,0,1,32,165.729
1024,0,1,64,165.056
1024,0,1,128,165.589
1024,0,1,256,169.366
1024,0,1,512,170.699
1024,0,1,1024,177.59
1024,0,1,2048,212.96
1024,0,1,4096,279.767
1024,0,1,8192,398.989
1024,0,1,16384,614.348
1024,0,1,32768,1060.54
1024,0,2,16,170.539
1024,0,2,32,169.91
1024,0,2,64,169.302
1024,0,2,128,172.213
1024,0,2,256,177.195
1024,0,2,512,182.453
1024,0,2,1024,195.542
1024,0,2,2048,240.183
1024,0,2,4096,322.433
1024,0,2,8192,491.735
1024,0,2,16384,720.333
1024,0,2,32768,1169.67
1024,0,4,16,180.545
1024,0,4,32,177.846
1024,0,4,64,179.254
1024,0,4,128,185.344
1024,0,4,256,188.385
1024,0,4,512,199.094
1024,0,4,1024,224.225
1024,0,4,2048,291.521
1024,0,4,4096,457.324
1024,0,4,8192,756.364
1024,0,4,16384,1303.34
1024,0,4,32768,2303.54
1024,0,8,16,198.55
1024,0,8,32,198.016
1024,0,8,64,199.851
1024,0,8,128,209.291
1024,0,8,256,219.5
1024,0,8,512,241.515
1024,0,8,1024,287.2
1024,0,8,2048,489.848
1024,0,8,4096,894.167
1024,0,8,8192,1628.54
1024,0,8,16384,3056.03
1024,0,8,32768,5808.02
1024,0,16,16,235.756
1024,0,16,32,238.176
1024,0,16,64,239.596
1024,0,16,128,257.238
1024,0,16,256,278.219
1024,0,16,512,319.734
1024,0,16,1024,520.76
1024,0,16,2048,984.59
1024,0,16,4096,1853.58
1024,0,16,8192,3606
1024,0,16,16384,6924.92
1024,0,16,32768,13588.2
1024,0,32,16,314.124
1024,0,32,32,313.921
1024,0,32,64,317.537
1024,0,32,128,355.894
1024,0,32,256,398.039
1024,0,32,512,546.38
1024,0,32,1024,1016.14
1024,0,32,2048,1958.77
1024,0,32,4096,3748.45
1024,0,32,8192,7365.74
1024,0,32,16384,14536.4
1024,0,32,32768,28913.2
1024,0,64,16,464.492
1024,0,64,32,466.369
1024,0,64,64,470.113
1024,0,64,128,549.313
1024,0,64,256,654.626
1024,0,64,512,1035.53
1024,0,64,1024,1962.42
1024,0,64,2048,3826.98
1024,0,64,4096,7502.96
1024,0,64,8192,14864
1024,0,64,16384,29526
1024,0,64,32768,58851
1024,0,128,16,769.38
1024,0,128,32,773.954
1024,0,128,64,783.01
1024,0,128,128,972.494
1024,0,128,256,1196.23
1024,0,128,512,1974.5
1024,0,128,1024,3800.73
1024,0,128,2048,7496.8
1024,0,128,4096,14821.9
1024,0,128,8192,29510.9
1024,0,128,16384,58800.5
1024,0,128,32768,117362
1024,16,0,0,173.708
1024,16,1,16,177.291
1024,16,1,32,176.907
1024,16,1,64,177.078
1024,16,1,128,180.971
1024,16,1,256,182.294
1024,16,1,512,183.092
1024,16,1,1024,187.115
1024,16,1,2048,225.633
1024,16,1,4096,290.744
1024,16,1,8192,412.065
1024,16,1,16384,628.045
1024,16,1,32768,1071.65
1024,16,2,16,181.44
1024,16,2,32,184.374
1024,16,2,64,181.014
1024,16,2,128,184.203
1024,16,2,256,187.243
1024,16,2,512,191.338
1024,16,2,1024,204.278
1024,16,2,2048,248.193
1024,16,2,4096,335.82
1024,16,2,8192,507.564
1024,16,2,16384,734.691
1024,16,2,32768,1190.73
1024,16,4,16,189.674
1024,16,4,32,190.892
1024,16,4,64,190.838
1024,16,4,128,196.801
1024,16,4,256,200.481
1024,16,4,512,213.688
1024,16,4,1024,234.669
1024,16,4,2048,300.631
1024,16,4,4096,477.142
1024,16,4,8192,787.885
1024,16,4,16384,1303.42
1024,16,4,32768,2310.56
1024,16,8,16,211.265
1024,16,8,32,211.894
1024,16,8,64,213.921
1024,16,8,128,221.782
1024,16,8,256,234.539
1024,16,8,512,251.84
1024,16,8,1024,297.719
1024,16,8,2048,496.855
1024,16,8,4096,909.506
1024,16,8,8192,1696.04
1024,16,8,16384,3116.4
1024,16,8,32768,6063.28
1024,16,16,16,249.579
1024,16,16,32,248.865
1024,16,16,64,249.184
1024,16,16,128,271.169
1024,16,16,256,291.702
1024,16,16,512,332.96
1024,16,16,1024,523.832
1024,16,16,2048,975.571
1024,16,16,4096,1866.97
1024,16,16,8192,3653.04
1024,16,16,16384,6984.95
1024,16,16,32768,13765.1
1024,16,32,16,327.243
1024,16,32,32,327.873
1024,16,32,64,328.714
1024,16,32,128,369.206
1024,16,32,256,411.329
1024,16,32,512,543.138
1024,16,32,1024,1015.03
1024,16,32,2048,1958.11
1024,16,32,4096,3765.69
1024,16,32,8192,7369.18
1024,16,32,16384,14550.5
1024,16,32,32768,28916.7
1024,16,64,16,476.385
1024,16,64,32,480.406
1024,16,64,64,481.879
1024,16,64,128,561.623
1024,16,64,256,665.719
1024,16,64,512,1034.51
1024,16,64,1024,1963.63
1024,16,64,2048,3829.84
1024,16,64,4096,7508.74
1024,16,64,8192,14872
1024,16,64,16384,29538.8
1024,16,64,32768,58860.5
1024,16,128,16,781.687
1024,16,128,32,787.469
1024,16,128,64,795.426
1024,16,128,128,983.192
1024,16,128,256,1203.26
1024,16,128,512,1975.6
1024,16,128,1024,3800.54
1024,16,128,2048,7498.87
1024,16,128,4096,14837.6
1024,16,128,8192,29527.4
1024,16,128,16384,58823
1024,16,128,32768,117368
1024,32,0,0,175.414
1024,32,1,16,178.432
1024,32,1,32,177.782
1024,32,1,64,178.23
1024,32,1,128,179.808
1024,32,1,256,180.375
1024,32,1,512,183.692
1024,32,1,1024,188.342
1024,32,1,2048,223.297
1024,32,1,4096,289.921
1024,32,1,8192,407.649
1024,32,1,16384,628.131
1024,32,1,32768,1079.61
1024,32,2,16,182.859
1024,32,2,32,181.078
1024,32,2,64,181.931
1024,32,2,128,184.31
1024,32,2,256,188.256
1024,32,2,512,194.145
1024,32,2,1024,204.556
1024,32,2,2048,247.456
1024,32,2,4096,331.864
1024,32,2,8192,509.207
1024,32,2,16384,739.832
1024,32,2,32768,1201.17
1024,32,4,16,193.089
1024,32,4,32,191.435
1024,32,4,64,190.209
1024,32,4,128,198.475
1024,32,4,256,202.87
1024,32,4,512,211.83
1024,32,4,1024,234.497
1024,32,4,2048,298.678
1024,32,4,4096,473.771
1024,32,4,8192,773.922
1024,32,4,16384,1335.97
1024,32,4,32768,2275.18
1024,32,8,16,211.041
1024,32,8,32,212.726
1024,32,8,64,211.937
1024,32,8,128,221.687
1024,32,8,256,231.904
1024,32,8,512,255.467
1024,32,8,1024,297.367
1024,32,8,2048,494.327
1024,32,8,4096,923.17
1024,32,8,8192,1664.65
1024,32,8,16384,3116.06
1024,32,8,32768,5855.85
1024,32,16,16,248.833
1024,32,16,32,248.939
1024,32,16,64,250.657
1024,32,16,128,270.71
1024,32,16,256,290.454
1024,32,16,512,332.555
1024,32,16,1024,524.482
1024,32,16,2048,972.973
1024,32,16,4096,1862.59
1024,32,16,8192,3619.59
1024,32,16,16384,6986.71
1024,32,16,32768,13746.2
1024,32,32,16,326.913
1024,32,32,32,328.406
1024,32,32,64,328.684
1024,32,32,128,370.071
1024,32,32,256,411.957
1024,32,32,512,544.642
1024,32,32,1024,1017.44
1024,32,32,2048,1956.26
1024,32,32,4096,3767.83
1024,32,32,8192,7359.77
1024,32,32,16384,14563.9
1024,32,32,32768,28894.5
1024,32,64,16,478.274
1024,32,64,32,479.745
1024,32,64,64,482.711
1024,32,64,128,563.639
1024,32,64,256,665.88
1024,32,64,512,1033.91
1024,32,64,1024,1965.54
1024,32,64,2048,3834.9
1024,32,64,4096,7509.56
1024,32,64,8192,14873.2
1024,32,64,16384,29542.9
1024,32,64,32768,58853.3
1024,32,128,16,782.253
1024,32,128,32,788.119
1024,32,128,64,797.037
1024,32,128,128,983.863
1024,32,128,256,1225.03
1024,32,128,512,1974.45
1024,32,128,1024,3799.71
1024,32,128,2048,7505.8
1024,32,128,4096,14839.3
1024,32,128,8192,29519.5
1024,32,128,16384,58815.3
1024,32,128,32768,117360
1024,64,0,0,175.392
1024,64,1,16,178.315
1024,64,1,32,177.719
1024,64,1,64,178.71
1024,64,1,128,180.192
1024,64,1,256,182.571
1024,64,1,512,183.765
1024,64,1,1024,187.414
1024,64,1,2048,226.796
1024,64,1,4096,294.07
1024,64,1,8192,410.668
1024,64,1,16384,627.842
1024,64,1,32768,1075.08
1024,64,2,16,182.357
1024,64,2,32,183.915
1024,64,2,64,184.235
1024,64,2,128,186.262
1024,64,2,256,189.601
1024,64,2,512,191.99
1024,64,2,1024,203.35
1024,64,2,2048,249.025
1024,64,2,4096,332.769
1024,64,2,8192,514.637
1024,64,2,16384,739.501
1024,64,2,32768,1197.87
1024,64,4,16,191.35
1024,64,4,32,191.328
1024,64,4,64,190.22
1024,64,4,128,196.833
1024,64,4,256,201.634
1024,64,4,512,211.734
1024,64,4,1024,234.987
1024,64,4,2048,301.441
1024,64,4,4096,471.895
1024,64,4,8192,789.411
1024,64,4,16384,1343.99
1024,64,4,32768,2303.38
1024,64,8,16,211.489
1024,64,8,32,212.364
1024,64,8,64,211.105
1024,64,8,128,222.401
1024,64,8,256,232.694
1024,64,8,512,252.118
1024,64,8,1024,298.572
1024,64,8,2048,497.932
1024,64,8,4096,898.487
1024,64,8,8192,1663.1
1024,64,8,16384,3078.9
1024,64,8,32768,6031.2
1024,64,16,16,247.989
1024,64,16,32,251.19
1024,64,16,64,253.206
1024,64,16,128,273.249
1024,64,16,256,291.137
1024,64,16,512,336.267
1024,64,16,1024,525.857
1024,64,16,2048,980.067
1024,64,16,4096,1870.09
1024,64,16,8192,3652.04
1024,64,16,16384,7026.3
1024,64,16,32768,13771.7
1024,64,32,16,325.623
1024,64,32,32,327.361
1024,64,32,64,329.142
1024,64,32,128,369.644
1024,64,32,256,411.649
1024,64,32,512,544.888
1024,64,32,1024,1019.87
1024,64,32,2048,1960.87
1024,64,32,4096,3774.71
1024,64,32,8192,7370.05
1024,64,32,16384,14550.1
1024,64,32,32768,28928.2
1024,64,64,16,478.081
1024,64,64,32,480.631
1024,64,64,64,483.148
1024,64,64,128,565.325
1024,64,64,256,665.133
1024,64,64,512,1034.73
1024,64,64,1024,1967.69
1024,64,64,2048,3843.2
1024,64,64,4096,7514.68
1024,64,64,8192,14879.6
1024,64,64,16384,29535.9
1024,64,64,32768,58851.6
1024,64,128,16,781.186
1024,64,128,32,787.447
1024,64,128,64,794.989
1024,64,128,128,983.459
1024,64,128,256,1202.71
1024,64,128,512,1974.57
1024,64,128,1024,3800.28
1024,64,128,2048,7506.98
1024,64,128,4096,14845.4
1024,64,128,8192,29523.5
1024,64,128,16384,58819.9
1024,64,128,32768,117370
1024,128,0,0,185.387
1024,128,1,16,188.257
1024,128,1,32,189.505
1024,128,1,64,189.537
1024,128,1,128,189.547
1024,128,1,256,191.158
1024,128,1,512,194.346
1024,128,1,1024,199.979
1024,128,1,2048,235.681
1024,128,1,4096,302.347
1024,128,1,8192,419.191
1024,128,1,16384,646.018
1024,128,1,32768,1084.53
1024,128,2,16,192.79
1024,128,2,32,192.182
1024,128,2,64,192.62
1024,128,2,128,196.427
1024,128,2,256,197.729
1024,128,2,512,204.854
1024,128,2,1024,213.484
1024,128,2,2048,258.721
1024,128,2,4096,343.702
1024,128,2,8192,525.378
1024,128,2,16384,771.01
1024,128,2,32768,1245.24
1024,128,4,16,201.996
1024,128,4,32,203.029
1024,128,4,64,200.811
1024,128,4,128,207.136
1024,128,4,256,211.905
1024,128,4,512,223.766
1024,128,4,1024,245.142
1024,128,4,2048,311.605
1024,128,4,4096,482.114
1024,128,4,8192,823.715
1024,128,4,16384,1342.39
1024,128,4,32768,2377.14
1024,128,8,16,221.238
1024,128,8,32,221.504
1024,128,8,64,222.892
1024,128,8,128,231.596
1024,128,8,256,242.263
1024,128,8,512,264.214
1024,128,8,1024,308.129
1024,128,8,2048,503.191
1024,128,8,4096,905.219
1024,128,8,8192,1683.61
1024,128,8,16384,3226.26
1024,128,8,32768,6168.89
1024,128,16,16,259.479
1024,128,16,32,262.603
1024,128,16,64,260.171
1024,128,16,128,279.766
1024,128,16,256,301.846
1024,128,16,512,343.073
1024,128,16,1024,529.057
1024,128,16,2048,963.822
1024,128,16,4096,1887.8
1024,128,16,8192,3638.97
1024,128,16,16384,7017.35
1024,128,16,32768,13715.6
1024,128,32,16,337.089
1024,128,32,32,337.323
1024,128,32,64,339.682
1024,128,32,128,380.439
1024,128,32,256,422.413
1024,128,32,512,548.364
1024,128,32,1024,1017.85
1024,128,32,2048,1966.2
1024,128,32,4096,3783.21
1024,128,32,8192,7374.77
1024,128,32,16384,14576.1
1024,128,32,32768,28936.1
1024,128,64,16,486.956
1024,128,64,32,490.103
1024,128,64,64,495.041
1024,128,64,128,574.412
1024,128,64,256,676.834
1024,128,64,512,1037.95
1024,128,64,1024,1965.57
1024,128,64,2048,3841.87
1024,128,64,4096,7516.64
1024,128,64,8192,14875.5
1024,128,64,16384,29544.9
1024,128,64,32768,58845.1
1024,128,128,16,791.841
1024,128,128,32,797.836
1024,128,128,64,805.56
1024,128,128,128,993.304
1024,128,128,256,1213.99
1024,128,128,512,1978.48
1024,128,128,1024,3804.43
1024,128,128,2048,7502.72
1024,128,128,4096,14841.3
1024,128,128,8192,29520.7
1024,128,128,16384,58824.4
1024,128,128,32768,117360
1024,256,0,0,208.267
1024,256,1,16,211.563
1024,256,1,32,213.793
1024,256,1,64,214.561
1024,256,1,128,213.131
1024,256,1,256,213.634
1024,256,1,512,217.526
1024,256,1,1024,223.349
1024,256,1,2048,253.995
1024,256,1,4096,322.625
1024,256,1,8192,449.422
1024,256,1,16384,666.018
1024,256,1,32768,1117.6
1024,256,2,16,217.932
1024,256,2,32,216.971
1024,256,2,64,215.745
1024,256,2,128,217.92
1024,256,2,256,223.009
1024,256,2,512,226.166
1024,256,2,1024,235.574
1024,256,2,2048,280.535
1024,256,2,4096,364.897
1024,256,2,8192,548.727
1024,256,2,16384,820.035
1024,256,2,32768,1284.47
1024,256,4,16,224.641
1024,256,4,32,224.215
1024,256,4,64,227.04
1024,256,4,128,232.193
1024,256,4,256,234.572
1024,256,4,512,246.593
1024,256,4,1024,266.817
1024,256,4,2048,335.425
1024,256,4,4096,489.152
1024,256,4,8192,830.616
1024,256,4,16384,1393.36
1024,256,4,32768,2526.82
1024,256,8,16,243.509
1024,256,8,32,245.121
1024,256,8,64,244.523
1024,256,8,128,254.561
1024,256,8,256,266.849
1024,256,8,512,285.59
1024,256,8,1024,329.292
1024,256,8,2048,499.106
1024,256,8,4096,906.52
1024,256,8,8192,1712.04
1024,256,8,16384,3306.9
1024,256,8,32768,6443.45
1024,256,16,16,281.814
1024,256,16,32,286.06
1024,256,16,64,283.083
1024,256,16,128,303.799
1024,256,16,256,325.292
1024,256,16,512,368.759
1024,256,16,1024,534.485
1024,256,16,2048,935.925
1024,256,16,4096,1912.03
1024,256,16,8192,3713.46
1024,256,16,16384,7170.8
1024,256,16,32768,14100.5
1024,256,32,16,360.523
1024,256,32,32,362.327
1024,256,32,64,362.731
1024,256,32,128,403.212
1024,256,32,256,445.814
1024,256,32,512,558.839
1024,256,32,1024,1025.77
1024,256,32,2048,1976.48
1024,256,32,4096,3808.84
1024,256,32,8192,7441.17
1024,256,32,16384,14675.1
1024,256,32,32768,29147.4
1024,256,64,16,511.511
1024,256,64,32,514.924
1024,256,64,64,516.536
1024,256,64,128,598.435
1024,256,64,256,699.363
1024,256,64,512,1040.25
1024,256,64,1024,1972.11
1024,256,64,2048,3849.77
1024,256,64,4096,7525.16
1024,256,64,8192,14897.8
1024,256,64,16384,29569
1024,256,64,32768,58889.7
1024,256,128,16,816.44
1024,256,128,32,822.787
1024,256,128,64,830.488
1024,256,128,128,1014.41
1024,256,128,256,1232.55
1024,256,128,512,1982.48
1024,256,128,1024,3807.05
1024,256,128,2048,7511.55
1024,256,128,4096,14858.5
1024,256,128,8192,29544.2
1024,256,128,16384,58846.9
1024,256,128,32768,117399
1024,512,0,0,254.668
1024,512,1,16,257.536
1024,512,1,32,259.361
1024,512,1,64,258.87
1024,512,1,128,257.855
1024,512,1,256,257.814
1024,512,1,512,264.684
1024,512,1,1024,267.574
1024,512,1,2048,294.209
1024,512,1,4096,364.471
1024,512,1,8192,495.991
1024,512,1,16384,717.485
1024,512,1,32768,1158.04
1024,512,2,16,261.238
1024,512,2,32,260.726
1024,512,2,64,260.331
1024,512,2,128,266.048
1024,512,2,256,268.642
1024,512,2,512,273.568
1024,512,2,1024,282.145
1024,512,2,2048,321.026
1024,512,2,4096,409.068
1024,512,2,8192,587.789
1024,512,2,16384,903.526
1024,512,2,32768,1384.66
1024,512,4,16,273.601
1024,512,4,32,270.221
1024,512,4,64,270.583
1024,512,4,128,278.486
1024,512,4,256,279.852
1024,512,4,512,292.023
1024,512,4,1024,311.467
1024,512,4,2048,374.679
1024,512,4,4096,522.404
1024,512,4,8192,864.259
1024,512,4,16384,1440.53
1024,512,4,32768,2603.31
1024,512,8,16,289.794
1024,512,8,32,290.358
1024,512,8,64,289.452
1024,512,8,128,303.702
1024,512,8,256,311.799
1024,512,8,512,332.076
1024,512,8,1024,377.015
1024,512,8,2048,523.97
1024,512,8,4096,889.112
1024,512,8,8192,1849.79
1024,512,8,16384,3541.73
1024,512,8,32768,6726.21
1024,512,16,16,328.108
1024,512,16,32,327.5
1024,512,16,64,329.26
1024,512,16,128,350.166
1024,512,16,256,375.681
1024,512,16,512,412.14
1024,512,16,1024,533.249
1024,512,16,2048,983.501
1024,512,16,4096,1937.91
1024,512,16,8192,3748.77
1024,512,16,16384,7241.65
1024,512,16,32768,14269.7
1024,512,32,16,405.75
1024,512,32,32,407.671
1024,512,32,64,408.172
1024,512,32,128,449.665
1024,512,32,256,493.111
1024,512,32,512,591.085
1024,512,32,1024,1024.47
1024,512,32,2048,1983.27
1024,512,32,4096,3838.97
1024,512,32,8192,7494.93
1024,512,32,16384,14779.9
1024,512,32,32768,29290
1024,512,64,16,558.381
1024,512,64,32,560.844
1024,512,64,64,563.842
1024,512,64,128,645.911
1024,512,64,256,746.21
1024,512,64,512,1045.5
1024,512,64,1024,1985.17
1024,512,64,2048,3858.08
1024,512,64,4096,7570.2
1024,512,64,8192,14931.6
1024,512,64,16384,29615.5
1024,512,64,32768,58947.5
1024,512,128,16,862.404
1024,512,128,32,869.197
1024,512,128,64,878.115
1024,512,128,128,1059.05
1024,512,128,256,1270.92
1024,512,128,512,1989.47
1024,512,128,1024,3816.4
1024,512,128,2048,7527.01
1024,512,128,4096,14889.1
1024,512,128,8192,29580
1024,512,128,16384,58907.6
1024,512,128,32768,117443
1024,1024,0,0,345.804
1024,1024,1,16,347.777
1024,1024,1,32,347.51
1024,1024,1,64,348.471
1024,1024,1,128,347.926
1024,1024,1,256,351.874
1024,1024,1,512,356.321
1024,1024,1,1024,359.287
1024,1024,1,2048,373.089
1024,1024,1,4096,448.204
1024,1024,1,8192,582.337
1024,1024,1,16384,826.606
1024,1024,1,32768,1257.21
1024,1024,2,16,351.713
1024,1024,2,32,355.563
1024,1024,2,64,352.214
1024,1024,2,128,354.882
1024,1024,2,256,358.402
1024,1024,2,512,363.715
1024,1024,2,1024,373.388
1024,1024,2,2048,399.34
1024,1024,2,4096,495.831
1024,1024,2,8192,662.349
1024,1024,2,16384,1021.12
1024,1024,2,32768,1547.54
1024,1024,4,16,360.344
1024,1024,4,32,364.78
1024,1024,4,64,360.598
1024,1024,4,128,366.786
1024,1024,4,256,372.108
1024,1024,4,512,383.874
1024,1024,4,1024,407.522
1024,1024,4,2048,454.434
1024,1024,4,4096,595.5
1024,1024,4,8192,879.138
1024,1024,4,16384,1570.97
1024,1024,4,32768,2887.5
1024,1024,8,16,380.556
1024,1024,8,32,381.91
1024,1024,8,64,384.545
1024,1024,8,128,393.612
1024,1024,8,256,402.614
1024,1024,8,512,423.959
1024,1024,8,1024,469.848
1024,1024,8,2048,571.298
1024,1024,8,4096,944.354
1024,1024,8,8192,1908.23
1024,1024,8,16384,3734.02
1024,1024,8,32768,7230.77
1024,1024,16,16,419.223
1024,1024,16,32,419.618
1024,1024,16,64,419.053
1024,1024,16,128,441.015
1024,1024,16,256,462.261
1024,1024,16,512,503.713
1024,1024,16,1024,601.571
1024,1024,16,2048,1004.85
1024,1024,16,4096,1936.39
1024,1024,16,8192,3804.32
1024,1024,16,16384,7334.74
1024,1024,16,32768,14428
1024,1024,32,16,498.583
1024,1024,32,32,499.425
1024,1024,32,64,500.15
1024,1024,32,128,541.751
1024,1024,32,256,584.941
1024,1024,32,512,679.387
1024,1024,32,1024,1042.97
1024,1024,32,2048,2012.65
1024,1024,32,4096,3862.27
1024,1024,32,8192,7571.77
1024,1024,32,16384,14862.8
1024,1024,32,32768,29401.2
1024,1024,64,16,650.466
1024,1024,64,32,652.29
1024,1024,64,64,655.971
1024,1024,64,128,738.584
1024,1024,64,256,838.2
1024,1024,64,512,1093.28
1024,1024,64,1024,2003.42
1024,1024,64,2048,3887.48
1024,1024,64,4096,7626.87
1024,1024,64,8192,15030.8
1024,1024,64,16384,29727.2
1024,1024,64,32768,59052.8
1024,1024,128,16,956.921
1024,1024,128,32,962.467
1024,1024,128,64,974.211
1024,1024,128,128,1153.69
1024,1024,128,256,1348.2
1024,1024,128,512,2004.75
1024,1024,128,1024,3844.64
1024,1024,128,2048,7571.97
1024,1024,128,4096,14947.4
1024,1024,128,8192,29663.4
1024,1024,128,16384,58993.9
1024,1024,128,32768,117601
1024,2048,0,0,531.937
1024,2048,1,16,539.009
1024,2048,1,32,535.831
1024,2048,1,64,537.464
1024,2048,1,128,541.249
1024,2048,1,256,537.644
1024,2048,1,512,545.761
1024,2048,1,1024,550.456
1024,2048,1,2048,552.749
1024,2048,1,4096,604.376
1024,2048,1,8192,756.088
1024,2048,1,16384,1022.05
1024,2048,1,32768,1475.74
1024,2048,2,16,540.399
1024,2048,2,32,539.969
1024,2048,2,64,544.621
1024,2048,2,128,545.804
1024,2048,2,256,549.217
1024,2048,2,512,549.079
1024,2048,2,1024,557.602
1024,2048,2,2048,573.9
1024,2048,2,4096,651.661
1024,2048,2,8192,846.521
1024,2048,2,16384,1178.8
1024,2048,2,32768,1876.27
1024,2048,4,16,554.415
1024,2048,4,32,555.085
1024,2048,4,64,556.546
1024,2048,4,128,553.176
1024,2048,4,256,557.187
1024,2048,4,512,570.477
1024,2048,4,1024,587.116
1024,2048,4,2048,632.684
1024,2048,4,4096,761.07
1024,2048,4,8192,1037.12
1024,2048,4,16384,1735.52
1024,2048,4,32768,3147.92
1024,2048,8,16,570.602
1024,2048,8,32,564.684
1024,2048,8,64,565.729
1024,2048,8,128,573.581
1024,2048,8,256,584.835
1024,2048,8,512,607.096
1024,2048,8,1024,652.329
1024,2048,8,2048,745.646
1024,2048,8,4096,1019.97
1024,2048,8,8192,2005.23
1024,2048,8,16384,3834.77
1024,2048,8,32768,7419.4
1024,2048,16,16,600.066
1024,2048,16,32,603.022
1024,2048,16,64,600.568
1024,2048,16,128,627.095
1024,2048,16,256,643.724
1024,2048,16,512,693.219
1024,2048,16,1024,779.416
1024,2048,16,2048,1012.36
1024,2048,16,4096,2001.96
1024,2048,16,8192,3894.09
1024,2048,16,16384,7395.32
1024,2048,16,32768,14494.5
1024,2048,32,16,679.97
1024,2048,32,32,682.144
1024,2048,32,64,684.194
1024,2048,32,128,725.41
1024,2048,32,256,769.368
1024,2048,32,512,865.88
1024,2048,32,1024,1094.34
1024,2048,32,2048,2004.73
1024,2048,32,4096,3890.28
1024,2048,32,8192,7682.25
1024,2048,32,16384,15018
1024,2048,32,32768,29554.7
1024,2048,64,16,831.64
1024,2048,64,32,836.323
1024,2048,64,64,838.979
1024,2048,64,128,925.475
1024,2048,64,256,1025.9
1024,2048,64,512,1232.52
1024,2048,64,1024,2091.04
1024,2048,64,2048,3985.06
1024,2048,64,4096,7696.62
1024,2048,64,8192,15190
1024,2048,64,16384,29953.9
1024,2048,64,32768,59292.7
1024,2048,128,16,1141.41
1024,2048,128,32,1149.23
1024,2048,128,64,1162.03
1024,2048,128,128,1341.99
1024,2048,128,256,1535.13
1024,2048,128,512,2059.24
1024,2048,128,1024,3889.47
1024,2048,128,2048,7626.38
1024,2048,128,4096,15036.7
1024,2048,128,8192,29827.1
1024,2048,128,16384,59175.2
1024,2048,128,32768,117796
1024,4096,0,0,920.664
1024,4096,1,16,935.011
1024,4096,1,32,933.998
1024,4096,1,64,925.315
1024,4096,1,128,926.019
1024,4096,1,256,926.809
1024,4096,1,512,938.318
1024,4096,1,1024,936.934
1024,4096,1,2048,938.563
1024,4096,1,4096,953.559
1024,4096,1,8192,1052.1
1024,4096,1,16384,1381.36
1024,4096,1,32768,1876.23
1024,4096,2,16,927.898
1024,4096,2,32,932.205
1024,4096,2,64,929.774
1024,4096,2,128,927.48
1024,4096,2,256,931.801
1024,4096,2,512,939.267
1024,4096,2,1024,945.507
1024,4096,2,2048,953.882
1024,4096,2,4096,966.371
1024,4096,2,8192,1174.09
1024,4096,2,16384,1538.45
1024,4096,2,32768,2248.71
1024,4096,4,16,938.851
1024,4096,4,32,937.486
1024,4096,4,64,939.043
1024,4096,4,128,939.939
1024,4096,4,256,948.43
1024,4096,4,512,945.582
1024,4096,4,1024,958.393
1024,4096,4,2048,1000.81
1024,4096,4,4096,1077
1024,4096,4,8192,1329.78
1024,4096,4,16384,2054.76
1024,4096,4,32768,3626.76
1024,4096,8,16,951.374
1024,4096,8,32,961.459
1024,4096,8,64,950.308
1024,4096,8,128,957.778
1024,4096,8,256,960.718
1024,4096,8,512,985.176
1024,4096,8,1024,1026.16
1024,4096,8,2048,1104.34
1024,4096,8,4096,1315.09
1024,4096,8,8192,1829.72
1024,4096,8,16384,3896.52
1024,4096,8,32768,7507.33
1024,4096,16,16,972.12
1024,4096,16,32,973.753
1024,4096,16,64,975
1024,4096,16,128,997.848
1024,4096,16,256,1023.25
1024,4096,16,512,1055.24
1024,4096,16,1024,1147.83
1024,4096,16,2048,1349.4
1024,4096,16,4096,1852.93
1024,4096,16,8192,3977.69
1024,4096,16,16384,7563.33
1024,4096,16,32768,14693.2
1024,4096,32,16,1048.76
1024,4096,32,32,1047.4
1024,4096,32,64,1049.43
1024,4096,32,128,1091.85
1024,4096,32,256,1139.29
1024,4096,32,512,1233.09
1024,4096,32,1024,1442.62
1024,4096,32,2048,2207.68
1024,4096,32,4096,4048.33
1024,4096,32,8192,7786.23
1024,4096,32,16384,15296.2
1024,4096,32,32768,29838.1
1024,4096,64,16,1202.2
1024,4096,64,32,1204.61
1024,4096,64,64,1206.24
1024,4096,64,128,1298.02
1024,4096,64,256,1394.07
1024,4096,64,512,1598.07
1024,4096,64,1024,2151.65
1024,4096,64,2048,4203.87
1024,4096,64,4096,7832.88
1024,4096,64,8192,15394.7
1024,4096,64,16384,30334.7
1024,4096,64,32768,59710.8
1024,4096,128,16,1513.81
1024,4096,128,32,1524.98
1024,4096,128,64,1536.52
1024,4096,128,128,1712.36
1024,4096,128,256,1904.13
1024,4096,128,512,2327.36
1024,4096,128,1024,4032.74
1024,4096,128,2048,7746.4
1024,4096,128,4096,15261.2
1024,4096,128,8192,30051.8
1024,4096,128,16384,59516
1024,4096,128,32768,118318
1024,8192,0,0,1698.13
1024,8192,1,16,1701.84
1024,8192,1,32,1715.63
1024,8192,1,64,1704.08
1024,8192,1,128,1700.75
1024,8192,1,256,1715.01
1024,8192,1,512,1719.68
1024,8192,1,1024,1724.85
1024,8192,1,2048,1722.09
1024,8192,1,4096,1726.44
1024,8192,1,8192,1721.67
1024,8192,1,16384,1944.87
1024,8192,1,32768,2609.08
1024,8192,2,16,1718.44
1024,8192,2,32,1708.39
1024,8192,2,64,1707.67
1024,8192,2,128,1720.98
1024,8192,2,256,1720.84
1024,8192,2,512,1722.37
1024,8192,2,1024,1721.09
1024,8192,2,2048,1724.36
1024,8192,2,4096,1723.08
1024,8192,2,8192,1764.15
1024,8192,2,16384,2184.7
1024,8192,2,32768,2896.12
1024,8192,4,16,1714.27
1024,8192,4,32,1730.53
1024,8192,4,64,1726.46
1024,8192,4,128,1714.74
1024,8192,4,256,1730.38
1024,8192,4,512,1719.1
1024,8192,4,1024,1731.31
1024,8192,4,2048,1737.57
1024,8192,4,4096,1857.3
1024,8192,4,8192,1973.89
1024,8192,4,16384,2469.32
1024,8192,4,32768,3688.45
1024,8192,8,16,1728.83
1024,8192,8,32,1730.14
1024,8192,8,64,1729.17
1024,8192,8,128,1731.73
1024,8192,8,256,1736.42
1024,8192,8,512,1742.84
1024,8192,8,1024,1764.88
1024,8192,8,2048,1845.65
1024,8192,8,4096,2001.91
1024,8192,8,8192,2439.36
1024,8192,8,16384,3476.15
1024,8192,8,32768,7960.12
1024,8192,16,16,1749.73
1024,8192,16,32,1751.04
1024,8192,16,64,1751.76
1024,8192,16,128,1757.39
1024,8192,16,256,1761.73
1024,8192,16,512,1794.52
1024,8192,16,1024,1877.2
1024,8192,16,2048,2058.26
1024,8192,16,4096,2616.41
1024,8192,16,8192,4157.09
1024,8192,16,16384,8057.97
1024,8192,16,32768,14707.5
1024,8192,32,16,1786.98
1024,8192,32,32,1791.15
1024,8192,32,64,1790.8
1024,8192,32,128,1833.75
1024,8192,32,256,1881.36
1024,8192,32,512,1974.12
1024,8192,32,1024,2161.16
1024,8192,32,2048,2664.88
1024,8192,32,4096,4499.89
1024,8192,32,8192,8172.18
1024,8192,32,16384,15409.6
1024,8192,32,32768,30532.6
1024,8192,64,16,1943.09
1024,8192,64,32,1944.63
1024,8192,64,64,1948.69
1024,8192,64,128,2031.93
1024,8192,64,256,2125.47
1024,8192,64,512,2323.87
1024,8192,64,1024,2735.73
1024,8192,64,2048,4293.21
1024,8192,64,4096,8359.68
1024,8192,64,8192,15524.9
1024,8192,64,16384,30710.8
1024,8192,64,32768,60539.3
1024,8192,128,16,2258.45
1024,8192,128,32,2265.47
1024,8192,128,64,2274.78
1024,8192,128,128,2454.72
1024,8192,128,256,2644.53
1024,8192,128,512,3037.15
1024,8192,128,1024,4156.85
1024,8192,128,2048,8078.32
1024,8192,128,4096,15381.3
1024,8192,128,8192,30527.9
1024,8192,128,16384,60056.2
1024,8192,128,32768,118977
1024,16384,0,0,3254.79
1024,16384,1,16,3260.08
1024,16384,1,32,3258.07
1024,16384,1,64,3287.15
1024,16384,1,128,3288.34
1024,16384,1,256,3294.35
1024,16384,1,512,3290.74
1024,16384,1,1024,3292.17
1024,16384,1,2048,3295.82
1024,16384,1,4096,3297.42
1024,16384,1,8192,3302.63
1024,16384,1,16384,3294.7
1024,16384,1,32768,3750.44
1024,16384,2,16,3289.92
1024,16384,2,32,3293.09
1024,16384,2,64,3290.65
1024,16384,2,128,3291.8
1024,16384,2,256,3265.92
1024,16384,2,512,3266.29
1024,16384,2,1024,3295.91
1024,16384,2,2048,3296.22
1024,16384,2,4096,3302.47
1024,16384,2,8192,3317.53
1024,16384,2,16384,3345.69
1024,16384,2,32768,4191.28
1024,16384,4,16,3296.98
1024,16384,4,32,3269.71
1024,16384,4,64,3271.78
1024,16384,4,128,3274.35
1024,16384,4,256,3274.93
1024,16384,4,512,3275.07
1024,16384,4,1024,3307.96
1024,16384,4,2048,3304.15
1024,16384,4,4096,3337.45
1024,16384,4,8192,3547.66
1024,16384,4,16384,3807.85
1024,16384,4,32768,4764.27
1024,16384,8,16,3314.27
1024,16384,8,32,3311.56
1024,16384,8,64,3285.96
1024,16384,8,128,3315.38
1024,16384,8,256,3314.31
1024,16384,8,512,3327.55
1024,16384,8,1024,3346.19
1024,16384,8,2048,3362.29
1024,16384,8,4096,3555.35
1024,16384,8,8192,3853.31
1024,16384,8,16384,4763.68
1024,16384,8,32768,8622.44
1024,16384,16,16,3296.2
1024,16384,16,32,3321.64
1024,16384,16,64,3306.7
1024,16384,16,128,3325.97
1024,16384,16,256,3342.63
1024,16384,16,512,3329.61
1024,16384,16,1024,3375.68
1024,16384,16,2048,3555.84
1024,16384,16,4096,3926.26
1024,16384,16,8192,5504.42
1024,16384,16,16384,8699.64
1024,16384,16,32768,16149.4
1024,16384,32,16,3350.74
1024,16384,32,32,3352.33
1024,16384,32,64,3354.17
1024,16384,32,128,3363.29
1024,16384,32,256,3389.64
1024,16384,32,512,3461.68
1024,16384,32,1024,3646.08
1024,16384,32,2048,4022.26
1024,16384,32,4096,5359.03
1024,16384,32,8192,9068.91
1024,16384,32,16384,16157.3
1024,16384,32,32768,30798.8
1024,16384,64,16,3426.72
1024,16384,64,32,3430.37
1024,16384,64,64,3435.54
1024,16384,64,128,3515.02
1024,16384,64,256,3611.62
1024,16384,64,512,3799.25
1024,16384,64,1024,4206.08
1024,16384,64,2048,5214.25
1024,16384,64,4096,8635.14
1024,16384,64,8192,16739.4
1024,16384,64,16384,31009.2
1024,16384,64,32768,61325.9
1024,16384,128,16,3753.55
1024,16384,128,32,3761.85
1024,16384,128,64,3765.89
1024,16384,128,128,3926.03
1024,16384,128,256,4115.5
1024,16384,128,512,4506.27
1024,16384,128,1024,5322.16
1024,16384,128,2048,8552.41
1024,16384,128,4096,16081
1024,16384,128,8192,31010.1
1024,16384,128,16384,61041.3
1024,16384,128,32768,120064
1024,32768,0,0,6400.1
1024,32768,1,16,6407.34
1024,32768,1,32,6408.15
1024,32768,1,64,6402.28
1024,32768,1,128,6406.3
1024,32768,1,256,6407.33
1024,32768,1,512,6406.32
1024,32768,1,1024,6408.11
1024,32768,1,2048,6409.66
1024,32768,1,4096,6410.3
1024,32768,1,8192,6413.38
1024,32768,1,16384,6420.72
1024,32768,1,32768,6440.34
1024,32768,2,16,6406.42
1024,32768,2,32,6402.44
1024,32768,2,64,6404.64
1024,32768,2,128,6407.99
1024,32768,2,256,6406.46
1024,32768,2,512,6408.28
1024,32768,2,1024,6409.91
1024,32768,2,2048,6415.11
1024,32768,2,4096,6416.19
1024,32768,2,8192,6419.88
1024,32768,2,16384,6442.92
1024,32768,2,32768,6493.66
1024,32768,4,16,6417.82
1024,32768,4,32,6415.76
1024,32768,4,64,6410.83
1024,32768,4,128,6473.59
1024,32768,4,256,6416.79
1024,32768,4,512,6423.95
1024,32768,4,1024,6428.26
1024,32768,4,2048,6424.3
1024,32768,4,4096,6440.4
1024,32768,4,8192,6462.56
1024,32768,4,16384,6929.35
1024,32768,4,32768,7481.43
1024,32768,8,16,6477.39
1024,32768,8,32,6420.89
1024,32768,8,64,6420.81
1024,32768,8,128,6423.41
1024,32768,8,256,6425.3
1024,32768,8,512,6490.8
1024,32768,8,1024,6435.77
1024,32768,8,2048,6461.78
1024,32768,8,4096,6506.44
1024,32768,8,8192,7005.61
1024,32768,8,16384,7604.95
1024,32768,8,32768,10181.9
1024,32768,16,16,6482.59
1024,32768,16,32,6429.92
1024,32768,16,64,6426.6
1024,32768,16,128,6445.14
1024,32768,16,256,6447.76
1024,32768,16,512,6455.18
1024,32768,16,1024,6514.1
1024,32768,16,2048,6586.68
1024,32768,16,4096,6954.55
1024,32768,16,8192,7640.15
1024,32768,16,16384,10984.1
1024,32768,16,32768,17392.2
1024,32768,32,16,6496.14
1024,32768,32,32,6506.4
1024,32768,32,64,6505.16
1024,32768,32,128,6513.59
1024,32768,32,256,6537.63
1024,32768,32,512,6569.66
1024,32768,32,1024,6673.53
1024,32768,32,2048,7047.87
1024,32768,32,4096,7774.94
1024,32768,32,8192,11029.1
1024,32768,32,16384,18085.9
1024,32768,32,32768,32434.6
1024,32768,64,16,6569.49
1024,32768,64,32,6568.21
1024,32768,64,64,6572.75
1024,32768,64,128,6608.6
1024,32768,64,256,6636.7
1024,32768,64,512,6802.65
1024,32768,64,1024,7199.36
1024,32768,64,2048,8037.39
1024,32768,64,4096,10458.2
1024,32768,64,8192,17381.8
1024,32768,64,16384,33095.4
1024,32768,64,32768,61707.5
1024,32768,128,16,6748.32
1024,32768,128,32,6745.17
1024,32768,128,64,6749.76
1024,32768,128,128,6933.23
1024,32768,128,256,7118.52
1024,32768,128,512,7503.58
1024,32768,128,1024,8278.45
1024,32768,128,2048,10346.1
1024,32768,128,4096,17099
1024,32768,128,8192,32081.4
1024,32768,128,16384,61739.7
1024,32768,128,32768,121873
2048,0,0,0,481.815
2048,0,1,16,489.869
2048,0,1,32,487.191
2048,0,1,64,490.743
2048,0,1,128,499.99
2048,0,1,256,500.183
2048,0,1,512,503.65
2048,0,1,1024,502.059
2048,0,1,2048,514.594
2048,0,1,4096,589.079
2048,0,1,8192,739.479
2048,0,1,16384,991.567
2048,0,1,32768,1459.41
2048,0,2,16,502.69
2048,0,2,32,499.842
2048,0,2,64,498.861
2048,0,2,128,507.118
2048,0,2,256,507.981
2048,0,2,512,509.635
2048,0,2,1024,516.396
2048,0,2,2048,553.719
2048,0,2,4096,640.558
2048,0,2,8192,821.081
2048,0,2,16384,1205.87
2048,0,2,32768,1916.2
2048,0,4,16,510.946
2048,0,4,32,510.861
2048,0,4,64,516.716
2048,0,4,128,521.655
2048,0,4,256,522.21
2048,0,4,512,538.532
2048,0,4,1024,556.695
2048,0,4,2048,610.21
2048,0,4,4096,744.579
2048,0,4,8192,1108.77
2048,0,4,16384,2012.66
2048,0,4,32768,3568.42
2048,0,8,16,544.898
2048,0,8,32,547.98
2048,0,8,64,551.577
2048,0,8,128,555.789
2048,0,8,256,567.189
2048,0,8,512,589.579
2048,0,8,1024,632.438
2048,0,8,2048,735.928
2048,0,8,4096,1106.17
2048,0,8,8192,2109.27
2048,0,8,16384,3966.69
2048,0,8,32768,7640.05
2048,0,16,16,610.029
2048,0,16,32,610.637
2048,0,16,64,604.481
2048,0,16,128,627.928
2048,0,16,256,650.297
2048,0,16,512,698.882
2048,0,16,1024,796.921
2048,0,16,2048,1104.73
2048,0,16,4096,2097.47
2048,0,16,8192,4018.31
2048,0,16,16384,7706.56
2048,0,16,32768,15088.1
2048,0,32,16,723.864
2048,0,32,32,736.197
2048,0,32,64,727.47
2048,0,32,128,767.917
2048,0,32,256,824.774
2048,0,32,512,913.721
2048,0,32,1024,1131.35
2048,0,32,2048,2096.12
2048,0,32,4096,4032.39
2048,0,32,8192,7770.74
2048,0,32,16384,15214.4
2048,0,32,32768,30065.1
2048,0,64,16,969.135
2048,0,64,32,974.126
2048,0,64,64,977.454
2048,0,64,128,1059.25
2048,0,64,256,1159.02
2048,0,64,512,1366.5
2048,0,64,1024,2068.29
2048,0,64,2048,4033.43
2048,0,64,4096,7752.16
2048,0,64,8192,15139.5
2048,0,64,16384,29835
2048,0,64,32768,59165
2048,0,128,16,1464.54
2048,0,128,32,1469.31
2048,0,128,64,1497.69
2048,0,128,128,1660.22
2048,0,128,256,1869.79
2048,0,128,512,2339.72
2048,0,128,1024,3922.46
2048,0,128,2048,7661.23
2048,0,128,4096,15038.1
2048,0,128,8192,29750.8
2048,0,128,16384,59082
2048,0,128,32768,117704
2048,16,0,0,503.394
2048,16,1,16,513.729
2048,16,1,32,512.13
2048,16,1,64,509.677
2048,16,1,128,516.503
2048,16,1,256,521.836
2048,16,1,512,519.573
2048,16,1,1024,530.711
2048,16,1,2048,534.775
2048,16,1,4096,608.525
2048,16,1,8192,752.037
2048,16,1,16384,1020.38
2048,16,1,32768,1503.35
2048,16,2,16,529.634
2048,16,2,32,530.444
2048,16,2,64,522.349
2048,16,2,128,526.135
2048,16,2,256,533.41
2048,16,2,512,536.301
2048,16,2,1024,544.246
2048,16,2,2048,569.303
2048,16,2,4096,661.154
2048,16,2,8192,842.083
2048,16,2,16384,1223.33
2048,16,2,32768,1949.48
2048,16,4,16,533.794
2048,16,4,32,537.175
2048,16,4,64,541.154
2048,16,4,128,546.861
2048,16,4,256,552.248
2048,16,4,512,553.55
2048,16,4,1024,577.539
2048,16,4,2048,631.224
2048,16,4,4096,766.018
2048,16,4,8192,1137.74
2048,16,4,16384,2078.66
2048,16,4,32768,3677.64
2048,16,8,16,566.658
2048,16,8,32,573.581
2048,16,8,64,570.178
2048,16,8,128,578.402
2048,16,8,256,590.103
2048,16,8,512,615.607
2048,16,8,1024,659.448
2048,16,8,2048,756.996
2048,16,8,4096,1118.48
2048,16,8,8192,2111.6
2048,16,8,16384,4011.82
2048,16,8,32768,7712.01
2048,16,16,16,631.599
2048,16,16,32,630.711
2048,16,16,64,631.637
2048,16,16,128,648.151
2048,16,16,256,672
2048,16,16,512,724.355
2048,16,16,1024,820.758
2048,16,16,2048,1105.9
2048,16,16,4096,2106.26
2048,16,16,8192,4040.89
2048,16,16,16384,7799.59
2048,16,16,32768,15186.3
2048,16,32,16,753.87
2048,16,32,32,756.667
2048,16,32,64,750.915
2048,16,32,128,789.166
2048,16,32,256,844.611
2048,16,32,512,942.531
2048,16,32,1024,1147.17
2048,16,32,2048,2088.34
2048,16,32,4096,4047.43
2048,16,32,8192,7799.24
2048,16,32,16384,15237.9
2048,16,32,32768,30055.6
2048,16,64,16,993.071
2048,16,64,32,994.521
2048,16,64,64,997.911
2048,16,64,128,1098.3
2048,16,64,256,1183.88
2048,16,64,512,1396.84
2048,16,64,1024,2072.56
2048,16,64,2048,4034.19
2048,16,64,4096,7781.41
2048,16,64,8192,15128.9
2048,16,64,16384,29868.6
2048,16,64,32768,59184.9
2048,16,128,16,1482.89
2048,16,128,32,1492.06
2048,16,128,64,1504.34
2048,16,128,128,1684.04
2048,16,128,256,1884.54
2048,16,128,512,2348.38
2048,16,128,1024,3935.69
2048,16,128,2048,7651.2
2048,16,128,4096,15049
2048,16,128,8192,29756.7
2048,16,128,16384,59112.5
2048,16,128,32768,117721
2048,32,0,0,505.635
2048,32,1,16,509.421
2048,32,1,32,515.437
2048,32,1,64,520.823
2048,32,1,128,514.999
2048,32,1,256,524.461
2048,32,1,512,518.359
2048,32,1,1024,531.554
2048,32,1,2048,542.903
2048,32,1,4096,617.698
2048,32,1,8192,757.133
2048,32,1,16384,1023.62
2048,32,1,32768,1479.27
2048,32,2,16,529.175
2048,32,2,32,518.231
2048,32,2,64,526.264
2048,32,2,128,531.321
2048,32,2,256,531.437
2048,32,2,512,533.762
2048,32,2,1024,543.597
2048,32,2,2048,568.866
2048,32,2,4096,665.559
2048,32,2,8192,854.531
2048,32,2,16384,1212.51
2048,32,2,32768,1962.81
2048,32,4,16,542.189
2048,32,4,32,534.093
2048,32,4,64,534.103
2048,32,4,128,547.266
2048,32,4,256,548.117
2048,32,4,512,560.313
2048,32,4,1024,579.715
2048,32,4,2048,626.019
2048,32,4,4096,776.121
2048,32,4,8192,1134.23
2048,32,4,16384,2061.94
2048,32,4,32768,3694.98
2048,32,8,16,567.991
2048,32,8,32,567.896
2048,32,8,64,566.552
2048,32,8,128,580.44
2048,32,8,256,593.207
2048,32,8,512,615.277
2048,32,8,1024,660.122
2048,32,8,2048,770.435
2048,32,8,4096,1120.79
2048,32,8,8192,2107.2
2048,32,8,16384,3988.5
2048,32,8,32768,7703.94
2048,32,16,16,635.128
2048,32,16,32,636.975
2048,32,16,64,633.763
2048,32,16,128,651.243
2048,32,16,256,669.165
2048,32,16,512,723.48
2048,32,16,1024,818.52
2048,32,16,2048,1110.69
2048,32,16,4096,2103.59
2048,32,16,8192,4041.4
2048,32,16,16384,7786.37
2048,32,16,32768,15200.5
2048,32,32,16,746.947
2048,32,32,32,756.802
2048,32,32,64,748.632
2048,32,32,128,790.659
2048,32,32,256,845.604
2048,32,32,512,935.257
2048,32,32,1024,1146.22
2048,32,32,2048,2082.52
2048,32,32,4096,4046.13
2048,32,32,8192,7803.68
2048,32,32,16384,15240.1
2048,32,32,32768,30074.4
2048,32,64,16,1003.63
2048,32,64,32,1000.06
2048,32,64,64,1010.2
2048,32,64,128,1082.39
2048,32,64,256,1190.37
2048,32,64,512,1385.62
2048,32,64,1024,2073.48
2048,32,64,2048,4035.57
2048,32,64,4096,7773.45
2048,32,64,8192,15164.3
2048,32,64,16384,29870.5
2048,32,64,32768,59191.5
2048,32,128,16,1491.51
2048,32,128,32,1492.41
2048,32,128,64,1505.08
2048,32,128,128,1684.11
2048,32,128,256,1891.59
2048,32,128,512,2347.3
2048,32,128,1024,3935.92
2048,32,128,2048,7655.72
2048,32,128,4096,15045.9
2048,32,128,8192,29772.8
2048,32,128,16384,59116.4
2048,32,128,32768,117744
2048,64,0,0,509.219
2048,64,1,16,516.355
2048,64,1,32,521.367
2048,64,1,64,513.634
2048,64,1,128,514.786
2048,64,1,256,518.54
2048,64,1,512,524.834
2048,64,1,1024,525.837
2048,64,1,2048,539.212
2048,64,1,4096,609.57
2048,64,1,8192,749.752
2048,64,1,16384,1015.34
2048,64,1,32768,1485.25
2048,64,2,16,524.354
2048,64,2,32,523.991
2048,64,2,64,523.938
2048,64,2,128,526.285
2048,64,2,256,531.756
2048,64,2,512,534.432
2048,64,2,1024,553.943
2048,64,2,2048,569.068
2048,64,2,4096,670.552
2048,64,2,8192,839.545
2048,64,2,16384,1208.14
2048,64,2,32768,1947.6
2048,64,4,16,542.765
2048,64,4,32,536.398
2048,64,4,64,534.391
2048,64,4,128,539
2048,64,4,256,545.325
2048,64,4,512,555.936
2048,64,4,1024,580.429
2048,64,4,2048,625.539
2048,64,4,4096,765.838
2048,64,4,8192,1133.5
2048,64,4,16384,2070.92
2048,64,4,32768,3665.36
2048,64,8,16,569.187
2048,64,8,32,573.304
2048,64,8,64,573.047
2048,64,8,128,578.967
2048,64,8,256,589.453
2048,64,8,512,611.885
2048,64,8,1024,655.96
2048,64,8,2048,763.918
2048,64,8,4096,1114.67
2048,64,8,8192,2106.62
2048,64,8,16384,3989.23
2048,64,8,32768,7665.15
2048,64,16,16,635.116
2048,64,16,32,631.277
2048,64,16,64,627.224
2048,64,16,128,653.421
2048,64,16,256,676.822
2048,64,16,512,724.632
2048,64,16,1024,816.26
2048,64,16,2048,1110.5
2048,64,16,4096,2108.61
2048,64,16,8192,4039.07
2048,64,16,16384,7796.24
2048,64,16,32768,15195.4
2048,64,32,16,746.68
2048,64,32,32,763.142
2048,64,32,64,748.888
2048,64,32,128,790.734
2048,64,32,256,836.654
2048,64,32,512,936.804
2048,64,32,1024,1148.27
2048,64,32,2048,2090.05
2048,64,32,4096,4048.08
2048,64,32,8192,7808.13
2048,64,32,16384,15246.1
2048,64,32,32768,30064.6
2048,64,64,16,993.646
2048,64,64,32,995.641
2048,64,64,64,999.236
2048,64,64,128,1083.06
2048,64,64,256,1184.55
2048,64,64,512,1387.55
2048,64,64,1024,2074.44
2048,64,64,2048,4038.31
2048,64,64,4096,7785.51
2048,64,64,8192,15128.6
2048,64,64,16384,29879.8
2048,64,64,32768,59209.5
2048,64,128,16,1491.18
2048,64,128,32,1492.1
2048,64,128,64,1510.46
2048,64,128,128,1703.83
2048,64,128,256,1886.65
2048,64,128,512,2356.94
2048,64,128,1024,3938.4
2048,64,128,2048,7659.6
2048,64,128,4096,15055
2048,64,128,8192,29767.9
2048,64,128,16384,59118.8
2048,64,128,32768,117741
2048,128,0,0,533.015
2048,128,1,16,535.213
2048,128,1,32,534.508
2048,128,1,64,538.413
2048,128,1,128,535.725
2048,128,1,256,537.57
2048,128,1,512,545.145
2048,128,1,1024,542.243
2048,128,1,2048,557.592
2048,128,1,4096,630.744
2048,128,1,8192,773.976
2048,128,1,16384,1038.02
2048,128,1,32768,1498.18
2048,128,2,16,543.756
2048,128,2,32,544.396
2048,128,2,64,550.477
2048,128,2,128,546.189
2048,128,2,256,556.973
2048,128,2,512,554.626
2048,128,2,1024,567.459
2048,128,2,2048,595.213
2048,128,2,4096,684.184
2048,128,2,8192,871.705
2048,128,2,16384,1246.52
2048,128,2,32768,2063.98
2048,128,4,16,557.059
2048,128,4,32,556.077
2048,128,4,64,555.821
2048,128,4,128,561.101
2048,128,4,256,566.85
2048,128,4,512,577.41
2048,128,4,1024,597.944
2048,128,4,2048,646.819
2048,128,4,4096,784.28
2048,128,4,8192,1147.18
2048,128,4,16384,2090.22
2048,128,4,32768,3701.59
2048,128,8,16,598.083
2048,128,8,32,590.309
2048,128,8,64,589.667
2048,128,8,128,598.22
2048,128,8,256,611.106
2048,128,8,512,634.072
2048,128,8,1024,677.634
2048,128,8,2048,782.756
2048,128,8,4096,1128.61
2048,128,8,8192,2119.61
2048,128,8,16384,3990.08
2048,128,8,32768,7664.18
2048,128,16,16,645.389
2048,128,16,32,649.921
2048,128,16,64,658.095
2048,128,16,128,671.595
2048,128,16,256,694.189
2048,128,16,512,739.331
2048,128,16,1024,832.558
2048,128,16,2048,1110.5
2048,128,16,4096,2109.78
2048,128,16,8192,4049.36
2048,128,16,16384,7811.98
2048,128,16,32768,15190.5
2048,128,32,16,773.859
2048,128,32,32,773.485
2048,128,32,64,770.072
2048,128,32,128,823.607
2048,128,32,256,869.4
2048,128,32,512,957.049
2048,128,32,1024,1165.93
2048,128,32,2048,2079.43
2048,128,32,4096,4048.56
2048,128,32,8192,7819.66
2048,128,32,16384,15259.5
2048,128,32,32768,30075
2048,128,64,16,1014.95
2048,128,64,32,1025.09
2048,128,64,64,1018.37
2048,128,64,128,1109.67
2048,128,64,256,1207.91
2048,128,64,512,1407.98
2048,128,64,1024,2086.69
2048,128,64,2048,4037.72
2048,128,64,4096,7786.55
2048,128,64,8192,15187.3
2048,128,64,16384,29881.9
2048,128,64,32768,59198.5
2048,128,128,16,1510.64
2048,128,128,32,1512.71
2048,128,128,64,1546.65
2048,128,128,128,1714.75
2048,128,128,256,1908.41
2048,128,128,512,2378.47
2048,128,128,1024,3948.47
2048,128,128,2048,7657.28
2048,128,128,4096,15046.9
2048,128,128,8192,29779.1
2048,128,128,16384,59116.4
2048,128,128,32768,117742
2048,256,0,0,570.435
2048,256,1,16,587.138
2048,256,1,32,587.768
2048,256,1,64,580.301
2048,256,1,128,581.208
2048,256,1,256,582.072
2048,256,1,512,592.239
2048,256,1,1024,597.668
2048,256,1,2048,600.482
2048,256,1,4096,672.631
2048,256,1,8192,821.837
2048,256,1,16384,1084.85
2048,256,1,32768,1557.46
2048,256,2,16,586.669
2048,256,2,32,588.866
2048,256,2,64,596.322
2048,256,2,128,589.922
2048,256,2,256,588.867
2048,256,2,512,599.043
2048,256,2,1024,613.378
2048,256,2,2048,631.319
2048,256,2,4096,725.368
2048,256,2,8192,909.123
2048,256,2,16384,1284.28
2048,256,2,32768,2147.7
2048,256,4,16,598.925
2048,256,4,32,603.298
2048,256,4,64,607.853
2048,256,4,128,609.026
2048,256,4,256,620.441
2048,256,4,512,631.81
2048,256,4,1024,645.198
2048,256,4,2048,699.779
2048,256,4,4096,827.946
2048,256,4,8192,1188.21
2048,256,4,16384,2161.68
2048,256,4,32768,3836
2048,256,8,16,633.239
2048,256,8,32,633.176
2048,256,8,64,642.05
2048,256,8,128,644
2048,256,8,256,656.002
2048,256,8,512,680.302
2048,256,8,1024,730.691
2048,256,8,2048,813.656
2048,256,8,4096,1135.61
2048,256,8,8192,2132.44
2048,256,8,16384,4021.73
2048,256,8,32768,7746.98
2048,256,16,16,700.548
2048,256,16,32,696.759
2048,256,16,64,701.986
2048,256,16,128,715.971
2048,256,16,256,746.542
2048,256,16,512,788.922
2048,256,16,1024,887.417
2048,256,16,2048,1132.61
2048,256,16,4096,2124.51
2048,256,16,8192,4073.04
2048,256,16,16384,7855.35
2048,256,16,32768,15304.6
2048,256,32,16,810.937
2048,256,32,32,814.061
2048,256,32,64,825.784
2048,256,32,128,859.481
2048,256,32,256,914.155
2048,256,32,512,1010.66
2048,256,32,1024,1211.44
2048,256,32,2048,2092.28
2048,256,32,4096,4048.26
2048,256,32,8192,7843.3
2048,256,32,16384,15277.7
2048,256,32,32768,30103.3
2048,256,64,16,1057.85
2048,256,64,32,1060.44
2048,256,64,64,1062.28
2048,256,64,128,1156.75
2048,256,64,256,1260.59
2048,256,64,512,1463.61
2048,256,64,1024,2106.96
2048,256,64,2048,4044.51
2048,256,64,4096,7811.84
2048,256,64,8192,15172.1
2048,256,64,16384,29903.4
2048,256,64,32768,59254.2
2048,256,128,16,1557.66
2048,256,128,32,1558.9
2048,256,128,64,1577.49
2048,256,128,128,1747.28
2048,256,128,256,1948.96
2048,256,128,512,2406.23
2048,256,128,1024,3976.18
2048,256,128,2048,7692.32
2048,256,128,4096,15065.8
2048,256,128,8192,29797.7
2048,256,128,16384,59159.7
2048,256,128,32768,117778
2048,512,0,0,668.707
2048,512,1,16,663.181
2048,512,1,32,668.185
2048,512,1,64,675.552
2048,512,1,128,675.376
2048,512,1,256,670.403
2048,512,1,512,672.376
2048,512,1,1024,677.517
2048,512,1,2048,693.229
2048,512,1,4096,754.872
2048,512,1,8192,900.491
2048,512,1,16384,1180.67
2048,512,1,32768,1675.88
2048,512,2,16,677.315
2048,512,2,32,682.189
2048,512,2,64,682.083
2048,512,2,128,680.547
2048,512,2,256,682.563
2048,512,2,512,688.441
2048,512,2,1024,703.192
2048,512,2,2048,719.735
2048,512,2,4096,816.608
2048,512,2,8192,1003.94
2048,512,2,16384,1365.75
2048,512,2,32768,2281.94
2048,512,4,16,687.629
2048,512,4,32,687.203
2048,512,4,64,686.521
2048,512,4,128,686.382
2048,512,4,256,698.507
2048,512,4,512,708.205
2048,512,4,1024,732.184
2048,512,4,2048,776.227
2048,512,4,4096,913.54
2048,512,4,8192,1230.49
2048,512,4,16384,2213.56
2048,512,4,32768,4056.89
2048,512,8,16,721.038
2048,512,8,32,730.499
2048,512,8,64,727.003
2048,512,8,128,741.07
2048,512,8,256,755.418
2048,512,8,512,774.947
2048,512,8,1024,808.334
2048,512,8,2048,902.723
2048,512,8,4096,1171.11
2048,512,8,8192,2159.99
2048,512,8,16384,4065.48
2048,512,8,32768,7809.68
2048,512,16,16,787.131
2048,512,16,32,783.171
2048,512,16,64,789.72
2048,512,16,128,815.023
2048,512,16,256,825.858
2048,512,16,512,871.534
2048,512,16,1024,957.146
2048,512,16,2048,1186.76
2048,512,16,4096,2147.03
2048,512,16,8192,4100.3
2048,512,16,16384,7932.44
2048,512,16,32768,15373.7
2048,512,32,16,907.939
2048,512,32,32,898.873
2048,512,32,64,900.024
2048,512,32,128,944.185
2048,512,32,256,987.47
2048,512,32,512,1086.77
2048,512,32,1024,1285.54
2048,512,32,2048,2099.14
2048,512,32,4096,4066.53
2048,512,32,8192,7886.52
2048,512,32,16384,15349.3
2048,512,32,32768,30179
2048,512,64,16,1144.81
2048,512,64,32,1146.78
2048,512,64,64,1150.72
2048,512,64,128,1236.48
2048,512,64,256,1336.92
2048,512,64,512,1549.62
2048,512,64,1024,2148.84
2048,512,64,2048,4054
2048,512,64,4096,7823.76
2048,512,64,8192,15290.2
2048,512,64,16384,29982.9
2048,512,64,32768,59361.8
2048,512,128,16,1642.11
2048,512,128,32,1644.98
2048,512,128,64,1676.88
2048,512,128,128,1836.8
2048,512,128,256,2037.11
2048,512,128,512,2476.01
2048,512,128,1024,4024.98
2048,512,128,2048,7726.51
2048,512,128,4096,15091.6
2048,512,128,8192,29858.9
2048,512,128,16384,59227.2
2048,512,128,32768,117890
2048,1024,0,0,843.533
2048,1024,1,16,843.768
2048,1024,1,32,836.696
2048,1024,1,64,855.704
2048,1024,1,128,847.331
2048,1024,1,256,851.822
2048,1024,1,512,850.776
2048,1024,1,1024,855.257
2048,1024,1,2048,877.6
2048,1024,1,4096,927.15
2048,1024,1,8192,1066.12
2048,1024,1,16384,1337.14
2048,1024,1,32768,1897.45
2048,1024,2,16,852.356
2048,1024,2,32,853.658
2048,1024,2,64,860.729
2048,1024,2,128,864.111
2048,1024,2,256,869.892
2048,1024,2,512,875.694
2048,1024,2,1024,884.217
2048,1024,2,2048,896.857
2048,1024,2,4096,984.004
2048,1024,2,8192,1167.26
2048,1024,2,16384,1556.78
2048,1024,2,32768,2467.32
2048,1024,4,16,871.395
2048,1024,4,32,864.569
2048,1024,4,64,865.358
2048,1024,4,128,869.828
2048,1024,4,256,874.211
2048,1024,4,512,893.966
2048,1024,4,1024,915.811
2048,1024,4,2048,962.99
2048,1024,4,4096,1081.22
2048,1024,4,8192,1373.81
2048,1024,4,16384,2310.1
2048,1024,4,32768,4171.88
2048,1024,8,16,903.225
2048,1024,8,32,904.324
2048,1024,8,64,913.624
2048,1024,8,128,909.177
2048,1024,8,256,928.462
2048,1024,8,512,942.369
2048,1024,8,1024,996.675
2048,1024,8,2048,1076.87
2048,1024,8,4096,1320.03
2048,1024,8,8192,2218.07
2048,1024,8,16384,4136.25
2048,1024,8,32768,7902.21
2048,1024,16,16,967.272
2048,1024,16,32,966.82
2048,1024,16,64,965.326
2048,1024,16,128,984.003
2048,1024,16,256,1008.92
2048,1024,16,512,1047.03
2048,1024,16,1024,1159.16
2048,1024,16,2048,1329.84
2048,1024,16,4096,2204.23
2048,1024,16,8192,4168.33
2048,1024,16,16384,8015.81
2048,1024,16,32768,15523.1
2048,1024,32,16,1071.43
2048,1024,32,32,1073.68
2048,1024,32,64,1077.74
2048,1024,32,128,1126.32
2048,1024,32,256,1163.13
2048,1024,32,512,1273.39
2048,1024,32,1024,1452.07
2048,1024,32,2048,2112.77
2048,1024,32,4096,4141.01
2048,1024,32,8192,7978.78
2048,1024,32,16384,15508
2048,1024,32,32768,30316.3
2048,1024,64,16,1335.52
2048,1024,64,32,1323.28
2048,1024,64,64,1326.22
2048,1024,64,128,1422.77
2048,1024,64,256,1510.23
2048,1024,64,512,1727.52
2048,1024,64,1024,2225.48
2048,1024,64,2048,4119.38
2048,1024,64,4096,7912.32
2048,1024,64,8192,15385.2
2048,1024,64,16384,30175.7
2048,1024,64,32768,59565.2
2048,1024,128,16,1824.49
2048,1024,128,32,1823.4
2048,1024,128,64,1841.32
2048,1024,128,128,2033.52
2048,1024,128,256,2217.45
2048,1024,128,512,2626.57
2048,1024,128,1024,4093.39
2048,1024,128,2048,7786.63
2048,1024,128,4096,15214.1
2048,1024,128,8192,29992.4
2048,1024,128,16384,59367.3
2048,1024,128,32768,118110
2048,2048,0,0,1188.91
2048,2048,1,16,1202.77
2048,2048,1,32,1192.67
2048,2048,1,64,1202.03
2048,2048,1,128,1204.22
2048,2048,1,256,1219.55
2048,2048,1,512,1218.68
2048,2048,1,1024,1211.39
2048,2048,1,2048,1231.55
2048,2048,1,4096,1249.32
2048,2048,1,8192,1411.56
2048,2048,1,16384,1699.68
2048,2048,1,32768,2254.64
2048,2048,2,16,1222.71
2048,2048,2,32,1225.12
2048,2048,2,64,1208.17
2048,2048,2,128,1228.34
2048,2048,2,256,1226.81
2048,2048,2,512,1238.04
2048,2048,2,1024,1233.57
2048,2048,2,2048,1253.34
2048,2048,2,4096,1303.79
2048,2048,2,8192,1522.84
2048,2048,2,16384,1908.59
2048,2048,2,32768,2732.5
2048,2048,4,16,1234.51
2048,2048,4,32,1218.66
2048,2048,4,64,1237.25
2048,2048,4,128,1225.26
2048,2048,4,256,1246.56
2048,2048,4,512,1256.07
2048,2048,4,1024,1266.98
2048,2048,4,2048,1315.06
2048,2048,4,4096,1432.46
2048,2048,4,8192,1721.57
2048,2048,4,16384,2465.29
2048,2048,4,32768,4453.44
2048,2048,8,16,1273.31
2048,2048,8,32,1264.66
2048,2048,8,64,1266.14
2048,2048,8,128,1274.04
2048,2048,8,256,1285.36
2048,2048,8,512,1308.27
2048,2048,8,1024,1362.29
2048,2048,8,2048,1444.6
2048,2048,8,4096,1663.7
2048,2048,8,8192,2332.2
2048,2048,8,16384,4346.31
2048,2048,8,32768,8111.94
2048,2048,16,16,1326.43
2048,2048,16,32,1322.47
2048,2048,16,64,1331.11
2048,2048,16,128,1347.76
2048,2048,16,256,1354.72
2048,2048,16,512,1399.17
2048,2048,16,1024,1521.49
2048,2048,16,2048,1676.9
2048,2048,16,4096,2217.31
2048,2048,16,8192,4363.59
2048,2048,16,16384,8187.63
2048,2048,16,32768,15855.6
2048,2048,32,16,1421.95
2048,2048,32,32,1433.28
2048,2048,32,64,1423.28
2048,2048,32,128,1464.26
2048,2048,32,256,1510.73
2048,2048,32,512,1625.49
2048,2048,32,1024,1815.56
2048,2048,32,2048,2229.28
2048,2048,32,4096,4279.86
2048,2048,32,8192,8161.92
2048,2048,32,16384,15827.1
2048,2048,32,32768,30721.3
2048,2048,64,16,1694.57
2048,2048,64,32,1671.73
2048,2048,64,64,1689.67
2048,2048,64,128,1761.37
2048,2048,64,256,1861.25
2048,2048,64,512,2051.12
2048,2048,64,1024,2464.79
2048,2048,64,2048,4210.11
2048,2048,64,4096,8105.01
2048,2048,64,8192,15630.7
2048,2048,64,16384,30566.9
2048,2048,64,32768,59983.3
2048,2048,128,16,2171.61
2048,2048,128,32,2173.86
2048,2048,128,64,2206
2048,2048,128,128,2369.68
2048,2048,128,256,2592.53
2048,2048,128,512,2981.07
2048,2048,128,1024,4155.31
2048,2048,128,2048,7966.16
2048,2048,128,4096,15311.8
2048,2048,128,8192,30353.4
2048,2048,128,16384,59701
2048,2048,128,32768,118383
2048,4096,0,0,1893.19
2048,4096,1,16,1912.84
2048,4096,1,32,1899.99
2048,4096,1,64,1911.59
2048,4096,1,128,1911.52
2048,4096,1,256,1929.35
2048,4096,1,512,1921.54
2048,4096,1,1024,1948.53
2048,4096,1,2048,1972.62
2048,4096,1,4096,1989.11
2048,4096,1,8192,2069.26
2048,4096,1,16384,2395.93
2048,4096,1,32768,2977.08
2048,4096,2,16,1944.69
2048,4096,2,32,1947.07
2048,4096,2,64,1921.94
2048,4096,2,128,1946.44
2048,4096,2,256,1940.88
2048,4096,2,512,1933.87
2048,4096,2,1024,1942.6
2048,4096,2,2048,1964.06
2048,4096,2,4096,2049.57
2048,4096,2,8192,2184.22
2048,4096,2,16384,2590.18
2048,4096,2,32768,3360.59
2048,4096,4,16,1957.46
2048,4096,4,32,1931.06
2048,4096,4,64,1942.46
2048,4096,4,128,1932.35
2048,4096,4,256,1952.72
2048,4096,4,512,1951.27
2048,4096,4,1024,1967.61
2048,4096,4,2048,2018.61
2048,4096,4,4096,2137.29
2048,4096,4,8192,2365.63
2048,4096,4,16384,2973.31
2048,4096,4,32768,4834.41
2048,4096,8,16,1984.27
2048,4096,8,32,1988.04
2048,4096,8,64,1990.72
2048,4096,8,128,2000.92
2048,4096,8,256,2010.6
2048,4096,8,512,2002.08
2048,4096,8,1024,2067.53
2048,4096,8,2048,2146.9
2048,4096,8,4096,2360.99
2048,4096,8,8192,2837.06
2048,4096,8,16384,4681.02
2048,4096,8,32768,8402
2048,4096,16,16,2049.05
2048,4096,16,32,2043.58
2048,4096,16,64,2038.73
2048,4096,16,128,2079.2
2048,4096,16,256,2076.9
2048,4096,16,512,2127.58
2048,4096,16,1024,2224.48
2048,4096,16,2048,2422.94
2048,4096,16,4096,2834.97
2048,4096,16,8192,4640.31
2048,4096,16,16384,8584.35
2048,4096,16,32768,16202.9
2048,4096,32,16,2117.98
2048,4096,32,32,2158.58
2048,4096,32,64,2160.33
2048,4096,32,128,2172.67
2048,4096,32,256,2209.53
2048,4096,32,512,2343.89
2048,4096,32,1024,2503.16
2048,4096,32,2048,2941.66
2048,4096,32,4096,4420.47
2048,4096,32,8192,8437.56
2048,4096,32,16384,16021.2
2048,4096,32,32768,31307.8
2048,4096,64,16,2372.88
2048,4096,64,32,2375.66
2048,4096,64,64,2415.24
2048,4096,64,128,2481.97
2048,4096,64,256,2583.64
2048,4096,64,512,2776.67
2048,4096,64,1024,3220.88
2048,4096,64,2048,4274.48
2048,4096,64,4096,8348.15
2048,4096,64,8192,15740.2
2048,4096,64,16384,31109.7
2048,4096,64,32768,60765.2
2048,4096,128,16,2901.93
2048,4096,128,32,2882.2
2048,4096,128,64,2907.79
2048,4096,128,128,3085.16
2048,4096,128,256,3271.07
2048,4096,128,512,3657.72
2048,4096,128,1024,4448.99
2048,4096,128,2048,8195.6
2048,4096,128,4096,15860.8
2048,4096,128,8192,30608.1
2048,4096,128,16384,60497.4
2048,4096,128,32768,119231
2048,8192,0,0,3339.14
2048,8192,1,16,3382.49
2048,8192,1,32,3382.25
2048,8192,1,64,3398.32
2048,8192,1,128,3439.29
2048,8192,1,256,3398.18
2048,8192,1,512,3419.44
2048,8192,1,1024,3394.99
2048,8192,1,2048,3412.05
2048,8192,1,4096,3410.26
2048,8192,1,8192,3426.25
2048,8192,1,16384,3717.38
2048,8192,1,32768,4372.27
2048,8192,2,16,3422.53
2048,8192,2,32,3373.37
2048,8192,2,64,3379.51
2048,8192,2,128,3394.89
2048,8192,2,256,3417.32
2048,8192,2,512,3412.96
2048,8192,2,1024,3404.55
2048,8192,2,2048,3431.77
2048,8192,2,4096,3449.28
2048,8192,2,8192,3515.16
2048,8192,2,16384,3964.04
2048,8192,2,32768,4738.56
2048,8192,4,16,3409.8
2048,8192,4,32,3382.79
2048,8192,4,64,3428.5
2048,8192,4,128,3437.69
2048,8192,4,256,3389.92
2048,8192,4,512,3407.8
2048,8192,4,1024,3413.72
2048,8192,4,2048,3466.81
2048,8192,4,4096,3582.02
2048,8192,4,8192,3754.21
2048,8192,4,16384,4325.4
2048,8192,4,32768,5712.61
2048,8192,8,16,3436.29
2048,8192,8,32,3439.84
2048,8192,8,64,3448.03
2048,8192,8,128,3467.64
2048,8192,8,256,3484.54
2048,8192,8,512,3454.64
2048,8192,8,1024,3548.18
2048,8192,8,2048,3580.34
2048,8192,8,4096,3794.23
2048,8192,8,8192,4231.32
2048,8192,8,16384,5396.02
2048,8192,8,32768,9357.93
2048,8192,16,16,3496.83
2048,8192,16,32,3501.81
2048,8192,16,64,3519.16
2048,8192,16,128,3509.49
2048,8192,16,256,3551.04
2048,8192,16,512,3566.36
2048,8192,16,1024,3658.3
2048,8192,16,2048,3831.42
2048,8192,16,4096,4228.35
2048,8192,16,8192,5224.59
2048,8192,16,16384,9398.15
2048,8192,16,32768,17064
2048,8192,32,16,3564.85
2048,8192,32,32,3625.84
2048,8192,32,64,3629
2048,8192,32,128,3630.17
2048,8192,32,256,3726.87
2048,8192,32,512,3731.78
2048,8192,32,1024,3945.52
2048,8192,32,2048,4331.7
2048,8192,32,4096,5533.54
2048,8192,32,8192,8974
2048,8192,32,16384,16925.8
2048,8192,32,32768,31593.6
2048,8192,64,16,3797.16
2048,8192,64,32,3848.18
2048,8192,64,64,3863.32
2048,8192,64,128,3963.61
2048,8192,64,256,4034.43
2048,8192,64,512,4148.5
2048,8192,64,1024,4575.71
2048,8192,64,2048,5663.18
2048,8192,64,4096,8508.91
2048,8192,64,8192,16697.7
2048,8192,64,16384,31330.4
2048,8192,64,32768,61983.3
2048,8192,128,16,4284.44
2048,8192,128,32,4352.58
2048,8192,128,64,4321.72
2048,8192,128,128,4544.22
2048,8192,128,256,4718.69
2048,8192,128,512,5080.28
2048,8192,128,1024,5891.85
2048,8192,128,2048,8236.16
2048,8192,128,4096,16459.2
2048,8192,128,8192,31508
2048,8192,128,16384,61352.9
2048,8192,128,32768,120827
2048,16384,0,0,6321.79
2048,16384,1,16,6348.08
2048,16384,1,32,6326.51
2048,16384,1,64,6343.51
2048,16384,1,128,6310.98
2048,16384,1,256,6387.37
2048,16384,1,512,6366.41
2048,16384,1,1024,6410.3
2048,16384,1,2048,6361.9
2048,16384,1,4096,6434.38
2048,16384,1,8192,6454.99
2048,16384,1,16384,6469.07
2048,16384,1,32768,6952.23
2048,16384,2,16,6313.06
2048,16384,2,32,6336.4
2048,16384,2,64,6353.99
2048,16384,2,128,6319.95
2048,16384,2,256,6340.05
2048,16384,2,512,6385.55
2048,16384,2,1024,6390.57
2048,16384,2,2048,6376.9
2048,16384,2,4096,6443.63
2048,16384,2,8192,6411.65
2048,16384,2,16384,6540.04
2048,16384,2,32768,7330.49
2048,16384,4,16,6354.91
2048,16384,4,32,6320.88
2048,16384,4,64,6316.3
2048,16384,4,128,6335.6
2048,16384,4,256,6386.3
2048,16384,4,512,6418.23
2048,16384,4,1024,6371.63
2048,16384,4,2048,6442.99
2048,16384,4,4096,6548.02
2048,16384,4,8192,6636.32
2048,16384,4,16384,7058.38
2048,16384,4,32768,8428.13
2048,16384,8,16,6387.75
2048,16384,8,32,6424.24
2048,16384,8,64,6354.86
2048,16384,8,128,6448.98
2048,16384,8,256,6405.15
2048,16384,8,512,6385.4
2048,16384,8,1024,6474.56
2048,16384,8,2048,6539.58
2048,16384,8,4096,6788.36
2048,16384,8,8192,7032.1
2048,16384,8,16384,7963.4
2048,16384,8,32768,10680.2
2048,16384,16,16,6418.27
2048,16384,16,32,6455.72
2048,16384,16,64,6417.28
2048,16384,16,128,6450.78
2048,16384,16,256,6468.43
2048,16384,16,512,6598.87
2048,16384,16,1024,6643.47
2048,16384,16,2048,6839.69
2048,16384,16,4096,7280.79
2048,16384,16,8192,7996.33
2048,16384,16,16384,10475.3
2048,16384,16,32768,19007.5
2048,16384,32,16,6478.05
2048,16384,32,32,6549.77
2048,16384,32,64,6610.33
2048,16384,32,128,6545.91
2048,16384,32,256,6543.58
2048,16384,32,512,6643.01
2048,16384,32,1024,6874.79
2048,16384,32,2048,7194.45
2048,16384,32,4096,8069.47
2048,16384,32,8192,10681.1
2048,16384,32,16384,18214.4
2048,16384,32,32768,33557.5
2048,16384,64,16,6785.01
2048,16384,64,32,6715.33
2048,16384,64,64,6812.37
2048,16384,64,128,6814.72
2048,16384,64,256,6921.95
2048,16384,64,512,7109.49
2048,16384,64,1024,7490.76
2048,16384,64,2048,8264.7
2048,16384,64,4096,11339.1
2048,16384,64,8192,17332.5
2048,16384,64,16384,33013.1
2048,16384,64,32768,62036
2048,16384,128,16,7282.37
2048,16384,128,32,7305.12
2048,16384,128,64,7257.46
2048,16384,128,128,7411.56
2048,16384,128,256,7640.68
2048,16384,128,512,8024.07
2048,16384,128,1024,8755.72
2048,16384,128,2048,11084.9
2048,16384,128,4096,16854.5
2048,16384,128,8192,32858.3
2048,16384,128,16384,62163.1
2048,16384,128,32768,122172
2048,32768,0,0,12272.7
2048,32768,1,16,12078.1
2048,32768,1,32,12183.3
2048,32768,1,64,12110.7
2048,32768,1,128,12230.8
2048,32768,1,256,12228.3
2048,32768,1,512,12117.3
2048,32768,1,1024,12223.6
2048,32768,1,2048,12096.3
2048,32768,1,4096,12318
2048,32768,1,8192,12343.9
2048,32768,1,16384,12277
2048,32768,1,32768,12501
2048,32768,2,16,12187.3
2048,32768,2,32,12350.3
2048,32768,2,64,12200.7
2048,32768,2,128,12186.2
2048,32768,2,256,12183
2048,32768,2,512,12259.5
2048,32768,2,1024,12200
2048,32768,2,2048,12208
2048,32768,2,4096,12589.6
2048,32768,2,8192,12386.4
2048,32768,2,16384,12608.1
2048,32768,2,32768,12449
2048,32768,4,16,12178.8
2048,32768,4,32,12232.3
2048,32768,4,64,12176.5
2048,32768,4,128,12114.9
2048,32768,4,256,12246.1
2048,32768,4,512,12241.1
2048,32768,4,1024,12203.6
2048,32768,4,2048,12365.7
2048,32768,4,4096,12648.6
2048,32768,4,8192,12824.1
2048,32768,4,16384,13065.1
2048,32768,4,32768,13530.4
2048,32768,8,16,12277.8
2048,32768,8,32,12398.6
2048,32768,8,64,12375.9
2048,32768,8,128,12300.3
2048,32768,8,256,12301.7
2048,32768,8,512,12319.3
2048,32768,8,1024,12352.1
2048,32768,8,2048,12487.2
2048,32768,8,4096,12896.7
2048,32768,8,8192,13024.6
2048,32768,8,16384,13742.7
2048,32768,8,32768,15696.9
2048,32768,16,16,12276.2
2048,32768,16,32,12278.1
2048,32768,16,64,12448.4
2048,32768,16,128,12437.9
2048,32768,16,256,12395.9
2048,32768,16,512,12347.4
2048,32768,16,1024,12730.7
2048,32768,16,2048,12775.3
2048,32768,16,4096,13239.5
2048,32768,16,8192,14022.5
2048,32768,16,16384,15544
2048,32768,16,32768,20235
2048,32768,32,16,12350.8
2048,32768,32,32,12491.8
2048,32768,32,64,12315.1
2048,32768,32,128,12508.4
2048,32768,32,256,12415.3
2048,32768,32,512,12705.3
2048,32768,32,1024,12973.6
2048,32768,32,2048,13152.1
2048,32768,32,4096,14057.5
2048,32768,32,8192,15636.8
2048,32768,32,16384,21084.2
2048,32768,32,32768,36178.7
2048,32768,64,16,12786.1
2048,32768,64,32,12698.4
2048,32768,64,64,12670.5
2048,32768,64,128,12644.4
2048,32768,64,256,12778.4
2048,32768,64,512,13139.6
2048,32768,64,1024,13513.6
2048,32768,64,2048,14307.2
2048,32768,64,4096,15897.9
2048,32768,64,8192,22247.9
2048,32768,64,16384,34953.1
2048,32768,64,32768,65636.8
2048,32768,128,16,13115.7
2048,32768,128,32,12966.3
2048,32768,128,64,13240.4
2048,32768,128,128,13367.1
2048,32768,128,256,13541.5
2048,32768,128,512,13898.4
2048,32768,128,1024,14725.4
2048,32768,128,2048,16327.5
2048,32768,128,4096,22117.3
2048,32768,128,8192,34789.2
2048,32768,128,16384,65320
2048,32768,128,32768,123886
