pc,n_label,skew_rate_label,kv_big_label,kp_label,alpha,n_samples
0,n<=128,sr<=15%,kvB<=16k,kp=0,0.0054,4
0,n<=128,sr<=15%,kvB<=1k,kp=0,0.012,4
0,n<=128,sr<=15%,kvB<=32k,kp=0,0.0031,2
0,n<=128,sr<=15%,kvB<=4k,kp=0,0.0077,4
0,n<=128,sr<=40%,kvB<=16k,kp=0,-0.0051,2
0,n<=128,sr<=40%,kvB<=1k,kp=0,0.003,2
0,n<=128,sr<=40%,kvB<=32k,kp=0,-0.0073,1
0,n<=128,sr<=40%,kvB<=4k,kp=0,-0.0037,2
0,n<=128,sr<=5%,kvB<=16k,kp=0,0.0117,8
0,n<=128,sr<=5%,kvB<=1k,kp=0,0.0051,8
0,n<=128,sr<=5%,kvB<=32k,kp=0,0.0113,4
0,n<=128,sr<=5%,kvB<=4k,kp=0,0.0117,8
0,n<=128,sr<=70%,kvB<=16k,kp=0,-0.0168,2
0,n<=128,sr<=70%,kvB<=1k,kp=0,-0.0044,2
0,n<=128,sr<=70%,kvB<=32k,kp=0,-0.0208,1
0,n<=128,sr<=70%,kvB<=4k,kp=0,-0.0107,2
0,n<=128,sr>70%,kvB<=16k,kp=0,-0.0299,4
0,n<=128,sr>70%,kvB<=1k,kp=0,0.0324,4
0,n<=128,sr>70%,kvB<=32k,kp=0,-0.0412,2
0,n<=128,sr>70%,kvB<=4k,kp=0,-0.0058,4
0,n<=16,sr<=15%,kvB<=16k,kp=0,0.0045,4
0,n<=16,sr<=15%,kvB<=1k,kp=0,0.1018,4
0,n<=16,sr<=15%,kvB<=32k,kp=0,0.0004,2
0,n<=16,sr<=15%,kvB<=4k,kp=0,-0.0069,4
0,n<=16,sr<=40%,kvB<=16k,kp=0,-0.0121,4
0,n<=16,sr<=40%,kvB<=1k,kp=0,0.0978,4
0,n<=16,sr<=40%,kvB<=32k,kp=0,-0.006,2
0,n<=16,sr<=40%,kvB<=4k,kp=0,-0.0041,4
0,n<=16,sr<=70%,kvB<=16k,kp=0,-0.0323,2
0,n<=16,sr<=70%,kvB<=1k,kp=0,0.0317,2
0,n<=16,sr<=70%,kvB<=32k,kp=0,-0.0042,1
0,n<=16,sr<=70%,kvB<=4k,kp=0,-0.0129,2
0,n<=16,sr>70%,kvB<=16k,kp=0,-0.01,4
0,n<=16,sr>70%,kvB<=1k,kp=0,0.3108,4
0,n<=16,sr>70%,kvB<=32k,kp=0,0.0354,2
0,n<=16,sr>70%,kvB<=4k,kp=0,0.0022,4
0,n<=2,sr<=70%,kvB<=16k,kp=0,0.0426,2
0,n<=2,sr<=70%,kvB<=1k,kp=0,0.2033,2
0,n<=2,sr<=70%,kvB<=32k,kp=0,0.0415,1
0,n<=2,sr<=70%,kvB<=4k,kp=0,-0.16,2
0,n<=256,sr<=15%,kvB<=16k,kp=0,-0.0002,4
0,n<=256,sr<=15%,kvB<=1k,kp=0,0.0083,4
0,n<=256,sr<=15%,kvB<=32k,kp=0,-0.0006,2
0,n<=256,sr<=15%,kvB<=4k,kp=0,-0.0004,4
0,n<=256,sr<=40%,kvB<=16k,kp=0,-0.0008,2
0,n<=256,sr<=40%,kvB<=1k,kp=0,0.0115,2
0,n<=256,sr<=40%,kvB<=32k,kp=0,-0.0015,1
0,n<=256,sr<=40%,kvB<=4k,kp=0,-0.0021,2
0,n<=256,sr<=5%,kvB<=16k,kp=0,0.0001,8
0,n<=256,sr<=5%,kvB<=1k,kp=0,0.0008,8
0,n<=256,sr<=5%,kvB<=32k,kp=0,-0.0001,4
0,n<=256,sr<=5%,kvB<=4k,kp=0,0.0008,8
0,n<=256,sr<=70%,kvB<=16k,kp=0,-0.0017,2
0,n<=256,sr<=70%,kvB<=1k,kp=0,-0.0031,2
0,n<=256,sr<=70%,kvB<=32k,kp=0,-0.0014,1
0,n<=256,sr<=70%,kvB<=4k,kp=0,-0.0029,2
0,n<=256,sr>70%,kvB<=16k,kp=0,0.0026,4
0,n<=256,sr>70%,kvB<=1k,kp=0,0.02,4
0,n<=256,sr>70%,kvB<=32k,kp=0,0.004,2
0,n<=256,sr>70%,kvB<=4k,kp=0,-0.0025,4
0,n<=32,sr<=15%,kvB<=16k,kp=0,0.0289,6
0,n<=32,sr<=15%,kvB<=1k,kp=0,0.0574,6
0,n<=32,sr<=15%,kvB<=32k,kp=0,0.0287,3
0,n<=32,sr<=15%,kvB<=4k,kp=0,0.029,6
0,n<=32,sr<=40%,kvB<=16k,kp=0,0.012,2
0,n<=32,sr<=40%,kvB<=1k,kp=0,0.0185,2
0,n<=32,sr<=40%,kvB<=32k,kp=0,0.0102,1
0,n<=32,sr<=40%,kvB<=4k,kp=0,-0.0145,2
0,n<=32,sr<=5%,kvB<=16k,kp=0,0.0528,2
0,n<=32,sr<=5%,kvB<=1k,kp=0,0.0501,2
0,n<=32,sr<=5%,kvB<=32k,kp=0,0.0539,1
0,n<=32,sr<=5%,kvB<=4k,kp=0,0.0601,2
0,n<=32,sr<=70%,kvB<=16k,kp=0,-0.1064,2
0,n<=32,sr<=70%,kvB<=1k,kp=0,-0.1457,2
0,n<=32,sr<=70%,kvB<=32k,kp=0,-0.1219,1
0,n<=32,sr<=70%,kvB<=4k,kp=0,-0.1015,2
0,n<=32,sr>70%,kvB<=16k,kp=0,-0.3464,4
0,n<=32,sr>70%,kvB<=1k,kp=0,-0.2647,4
0,n<=32,sr>70%,kvB<=32k,kp=0,-0.3717,2
0,n<=32,sr>70%,kvB<=4k,kp=0,-0.3192,4
0,n<=4,sr<=40%,kvB<=16k,kp=0,0.0135,2
0,n<=4,sr<=40%,kvB<=1k,kp=0,0.0202,4
0,n<=4,sr<=40%,kvB<=32k,kp=0,0.0111,1
0,n<=4,sr<=40%,kvB<=4k,kp=0,0.0184,3
0,n<=4,sr<=70%,kvB<=16k,kp=0,-0.0112,2
0,n<=4,sr<=70%,kvB<=1k,kp=0,-0.0211,2
0,n<=4,sr<=70%,kvB<=32k,kp=0,-0.0046,1
0,n<=4,sr<=70%,kvB<=4k,kp=0,-0.0252,2
0,n<=4,sr>70%,kvB<=16k,kp=0,0.0574,2
0,n<=4,sr>70%,kvB<=1k,kp=0,-0.0336,2
0,n<=4,sr>70%,kvB<=32k,kp=0,0.0772,1
0,n<=4,sr>70%,kvB<=4k,kp=0,0.214,2
0,n<=64,sr<=15%,kvB<=16k,kp=0,0.0276,4
0,n<=64,sr<=15%,kvB<=1k,kp=0,0.0342,4
0,n<=64,sr<=15%,kvB<=32k,kp=0,0.0265,2
0,n<=64,sr<=15%,kvB<=4k,kp=0,0.0222,4
0,n<=64,sr<=40%,kvB<=16k,kp=0,-0.0046,2
0,n<=64,sr<=40%,kvB<=1k,kp=0,0.0212,2
0,n<=64,sr<=40%,kvB<=32k,kp=0,-0.0133,1
0,n<=64,sr<=40%,kvB<=4k,kp=0,-0.0081,2
0,n<=64,sr<=5%,kvB<=16k,kp=0,0.0277,6
0,n<=64,sr<=5%,kvB<=1k,kp=0,0.023,6
0,n<=64,sr<=5%,kvB<=32k,kp=0,0.0258,3
0,n<=64,sr<=5%,kvB<=4k,kp=0,0.027,6
0,n<=64,sr<=70%,kvB<=16k,kp=0,-0.0394,2
0,n<=64,sr<=70%,kvB<=1k,kp=0,-0.0723,2
0,n<=64,sr<=70%,kvB<=32k,kp=0,-0.0471,1
0,n<=64,sr<=70%,kvB<=4k,kp=0,-0.0329,2
0,n<=64,sr>70%,kvB<=16k,kp=0,-0.1674,4
0,n<=64,sr>70%,kvB<=1k,kp=0,-0.0633,4
0,n<=64,sr>70%,kvB<=32k,kp=0,-0.1977,2
0,n<=64,sr>70%,kvB<=4k,kp=0,-0.1123,4
0,n<=8,sr<=15%,kvB<=16k,kp=0,0.0133,2
0,n<=8,sr<=15%,kvB<=1k,kp=0,0.033,2
0,n<=8,sr<=15%,kvB<=32k,kp=0,0.0108,1
0,n<=8,sr<=15%,kvB<=4k,kp=0,-0.0361,2
0,n<=8,sr<=40%,kvB<=16k,kp=0,0.0004,4
0,n<=8,sr<=40%,kvB<=1k,kp=0,0.0653,4
0,n<=8,sr<=40%,kvB<=32k,kp=0,-0.0001,2
0,n<=8,sr<=40%,kvB<=4k,kp=0,-0.0098,4
0,n<=8,sr<=70%,kvB<=16k,kp=0,-0.0317,2
0,n<=8,sr<=70%,kvB<=1k,kp=0,0.1169,2
0,n<=8,sr<=70%,kvB<=32k,kp=0,-0.0179,1
0,n<=8,sr<=70%,kvB<=4k,kp=0,-0.0578,2
0,n<=8,sr>70%,kvB<=16k,kp=0,0.0061,4
0,n<=8,sr>70%,kvB<=1k,kp=0,0.2037,4
0,n<=8,sr>70%,kvB<=32k,kp=0,0.049,2
0,n<=8,sr>70%,kvB<=4k,kp=0,-0.0126,4
16,n<=128,sr<=15%,kvB<=16k,kp<=16k,-0.0003,4
16,n<=128,sr<=15%,kvB<=16k,kp<=1k,0.0022,4
16,n<=128,sr<=15%,kvB<=16k,kp<=2k,0.0022,4
16,n<=128,sr<=15%,kvB<=16k,kp<=4k,0.0021,4
16,n<=128,sr<=15%,kvB<=16k,kp<=512,0.0024,4
16,n<=128,sr<=15%,kvB<=16k,kp<=8k,0.0018,4
16,n<=128,sr<=15%,kvB<=16k,kp=0,0.0023,4
16,n<=128,sr<=15%,kvB<=1k,kp<=16k,0.0125,4
16,n<=128,sr<=15%,kvB<=1k,kp<=1k,0.0047,4
16,n<=128,sr<=15%,kvB<=1k,kp<=2k,0.0025,4
16,n<=128,sr<=15%,kvB<=1k,kp<=4k,0.0023,4
16,n<=128,sr<=15%,kvB<=1k,kp<=512,0.0048,4
16,n<=128,sr<=15%,kvB<=1k,kp<=8k,0.0067,4
16,n<=128,sr<=15%,kvB<=1k,kp=0,0.0048,4
16,n<=128,sr<=15%,kvB<=32k,kp<=16k,0.0019,2
16,n<=128,sr<=15%,kvB<=32k,kp<=1k,0.0023,2
16,n<=128,sr<=15%,kvB<=32k,kp<=2k,0.0023,2
16,n<=128,sr<=15%,kvB<=32k,kp<=4k,0.0019,2
16,n<=128,sr<=15%,kvB<=32k,kp<=512,0.0022,2
16,n<=128,sr<=15%,kvB<=32k,kp<=8k,0.0016,2
16,n<=128,sr<=15%,kvB<=32k,kp=0,0.0022,2
16,n<=128,sr<=15%,kvB<=4k,kp<=16k,-0.0005,4
16,n<=128,sr<=15%,kvB<=4k,kp<=1k,0.0018,4
16,n<=128,sr<=15%,kvB<=4k,kp<=2k,0.0016,4
16,n<=128,sr<=15%,kvB<=4k,kp<=4k,0.0001,4
16,n<=128,sr<=15%,kvB<=4k,kp<=512,0.0019,4
16,n<=128,sr<=15%,kvB<=4k,kp<=8k,-0.0008,4
16,n<=128,sr<=15%,kvB<=4k,kp=0,0.002,4
16,n<=128,sr<=40%,kvB<=16k,kp<=16k,0.0001,2
16,n<=128,sr<=40%,kvB<=16k,kp<=1k,0.0002,2
16,n<=128,sr<=40%,kvB<=16k,kp<=2k,-0.0,2
16,n<=128,sr<=40%,kvB<=16k,kp<=4k,0.0003,2
16,n<=128,sr<=40%,kvB<=16k,kp<=512,0.0005,2
16,n<=128,sr<=40%,kvB<=16k,kp<=8k,0.0002,2
16,n<=128,sr<=40%,kvB<=16k,kp=0,0.0005,2
16,n<=128,sr<=40%,kvB<=1k,kp<=16k,0.0009,2
16,n<=128,sr<=40%,kvB<=1k,kp<=1k,-0.0013,2
16,n<=128,sr<=40%,kvB<=1k,kp<=2k,-0.0015,2
16,n<=128,sr<=40%,kvB<=1k,kp<=4k,0.0013,2
16,n<=128,sr<=40%,kvB<=1k,kp<=512,0.0024,2
16,n<=128,sr<=40%,kvB<=1k,kp<=8k,0.0071,2
16,n<=128,sr<=40%,kvB<=1k,kp=0,0.0029,2
16,n<=128,sr<=40%,kvB<=32k,kp<=16k,-0.0009,1
16,n<=128,sr<=40%,kvB<=32k,kp<=1k,0.0006,1
16,n<=128,sr<=40%,kvB<=32k,kp<=2k,0.0007,1
16,n<=128,sr<=40%,kvB<=32k,kp<=4k,0.0006,1
16,n<=128,sr<=40%,kvB<=32k,kp<=512,0.0007,1
16,n<=128,sr<=40%,kvB<=32k,kp<=8k,-0.0001,1
16,n<=128,sr<=40%,kvB<=32k,kp=0,0.0005,1
16,n<=128,sr<=40%,kvB<=4k,kp<=16k,0.0007,2
16,n<=128,sr<=40%,kvB<=4k,kp<=1k,-0.0004,2
16,n<=128,sr<=40%,kvB<=4k,kp<=2k,-0.0,2
16,n<=128,sr<=40%,kvB<=4k,kp<=4k,0.0002,2
16,n<=128,sr<=40%,kvB<=4k,kp<=512,0.0001,2
16,n<=128,sr<=40%,kvB<=4k,kp<=8k,-0.0019,2
16,n<=128,sr<=40%,kvB<=4k,kp=0,-0.0,2
16,n<=128,sr<=5%,kvB<=16k,kp<=16k,0.0001,8
16,n<=128,sr<=5%,kvB<=16k,kp<=1k,0.0034,8
16,n<=128,sr<=5%,kvB<=16k,kp<=2k,0.0033,8
16,n<=128,sr<=5%,kvB<=16k,kp<=4k,0.0033,8
16,n<=128,sr<=5%,kvB<=16k,kp<=512,0.0036,8
16,n<=128,sr<=5%,kvB<=16k,kp<=8k,0.0028,8
16,n<=128,sr<=5%,kvB<=16k,kp=0,0.0035,8
16,n<=128,sr<=5%,kvB<=1k,kp<=16k,-0.0052,8
16,n<=128,sr<=5%,kvB<=1k,kp<=1k,-0.0001,8
16,n<=128,sr<=5%,kvB<=1k,kp<=2k,-0.001,8
16,n<=128,sr<=5%,kvB<=1k,kp<=4k,0.0005,8
16,n<=128,sr<=5%,kvB<=1k,kp<=512,0.0006,8
16,n<=128,sr<=5%,kvB<=1k,kp<=8k,-0.0001,8
16,n<=128,sr<=5%,kvB<=1k,kp=0,0.0004,8
16,n<=128,sr<=5%,kvB<=32k,kp<=16k,0.0037,4
16,n<=128,sr<=5%,kvB<=32k,kp<=1k,0.0036,4
16,n<=128,sr<=5%,kvB<=32k,kp<=2k,0.0034,4
16,n<=128,sr<=5%,kvB<=32k,kp<=4k,0.0032,4
16,n<=128,sr<=5%,kvB<=32k,kp<=512,0.0036,4
16,n<=128,sr<=5%,kvB<=32k,kp<=8k,0.003,4
16,n<=128,sr<=5%,kvB<=32k,kp=0,0.0038,4
16,n<=128,sr<=5%,kvB<=4k,kp<=16k,-0.0005,8
16,n<=128,sr<=5%,kvB<=4k,kp<=1k,0.0035,8
16,n<=128,sr<=5%,kvB<=4k,kp<=2k,0.0031,8
16,n<=128,sr<=5%,kvB<=4k,kp<=4k,0.0008,8
16,n<=128,sr<=5%,kvB<=4k,kp<=512,0.0035,8
16,n<=128,sr<=5%,kvB<=4k,kp<=8k,0.0007,8
16,n<=128,sr<=5%,kvB<=4k,kp=0,0.0034,8
16,n<=128,sr<=70%,kvB<=16k,kp<=16k,0.0008,2
16,n<=128,sr<=70%,kvB<=16k,kp<=1k,-0.0007,2
16,n<=128,sr<=70%,kvB<=16k,kp<=2k,-0.0012,2
16,n<=128,sr<=70%,kvB<=16k,kp<=4k,-0.0021,2
16,n<=128,sr<=70%,kvB<=16k,kp<=512,-0.0005,2
16,n<=128,sr<=70%,kvB<=16k,kp<=8k,-0.0024,2
16,n<=128,sr<=70%,kvB<=16k,kp=0,-0.0004,2
16,n<=128,sr<=70%,kvB<=1k,kp<=16k,0.0155,2
16,n<=128,sr<=70%,kvB<=1k,kp<=1k,-0.004,2
16,n<=128,sr<=70%,kvB<=1k,kp<=2k,0.005,2
16,n<=128,sr<=70%,kvB<=1k,kp<=4k,0.0026,2
16,n<=128,sr<=70%,kvB<=1k,kp<=512,-0.0021,2
16,n<=128,sr<=70%,kvB<=1k,kp<=8k,0.0104,2
16,n<=128,sr<=70%,kvB<=1k,kp=0,0.0032,2
16,n<=128,sr<=70%,kvB<=32k,kp<=16k,-0.0042,1
16,n<=128,sr<=70%,kvB<=32k,kp<=1k,0.0,1
16,n<=128,sr<=70%,kvB<=32k,kp<=2k,-0.0006,1
16,n<=128,sr<=70%,kvB<=32k,kp<=4k,-0.001,1
16,n<=128,sr<=70%,kvB<=32k,kp<=512,-0.0002,1
16,n<=128,sr<=70%,kvB<=32k,kp<=8k,-0.0014,1
16,n<=128,sr<=70%,kvB<=32k,kp=0,-0.0003,1
16,n<=128,sr<=70%,kvB<=4k,kp<=16k,0.007,2
16,n<=128,sr<=70%,kvB<=4k,kp<=1k,-0.0006,2
16,n<=128,sr<=70%,kvB<=4k,kp<=2k,-0.0012,2
16,n<=128,sr<=70%,kvB<=4k,kp<=4k,0.0001,2
16,n<=128,sr<=70%,kvB<=4k,kp<=512,-0.0021,2
16,n<=128,sr<=70%,kvB<=4k,kp<=8k,0.0037,2
16,n<=128,sr<=70%,kvB<=4k,kp=0,-0.0013,2
16,n<=128,sr>70%,kvB<=16k,kp<=16k,-0.0006,4
16,n<=128,sr>70%,kvB<=16k,kp<=1k,0.0051,4
16,n<=128,sr>70%,kvB<=16k,kp<=2k,0.004,4
16,n<=128,sr>70%,kvB<=16k,kp<=4k,0.002,4
16,n<=128,sr>70%,kvB<=16k,kp<=512,0.0054,4
16,n<=128,sr>70%,kvB<=16k,kp<=8k,-0.0011,4
16,n<=128,sr>70%,kvB<=16k,kp=0,0.0054,4
16,n<=128,sr>70%,kvB<=1k,kp<=16k,0.0121,4
16,n<=128,sr>70%,kvB<=1k,kp<=1k,0.0082,4
16,n<=128,sr>70%,kvB<=1k,kp<=2k,0.0103,4
16,n<=128,sr>70%,kvB<=1k,kp<=4k,0.0182,4
16,n<=128,sr>70%,kvB<=1k,kp<=512,0.0098,4
16,n<=128,sr>70%,kvB<=1k,kp<=8k,0.0174,4
16,n<=128,sr>70%,kvB<=1k,kp=0,0.0137,4
16,n<=128,sr>70%,kvB<=32k,kp<=16k,-0.0019,2
16,n<=128,sr>70%,kvB<=32k,kp<=1k,0.0081,2
16,n<=128,sr>70%,kvB<=32k,kp<=2k,0.0086,2
16,n<=128,sr>70%,kvB<=32k,kp<=4k,0.0094,2
16,n<=128,sr>70%,kvB<=32k,kp<=512,0.0076,2
16,n<=128,sr>70%,kvB<=32k,kp<=8k,0.0066,2
16,n<=128,sr>70%,kvB<=32k,kp=0,0.0086,2
16,n<=128,sr>70%,kvB<=4k,kp<=16k,0.0063,4
16,n<=128,sr>70%,kvB<=4k,kp<=1k,0.0029,4
16,n<=128,sr>70%,kvB<=4k,kp<=2k,0.0041,4
16,n<=128,sr>70%,kvB<=4k,kp<=4k,0.0052,4
16,n<=128,sr>70%,kvB<=4k,kp<=512,0.0026,4
16,n<=128,sr>70%,kvB<=4k,kp<=8k,0.0058,4
16,n<=128,sr>70%,kvB<=4k,kp=0,0.0033,4
16,n<=16,sr<=15%,kvB<=16k,kp<=16k,-0.0091,4
16,n<=16,sr<=15%,kvB<=16k,kp<=1k,0.09,4
16,n<=16,sr<=15%,kvB<=16k,kp<=2k,0.0851,4
16,n<=16,sr<=15%,kvB<=16k,kp<=4k,0.0495,4
16,n<=16,sr<=15%,kvB<=16k,kp<=512,0.0872,4
16,n<=16,sr<=15%,kvB<=16k,kp<=8k,-0.0036,4
16,n<=16,sr<=15%,kvB<=16k,kp=0,0.0693,4
16,n<=16,sr<=15%,kvB<=1k,kp<=16k,0.0606,4
16,n<=16,sr<=15%,kvB<=1k,kp<=1k,0.0701,4
16,n<=16,sr<=15%,kvB<=1k,kp<=2k,0.0271,4
16,n<=16,sr<=15%,kvB<=1k,kp<=4k,0.0684,4
16,n<=16,sr<=15%,kvB<=1k,kp<=512,0.1241,4
16,n<=16,sr<=15%,kvB<=1k,kp<=8k,0.0596,4
16,n<=16,sr<=15%,kvB<=1k,kp=0,0.1419,4
16,n<=16,sr<=15%,kvB<=32k,kp<=16k,0.0634,2
16,n<=16,sr<=15%,kvB<=32k,kp<=1k,0.0711,2
16,n<=16,sr<=15%,kvB<=32k,kp<=2k,0.0749,2
16,n<=16,sr<=15%,kvB<=32k,kp<=4k,0.0901,2
16,n<=16,sr<=15%,kvB<=32k,kp<=512,0.0746,2
16,n<=16,sr<=15%,kvB<=32k,kp<=8k,0.0627,2
16,n<=16,sr<=15%,kvB<=32k,kp=0,0.0966,2
16,n<=16,sr<=15%,kvB<=4k,kp<=16k,0.0258,4
16,n<=16,sr<=15%,kvB<=4k,kp<=1k,0.0943,4
16,n<=16,sr<=15%,kvB<=4k,kp<=2k,0.0766,4
16,n<=16,sr<=15%,kvB<=4k,kp<=4k,0.0139,4
16,n<=16,sr<=15%,kvB<=4k,kp<=512,0.0803,4
16,n<=16,sr<=15%,kvB<=4k,kp<=8k,0.021,4
16,n<=16,sr<=15%,kvB<=4k,kp=0,0.0974,4
16,n<=16,sr<=40%,kvB<=16k,kp<=16k,-0.0135,4
16,n<=16,sr<=40%,kvB<=16k,kp<=1k,0.098,4
16,n<=16,sr<=40%,kvB<=16k,kp<=2k,0.0855,4
16,n<=16,sr<=40%,kvB<=16k,kp<=4k,0.0427,4
16,n<=16,sr<=40%,kvB<=16k,kp<=512,0.0991,4
16,n<=16,sr<=40%,kvB<=16k,kp<=8k,0.033,4
16,n<=16,sr<=40%,kvB<=16k,kp=0,0.0858,4
16,n<=16,sr<=40%,kvB<=1k,kp<=16k,0.0332,4
16,n<=16,sr<=40%,kvB<=1k,kp<=1k,0.0491,4
16,n<=16,sr<=40%,kvB<=1k,kp<=2k,0.0015,4
16,n<=16,sr<=40%,kvB<=1k,kp<=4k,0.0355,4
16,n<=16,sr<=40%,kvB<=1k,kp<=512,0.1224,4
16,n<=16,sr<=40%,kvB<=1k,kp<=8k,0.0379,4
16,n<=16,sr<=40%,kvB<=1k,kp=0,0.1275,4
16,n<=16,sr<=40%,kvB<=32k,kp<=16k,0.0687,2
16,n<=16,sr<=40%,kvB<=32k,kp<=1k,0.0826,2
16,n<=16,sr<=40%,kvB<=32k,kp<=2k,0.1013,2
16,n<=16,sr<=40%,kvB<=32k,kp<=4k,0.1186,2
16,n<=16,sr<=40%,kvB<=32k,kp<=512,0.0932,2
16,n<=16,sr<=40%,kvB<=32k,kp<=8k,0.0182,2
16,n<=16,sr<=40%,kvB<=32k,kp=0,0.1158,2
16,n<=16,sr<=40%,kvB<=4k,kp<=16k,0.127,4
16,n<=16,sr<=40%,kvB<=4k,kp<=1k,0.107,4
16,n<=16,sr<=40%,kvB<=4k,kp<=2k,0.1385,4
16,n<=16,sr<=40%,kvB<=4k,kp<=4k,0.1592,4
16,n<=16,sr<=40%,kvB<=4k,kp<=512,0.1231,4
16,n<=16,sr<=40%,kvB<=4k,kp<=8k,0.1544,4
16,n<=16,sr<=40%,kvB<=4k,kp=0,0.1388,4
16,n<=16,sr<=70%,kvB<=16k,kp<=16k,0.275,2
16,n<=16,sr<=70%,kvB<=16k,kp<=1k,0.2206,2
16,n<=16,sr<=70%,kvB<=16k,kp<=2k,0.1974,2
16,n<=16,sr<=70%,kvB<=16k,kp<=4k,0.136,2
16,n<=16,sr<=70%,kvB<=16k,kp<=512,0.2927,2
16,n<=16,sr<=70%,kvB<=16k,kp<=8k,0.2411,2
16,n<=16,sr<=70%,kvB<=16k,kp=0,0.3463,2
16,n<=16,sr<=70%,kvB<=1k,kp<=16k,0.0583,2
16,n<=16,sr<=70%,kvB<=1k,kp<=1k,0.0274,2
16,n<=16,sr<=70%,kvB<=1k,kp<=2k,0.1083,2
16,n<=16,sr<=70%,kvB<=1k,kp<=4k,0.028,2
16,n<=16,sr<=70%,kvB<=1k,kp<=512,0.1109,2
16,n<=16,sr<=70%,kvB<=1k,kp<=8k,0.0647,2
16,n<=16,sr<=70%,kvB<=1k,kp=0,0.0236,2
16,n<=16,sr<=70%,kvB<=32k,kp<=16k,0.2178,1
16,n<=16,sr<=70%,kvB<=32k,kp<=1k,0.1554,1
16,n<=16,sr<=70%,kvB<=32k,kp<=2k,0.2365,1
16,n<=16,sr<=70%,kvB<=32k,kp<=4k,0.1732,1
16,n<=16,sr<=70%,kvB<=32k,kp<=512,0.2511,1
16,n<=16,sr<=70%,kvB<=32k,kp<=8k,0.1481,1
16,n<=16,sr<=70%,kvB<=32k,kp=0,0.2828,1
16,n<=16,sr<=70%,kvB<=4k,kp<=16k,0.5017,2
16,n<=16,sr<=70%,kvB<=4k,kp<=1k,0.229,2
16,n<=16,sr<=70%,kvB<=4k,kp<=2k,0.5006,2
16,n<=16,sr<=70%,kvB<=4k,kp<=4k,0.4846,2
16,n<=16,sr<=70%,kvB<=4k,kp<=512,0.2035,2
16,n<=16,sr<=70%,kvB<=4k,kp<=8k,0.6735,2
16,n<=16,sr<=70%,kvB<=4k,kp=0,0.49,2
16,n<=16,sr>70%,kvB<=16k,kp<=16k,1.4267,2
16,n<=16,sr>70%,kvB<=16k,kp<=1k,0.8854,4
16,n<=16,sr>70%,kvB<=16k,kp<=2k,0.6874,4
16,n<=16,sr>70%,kvB<=16k,kp<=4k,0.6879,4
16,n<=16,sr>70%,kvB<=16k,kp<=512,0.7191,4
16,n<=16,sr>70%,kvB<=16k,kp<=8k,0.8978,3
16,n<=16,sr>70%,kvB<=16k,kp=0,1.0895,4
16,n<=16,sr>70%,kvB<=1k,kp<=16k,0.7348,4
16,n<=16,sr>70%,kvB<=1k,kp<=1k,0.571,4
16,n<=16,sr>70%,kvB<=1k,kp<=2k,0.9093,4
16,n<=16,sr>70%,kvB<=1k,kp<=4k,0.2369,4
16,n<=16,sr>70%,kvB<=1k,kp<=512,0.55,4
16,n<=16,sr>70%,kvB<=1k,kp<=8k,0.5234,4
16,n<=16,sr>70%,kvB<=1k,kp=0,0.2886,4
16,n<=16,sr>70%,kvB<=32k,kp<=16k,0.7267,2
16,n<=16,sr>70%,kvB<=32k,kp<=1k,0.513,2
16,n<=16,sr>70%,kvB<=32k,kp<=2k,0.6476,2
16,n<=16,sr>70%,kvB<=32k,kp<=4k,0.6298,2
16,n<=16,sr>70%,kvB<=32k,kp<=512,0.6603,2
16,n<=16,sr>70%,kvB<=32k,kp<=8k,0.4452,2
16,n<=16,sr>70%,kvB<=32k,kp=0,0.7897,2
16,n<=16,sr>70%,kvB<=4k,kp<=16k,1.2332,4
16,n<=16,sr>70%,kvB<=4k,kp<=1k,0.8759,4
16,n<=16,sr>70%,kvB<=4k,kp<=2k,1.4716,4
16,n<=16,sr>70%,kvB<=4k,kp<=4k,7.5845,4
16,n<=16,sr>70%,kvB<=4k,kp<=512,0.9838,4
16,n<=16,sr>70%,kvB<=4k,kp<=8k,2.9749,2
16,n<=16,sr>70%,kvB<=4k,kp=0,1.9343,4
16,n<=2,sr<=70%,kvB<=16k,kp<=16k,-0.9569,2
16,n<=2,sr<=70%,kvB<=16k,kp<=1k,0.8482,2
16,n<=2,sr<=70%,kvB<=16k,kp<=2k,0.9718,2
16,n<=2,sr<=70%,kvB<=16k,kp<=4k,0.8311,2
16,n<=2,sr<=70%,kvB<=16k,kp<=512,0.9775,2
16,n<=2,sr<=70%,kvB<=16k,kp<=8k,0.0428,2
16,n<=2,sr<=70%,kvB<=16k,kp=0,0.9781,2
16,n<=2,sr<=70%,kvB<=1k,kp<=16k,-0.7482,2
16,n<=2,sr<=70%,kvB<=1k,kp<=1k,-0.7976,2
16,n<=2,sr<=70%,kvB<=1k,kp<=2k,-0.7746,2
16,n<=2,sr<=70%,kvB<=1k,kp<=4k,-0.7845,2
16,n<=2,sr<=70%,kvB<=1k,kp<=512,-0.0526,2
16,n<=2,sr<=70%,kvB<=1k,kp<=8k,-0.6068,2
16,n<=2,sr<=70%,kvB<=1k,kp=0,0.9143,2
16,n<=2,sr<=70%,kvB<=32k,kp<=16k,0.3318,1
16,n<=2,sr<=70%,kvB<=32k,kp<=1k,0.9169,1
16,n<=2,sr<=70%,kvB<=32k,kp<=2k,0.9299,1
16,n<=2,sr<=70%,kvB<=32k,kp<=4k,0.9865,1
16,n<=2,sr<=70%,kvB<=32k,kp<=512,0.9875,1
16,n<=2,sr<=70%,kvB<=32k,kp<=8k,0.9687,1
16,n<=2,sr<=70%,kvB<=32k,kp=0,0.9905,1
16,n<=2,sr<=70%,kvB<=4k,kp<=16k,-0.8572,2
16,n<=2,sr<=70%,kvB<=4k,kp<=1k,0.6849,2
16,n<=2,sr<=70%,kvB<=4k,kp<=2k,-0.0514,2
16,n<=2,sr<=70%,kvB<=4k,kp<=4k,-0.8851,2
16,n<=2,sr<=70%,kvB<=4k,kp<=512,0.9431,2
16,n<=2,sr<=70%,kvB<=4k,kp<=8k,-0.9608,2
16,n<=2,sr<=70%,kvB<=4k,kp=0,0.9666,2
16,n<=32,sr<=15%,kvB<=16k,kp<=16k,0.0288,6
16,n<=32,sr<=15%,kvB<=16k,kp<=1k,0.0359,6
16,n<=32,sr<=15%,kvB<=16k,kp<=2k,0.0364,6
16,n<=32,sr<=15%,kvB<=16k,kp<=4k,0.03,6
16,n<=32,sr<=15%,kvB<=16k,kp<=512,0.0358,6
16,n<=32,sr<=15%,kvB<=16k,kp<=8k,0.0256,6
16,n<=32,sr<=15%,kvB<=16k,kp=0,0.0443,6
16,n<=32,sr<=15%,kvB<=1k,kp<=16k,0.0642,6
16,n<=32,sr<=15%,kvB<=1k,kp<=1k,0.0324,6
16,n<=32,sr<=15%,kvB<=1k,kp<=2k,0.0305,6
16,n<=32,sr<=15%,kvB<=1k,kp<=4k,0.0611,6
16,n<=32,sr<=15%,kvB<=1k,kp<=512,0.0538,6
16,n<=32,sr<=15%,kvB<=1k,kp<=8k,0.0682,6
16,n<=32,sr<=15%,kvB<=1k,kp=0,0.0692,6
16,n<=32,sr<=15%,kvB<=32k,kp<=16k,0.0288,3
16,n<=32,sr<=15%,kvB<=32k,kp<=1k,0.0308,3
16,n<=32,sr<=15%,kvB<=32k,kp<=2k,0.0295,3
16,n<=32,sr<=15%,kvB<=32k,kp<=4k,0.0334,3
16,n<=32,sr<=15%,kvB<=32k,kp<=512,0.0243,3
16,n<=32,sr<=15%,kvB<=32k,kp<=8k,0.0299,3
16,n<=32,sr<=15%,kvB<=32k,kp=0,0.0361,3
16,n<=32,sr<=15%,kvB<=4k,kp<=16k,0.1084,6
16,n<=32,sr<=15%,kvB<=4k,kp<=1k,0.082,6
16,n<=32,sr<=15%,kvB<=4k,kp<=2k,0.0549,6
16,n<=32,sr<=15%,kvB<=4k,kp<=4k,0.0931,6
16,n<=32,sr<=15%,kvB<=4k,kp<=512,0.0627,6
16,n<=32,sr<=15%,kvB<=4k,kp<=8k,0.0908,6
16,n<=32,sr<=15%,kvB<=4k,kp=0,0.0819,6
16,n<=32,sr<=40%,kvB<=16k,kp<=16k,0.061,2
16,n<=32,sr<=40%,kvB<=16k,kp<=1k,0.0634,2
16,n<=32,sr<=40%,kvB<=16k,kp<=2k,0.0581,2
16,n<=32,sr<=40%,kvB<=16k,kp<=4k,0.0642,2
16,n<=32,sr<=40%,kvB<=16k,kp<=512,0.0556,2
16,n<=32,sr<=40%,kvB<=16k,kp<=8k,0.0764,2
16,n<=32,sr<=40%,kvB<=16k,kp=0,0.0867,2
16,n<=32,sr<=40%,kvB<=1k,kp<=16k,0.2144,2
16,n<=32,sr<=40%,kvB<=1k,kp<=1k,0.0936,2
16,n<=32,sr<=40%,kvB<=1k,kp<=2k,0.091,2
16,n<=32,sr<=40%,kvB<=1k,kp<=4k,0.2187,2
16,n<=32,sr<=40%,kvB<=1k,kp<=512,0.093,2
16,n<=32,sr<=40%,kvB<=1k,kp<=8k,0.2463,2
16,n<=32,sr<=40%,kvB<=1k,kp=0,0.1065,2
16,n<=32,sr<=40%,kvB<=32k,kp<=16k,0.0545,1
16,n<=32,sr<=40%,kvB<=32k,kp<=1k,0.0576,1
16,n<=32,sr<=40%,kvB<=32k,kp<=2k,0.0503,1
16,n<=32,sr<=40%,kvB<=32k,kp<=4k,0.0514,1
16,n<=32,sr<=40%,kvB<=32k,kp<=512,0.0406,1
16,n<=32,sr<=40%,kvB<=32k,kp<=8k,0.0445,1
16,n<=32,sr<=40%,kvB<=32k,kp=0,0.0716,1
16,n<=32,sr<=40%,kvB<=4k,kp<=16k,0.2114,2
16,n<=32,sr<=40%,kvB<=4k,kp<=1k,0.1728,2
16,n<=32,sr<=40%,kvB<=4k,kp<=2k,0.1989,2
16,n<=32,sr<=40%,kvB<=4k,kp<=4k,0.2073,2
16,n<=32,sr<=40%,kvB<=4k,kp<=512,0.1579,2
16,n<=32,sr<=40%,kvB<=4k,kp<=8k,0.1891,2
16,n<=32,sr<=40%,kvB<=4k,kp=0,0.2344,2
16,n<=32,sr<=5%,kvB<=16k,kp<=16k,0.0048,2
16,n<=32,sr<=5%,kvB<=16k,kp<=1k,0.0269,2
16,n<=32,sr<=5%,kvB<=16k,kp<=2k,0.0257,2
16,n<=32,sr<=5%,kvB<=16k,kp<=4k,0.0136,2
16,n<=32,sr<=5%,kvB<=16k,kp<=512,0.0209,2
16,n<=32,sr<=5%,kvB<=16k,kp<=8k,0.0012,2
16,n<=32,sr<=5%,kvB<=16k,kp=0,0.0191,2
16,n<=32,sr<=5%,kvB<=1k,kp<=16k,0.0054,2
16,n<=32,sr<=5%,kvB<=1k,kp<=1k,0.0124,2
16,n<=32,sr<=5%,kvB<=1k,kp<=2k,0.0044,2
16,n<=32,sr<=5%,kvB<=1k,kp<=4k,0.0263,2
16,n<=32,sr<=5%,kvB<=1k,kp<=512,0.0297,2
16,n<=32,sr<=5%,kvB<=1k,kp<=8k,0.0061,2
16,n<=32,sr<=5%,kvB<=1k,kp=0,0.0439,2
16,n<=32,sr<=5%,kvB<=32k,kp<=16k,0.0101,1
16,n<=32,sr<=5%,kvB<=32k,kp<=1k,0.0244,1
16,n<=32,sr<=5%,kvB<=32k,kp<=2k,0.0254,1
16,n<=32,sr<=5%,kvB<=32k,kp<=4k,0.0215,1
16,n<=32,sr<=5%,kvB<=32k,kp<=512,0.0275,1
16,n<=32,sr<=5%,kvB<=32k,kp<=8k,0.0336,1
16,n<=32,sr<=5%,kvB<=32k,kp=0,0.0274,1
16,n<=32,sr<=5%,kvB<=4k,kp<=16k,0.0462,2
16,n<=32,sr<=5%,kvB<=4k,kp<=1k,0.0393,2
16,n<=32,sr<=5%,kvB<=4k,kp<=2k,0.03,2
16,n<=32,sr<=5%,kvB<=4k,kp<=4k,0.0049,2
16,n<=32,sr<=5%,kvB<=4k,kp<=512,0.0312,2
16,n<=32,sr<=5%,kvB<=4k,kp<=8k,0.0432,2
16,n<=32,sr<=5%,kvB<=4k,kp=0,0.0446,2
16,n<=32,sr<=70%,kvB<=16k,kp<=16k,0.0964,2
16,n<=32,sr<=70%,kvB<=16k,kp<=1k,0.0865,2
16,n<=32,sr<=70%,kvB<=16k,kp<=2k,0.0978,2
16,n<=32,sr<=70%,kvB<=16k,kp<=4k,0.1167,2
16,n<=32,sr<=70%,kvB<=16k,kp<=512,0.1004,2
16,n<=32,sr<=70%,kvB<=16k,kp<=8k,0.1171,2
16,n<=32,sr<=70%,kvB<=16k,kp=0,0.1553,2
16,n<=32,sr<=70%,kvB<=1k,kp<=16k,0.3539,2
16,n<=32,sr<=70%,kvB<=1k,kp<=1k,0.3218,2
16,n<=32,sr<=70%,kvB<=1k,kp<=2k,0.4905,2
16,n<=32,sr<=70%,kvB<=1k,kp<=4k,0.492,2
16,n<=32,sr<=70%,kvB<=1k,kp<=512,0.4016,2
16,n<=32,sr<=70%,kvB<=1k,kp<=8k,0.5077,2
16,n<=32,sr<=70%,kvB<=1k,kp=0,0.3567,2
16,n<=32,sr<=70%,kvB<=32k,kp<=16k,0.1003,1
16,n<=32,sr<=70%,kvB<=32k,kp<=1k,0.0623,1
16,n<=32,sr<=70%,kvB<=32k,kp<=2k,0.0733,1
16,n<=32,sr<=70%,kvB<=32k,kp<=4k,0.0845,1
16,n<=32,sr<=70%,kvB<=32k,kp<=512,0.0614,1
16,n<=32,sr<=70%,kvB<=32k,kp<=8k,0.0681,1
16,n<=32,sr<=70%,kvB<=32k,kp=0,0.1168,1
16,n<=32,sr<=70%,kvB<=4k,kp<=16k,0.284,2
16,n<=32,sr<=70%,kvB<=4k,kp<=1k,0.22,2
16,n<=32,sr<=70%,kvB<=4k,kp<=2k,0.2367,2
16,n<=32,sr<=70%,kvB<=4k,kp<=4k,0.2347,2
16,n<=32,sr<=70%,kvB<=4k,kp<=512,0.1828,2
16,n<=32,sr<=70%,kvB<=4k,kp<=8k,0.2679,2
16,n<=32,sr<=70%,kvB<=4k,kp=0,0.3465,2
16,n<=32,sr>70%,kvB<=16k,kp<=16k,0.3917,4
16,n<=32,sr>70%,kvB<=16k,kp<=1k,0.2337,4
16,n<=32,sr>70%,kvB<=16k,kp<=2k,0.2904,4
16,n<=32,sr>70%,kvB<=16k,kp<=4k,0.312,4
16,n<=32,sr>70%,kvB<=16k,kp<=512,0.2313,4
16,n<=32,sr>70%,kvB<=16k,kp<=8k,0.2892,4
16,n<=32,sr>70%,kvB<=16k,kp=0,0.3916,4
16,n<=32,sr>70%,kvB<=1k,kp<=16k,1.0599,4
16,n<=32,sr>70%,kvB<=1k,kp<=1k,1.6288,4
16,n<=32,sr>70%,kvB<=1k,kp<=2k,1.6374,4
16,n<=32,sr>70%,kvB<=1k,kp<=4k,1.5926,4
16,n<=32,sr>70%,kvB<=1k,kp<=512,1.5344,4
16,n<=32,sr>70%,kvB<=1k,kp<=8k,1.3267,4
16,n<=32,sr>70%,kvB<=1k,kp=0,1.299,4
16,n<=32,sr>70%,kvB<=32k,kp<=16k,0.21,2
16,n<=32,sr>70%,kvB<=32k,kp<=1k,0.1654,2
16,n<=32,sr>70%,kvB<=32k,kp<=2k,0.1522,2
16,n<=32,sr>70%,kvB<=32k,kp<=4k,0.1968,2
16,n<=32,sr>70%,kvB<=32k,kp<=512,0.156,2
16,n<=32,sr>70%,kvB<=32k,kp<=8k,0.2356,2
16,n<=32,sr>70%,kvB<=32k,kp=0,0.2358,2
16,n<=32,sr>70%,kvB<=4k,kp<=16k,0.8114,4
16,n<=32,sr>70%,kvB<=4k,kp<=1k,0.5249,4
16,n<=32,sr>70%,kvB<=4k,kp<=2k,0.5532,4
16,n<=32,sr>70%,kvB<=4k,kp<=4k,0.7472,4
16,n<=32,sr>70%,kvB<=4k,kp<=512,0.4538,4
16,n<=32,sr>70%,kvB<=4k,kp<=8k,0.7139,4
16,n<=32,sr>70%,kvB<=4k,kp=0,0.9051,4
16,n<=4,sr<=40%,kvB<=16k,kp<=16k,-0.4684,2
16,n<=4,sr<=40%,kvB<=16k,kp<=1k,0.3708,2
16,n<=4,sr<=40%,kvB<=16k,kp<=2k,0.4474,2
16,n<=4,sr<=40%,kvB<=16k,kp<=4k,0.5171,2
16,n<=4,sr<=40%,kvB<=16k,kp<=512,0.3323,2
16,n<=4,sr<=40%,kvB<=16k,kp<=8k,0.4762,2
16,n<=4,sr<=40%,kvB<=16k,kp=0,0.3151,2
16,n<=4,sr<=40%,kvB<=1k,kp<=16k,-0.0593,2
16,n<=4,sr<=40%,kvB<=1k,kp<=1k,-0.1483,2
16,n<=4,sr<=40%,kvB<=1k,kp<=2k,-0.1975,2
16,n<=4,sr<=40%,kvB<=1k,kp<=4k,-0.1549,2
16,n<=4,sr<=40%,kvB<=1k,kp<=512,0.6761,2
16,n<=4,sr<=40%,kvB<=1k,kp<=8k,-0.1171,2
16,n<=4,sr<=40%,kvB<=1k,kp=0,0.4998,5
16,n<=4,sr<=40%,kvB<=32k,kp<=16k,0.4796,1
16,n<=4,sr<=40%,kvB<=32k,kp<=1k,0.3244,1
16,n<=4,sr<=40%,kvB<=32k,kp<=2k,0.3697,1
16,n<=4,sr<=40%,kvB<=32k,kp<=4k,0.4288,1
16,n<=4,sr<=40%,kvB<=32k,kp<=512,0.3204,1
16,n<=4,sr<=40%,kvB<=32k,kp<=8k,0.5208,1
16,n<=4,sr<=40%,kvB<=32k,kp=0,0.319,1
16,n<=4,sr<=40%,kvB<=4k,kp<=16k,-0.3492,2
16,n<=4,sr<=40%,kvB<=4k,kp<=1k,0.5385,2
16,n<=4,sr<=40%,kvB<=4k,kp<=2k,0.4858,2
16,n<=4,sr<=40%,kvB<=4k,kp<=4k,-0.4494,2
16,n<=4,sr<=40%,kvB<=4k,kp<=512,0.4669,2
16,n<=4,sr<=40%,kvB<=4k,kp<=8k,-0.323,2
16,n<=4,sr<=40%,kvB<=4k,kp=0,0.3437,3
16,n<=4,sr<=70%,kvB<=16k,kp<=16k,-0.2419,2
16,n<=4,sr<=70%,kvB<=16k,kp<=1k,0.2754,2
16,n<=4,sr<=70%,kvB<=16k,kp<=2k,0.3026,2
16,n<=4,sr<=70%,kvB<=16k,kp<=4k,0.3933,2
16,n<=4,sr<=70%,kvB<=16k,kp<=512,0.1627,2
16,n<=4,sr<=70%,kvB<=16k,kp<=8k,0.6912,2
16,n<=4,sr<=70%,kvB<=16k,kp=0,0.0084,2
16,n<=4,sr<=70%,kvB<=1k,kp<=16k,-0.4849,2
16,n<=4,sr<=70%,kvB<=1k,kp<=1k,-0.8836,2
16,n<=4,sr<=70%,kvB<=1k,kp<=2k,-0.6663,2
16,n<=4,sr<=70%,kvB<=1k,kp<=4k,-0.5163,2
16,n<=4,sr<=70%,kvB<=1k,kp<=512,0.899,2
16,n<=4,sr<=70%,kvB<=1k,kp<=8k,-0.47,2
16,n<=4,sr<=70%,kvB<=1k,kp=0,0.5796,4
16,n<=4,sr<=70%,kvB<=32k,kp<=16k,0.672,1
16,n<=4,sr<=70%,kvB<=32k,kp<=1k,0.1501,1
16,n<=4,sr<=70%,kvB<=32k,kp<=2k,0.2672,1
16,n<=4,sr<=70%,kvB<=32k,kp<=4k,0.2897,1
16,n<=4,sr<=70%,kvB<=32k,kp<=512,0.0816,1
16,n<=4,sr<=70%,kvB<=32k,kp<=8k,0.304,1
16,n<=4,sr<=70%,kvB<=32k,kp=0,-0.0049,1
16,n<=4,sr<=70%,kvB<=4k,kp<=16k,-0.4712,2
16,n<=4,sr<=70%,kvB<=4k,kp<=1k,0.4444,2
16,n<=4,sr<=70%,kvB<=4k,kp<=2k,0.7055,2
16,n<=4,sr<=70%,kvB<=4k,kp<=4k,-0.4233,2
16,n<=4,sr<=70%,kvB<=4k,kp<=512,0.3224,2
16,n<=4,sr<=70%,kvB<=4k,kp<=8k,-0.4231,2
16,n<=4,sr<=70%,kvB<=4k,kp=0,0.1642,2
16,n<=4,sr>70%,kvB<=16k,kp<=16k,-0.5458,2
16,n<=4,sr>70%,kvB<=16k,kp<=1k,1.0473,2
16,n<=4,sr>70%,kvB<=16k,kp<=2k,1.0035,2
16,n<=4,sr>70%,kvB<=16k,kp<=4k,0.9946,2
16,n<=4,sr>70%,kvB<=16k,kp<=512,1.0485,2
16,n<=4,sr>70%,kvB<=16k,kp<=8k,1.0517,2
16,n<=4,sr>70%,kvB<=16k,kp=0,1.0278,2
16,n<=4,sr>70%,kvB<=1k,kp<=16k,-0.6864,2
16,n<=4,sr>70%,kvB<=1k,kp<=1k,-0.1469,2
16,n<=4,sr>70%,kvB<=1k,kp<=2k,-0.9716,2
16,n<=4,sr>70%,kvB<=1k,kp<=4k,-0.6043,2
16,n<=4,sr>70%,kvB<=1k,kp<=512,0.9166,2
16,n<=4,sr>70%,kvB<=1k,kp<=8k,-0.7641,2
16,n<=4,sr>70%,kvB<=1k,kp=0,0.9261,2
16,n<=4,sr>70%,kvB<=32k,kp<=16k,0.9596,1
16,n<=4,sr>70%,kvB<=32k,kp<=1k,1.0778,1
16,n<=4,sr>70%,kvB<=32k,kp<=2k,1.0603,1
16,n<=4,sr>70%,kvB<=32k,kp<=4k,1.0095,1
16,n<=4,sr>70%,kvB<=32k,kp<=512,1.0536,1
16,n<=4,sr>70%,kvB<=32k,kp<=8k,1.041,1
16,n<=4,sr>70%,kvB<=32k,kp=0,1.0307,1
16,n<=4,sr>70%,kvB<=4k,kp<=16k,-1.0449,2
16,n<=4,sr>70%,kvB<=4k,kp<=1k,0.8891,2
16,n<=4,sr>70%,kvB<=4k,kp<=2k,0.8913,2
16,n<=4,sr>70%,kvB<=4k,kp<=4k,-0.7363,2
16,n<=4,sr>70%,kvB<=4k,kp<=512,0.889,2
16,n<=4,sr>70%,kvB<=4k,kp<=8k,-0.9396,2
16,n<=4,sr>70%,kvB<=4k,kp=0,0.9106,2
16,n<=64,sr<=15%,kvB<=16k,kp<=16k,0.0015,4
16,n<=64,sr<=15%,kvB<=16k,kp<=1k,0.0085,4
16,n<=64,sr<=15%,kvB<=16k,kp<=2k,0.0097,4
16,n<=64,sr<=15%,kvB<=16k,kp<=4k,0.011,4
16,n<=64,sr<=15%,kvB<=16k,kp<=512,0.0095,4
16,n<=64,sr<=15%,kvB<=16k,kp<=8k,0.0069,4
16,n<=64,sr<=15%,kvB<=16k,kp=0,0.0125,4
16,n<=64,sr<=15%,kvB<=1k,kp<=16k,0.0089,4
16,n<=64,sr<=15%,kvB<=1k,kp<=1k,0.0131,4
16,n<=64,sr<=15%,kvB<=1k,kp<=2k,0.0119,4
16,n<=64,sr<=15%,kvB<=1k,kp<=4k,0.013,4
16,n<=64,sr<=15%,kvB<=1k,kp<=512,0.0211,4
16,n<=64,sr<=15%,kvB<=1k,kp<=8k,0.008,4
16,n<=64,sr<=15%,kvB<=1k,kp=0,0.0214,4
16,n<=64,sr<=15%,kvB<=32k,kp<=16k,0.0083,2
16,n<=64,sr<=15%,kvB<=32k,kp<=1k,0.0079,2
16,n<=64,sr<=15%,kvB<=32k,kp<=2k,0.0074,2
16,n<=64,sr<=15%,kvB<=32k,kp<=4k,0.0088,2
16,n<=64,sr<=15%,kvB<=32k,kp<=512,0.0073,2
16,n<=64,sr<=15%,kvB<=32k,kp<=8k,0.0088,2
16,n<=64,sr<=15%,kvB<=32k,kp=0,0.0088,2
16,n<=64,sr<=15%,kvB<=4k,kp<=16k,0.0088,4
16,n<=64,sr<=15%,kvB<=4k,kp<=1k,0.0169,4
16,n<=64,sr<=15%,kvB<=4k,kp<=2k,0.0119,4
16,n<=64,sr<=15%,kvB<=4k,kp<=4k,0.0061,4
16,n<=64,sr<=15%,kvB<=4k,kp<=512,0.0157,4
16,n<=64,sr<=15%,kvB<=4k,kp<=8k,0.0053,4
16,n<=64,sr<=15%,kvB<=4k,kp=0,0.0204,4
16,n<=64,sr<=40%,kvB<=16k,kp<=16k,-0.0017,2
16,n<=64,sr<=40%,kvB<=16k,kp<=1k,0.0032,2
16,n<=64,sr<=40%,kvB<=16k,kp<=2k,0.0025,2
16,n<=64,sr<=40%,kvB<=16k,kp<=4k,0.0032,2
16,n<=64,sr<=40%,kvB<=16k,kp<=512,0.0035,2
16,n<=64,sr<=40%,kvB<=16k,kp<=8k,0.0064,2
16,n<=64,sr<=40%,kvB<=16k,kp=0,0.0045,2
16,n<=64,sr<=40%,kvB<=1k,kp<=16k,0.0199,2
16,n<=64,sr<=40%,kvB<=1k,kp<=1k,-0.0095,2
16,n<=64,sr<=40%,kvB<=1k,kp<=2k,-0.0026,2
16,n<=64,sr<=40%,kvB<=1k,kp<=4k,0.0004,2
16,n<=64,sr<=40%,kvB<=1k,kp<=512,0.0055,2
16,n<=64,sr<=40%,kvB<=1k,kp<=8k,0.0049,2
16,n<=64,sr<=40%,kvB<=1k,kp=0,0.0163,2
16,n<=64,sr<=40%,kvB<=32k,kp<=16k,0.0002,1
16,n<=64,sr<=40%,kvB<=32k,kp<=1k,-0.0015,1
16,n<=64,sr<=40%,kvB<=32k,kp<=2k,-0.0035,1
16,n<=64,sr<=40%,kvB<=32k,kp<=4k,-0.0006,1
16,n<=64,sr<=40%,kvB<=32k,kp<=512,-0.004,1
16,n<=64,sr<=40%,kvB<=32k,kp<=8k,-0.0012,1
16,n<=64,sr<=40%,kvB<=32k,kp=0,0.0003,1
16,n<=64,sr<=40%,kvB<=4k,kp<=16k,0.0113,2
16,n<=64,sr<=40%,kvB<=4k,kp<=1k,0.0153,2
16,n<=64,sr<=40%,kvB<=4k,kp<=2k,0.0158,2
16,n<=64,sr<=40%,kvB<=4k,kp<=4k,0.0079,2
16,n<=64,sr<=40%,kvB<=4k,kp<=512,0.0146,2
16,n<=64,sr<=40%,kvB<=4k,kp<=8k,0.0081,2
16,n<=64,sr<=40%,kvB<=4k,kp=0,0.0276,2
16,n<=64,sr<=5%,kvB<=16k,kp<=16k,0.0015,6
16,n<=64,sr<=5%,kvB<=16k,kp<=1k,0.0098,6
16,n<=64,sr<=5%,kvB<=16k,kp<=2k,0.0104,6
16,n<=64,sr<=5%,kvB<=16k,kp<=4k,0.0097,6
16,n<=64,sr<=5%,kvB<=16k,kp<=512,0.0097,6
16,n<=64,sr<=5%,kvB<=16k,kp<=8k,0.0078,6
16,n<=64,sr<=5%,kvB<=16k,kp=0,0.0105,6
16,n<=64,sr<=5%,kvB<=1k,kp<=16k,0.0051,6
16,n<=64,sr<=5%,kvB<=1k,kp<=1k,0.0074,6
16,n<=64,sr<=5%,kvB<=1k,kp<=2k,0.0085,6
16,n<=64,sr<=5%,kvB<=1k,kp<=4k,0.0053,6
16,n<=64,sr<=5%,kvB<=1k,kp<=512,0.0131,6
16,n<=64,sr<=5%,kvB<=1k,kp<=8k,0.0074,6
16,n<=64,sr<=5%,kvB<=1k,kp=0,0.0146,6
16,n<=64,sr<=5%,kvB<=32k,kp<=16k,0.0091,3
16,n<=64,sr<=5%,kvB<=32k,kp<=1k,0.0091,3
16,n<=64,sr<=5%,kvB<=32k,kp<=2k,0.0097,3
16,n<=64,sr<=5%,kvB<=32k,kp<=4k,0.0102,3
16,n<=64,sr<=5%,kvB<=32k,kp<=512,0.009,3
16,n<=64,sr<=5%,kvB<=32k,kp<=8k,0.0108,3
16,n<=64,sr<=5%,kvB<=32k,kp=0,0.0099,3
16,n<=64,sr<=5%,kvB<=4k,kp<=16k,0.0054,6
16,n<=64,sr<=5%,kvB<=4k,kp<=1k,0.0161,6
16,n<=64,sr<=5%,kvB<=4k,kp<=2k,0.0123,6
16,n<=64,sr<=5%,kvB<=4k,kp<=4k,0.0032,6
16,n<=64,sr<=5%,kvB<=4k,kp<=512,0.0138,6
16,n<=64,sr<=5%,kvB<=4k,kp<=8k,0.0042,6
16,n<=64,sr<=5%,kvB<=4k,kp=0,0.0184,6
16,n<=64,sr<=70%,kvB<=16k,kp<=16k,0.0068,2
16,n<=64,sr<=70%,kvB<=16k,kp<=1k,0.0046,2
16,n<=64,sr<=70%,kvB<=16k,kp<=2k,0.0083,2
16,n<=64,sr<=70%,kvB<=16k,kp<=4k,0.0135,2
16,n<=64,sr<=70%,kvB<=16k,kp<=512,0.0051,2
16,n<=64,sr<=70%,kvB<=16k,kp<=8k,0.0133,2
16,n<=64,sr<=70%,kvB<=16k,kp=0,0.0111,2
16,n<=64,sr<=70%,kvB<=1k,kp<=16k,0.0205,2
16,n<=64,sr<=70%,kvB<=1k,kp<=1k,0.04,2
16,n<=64,sr<=70%,kvB<=1k,kp<=2k,0.04,2
16,n<=64,sr<=70%,kvB<=1k,kp<=4k,0.0199,2
16,n<=64,sr<=70%,kvB<=1k,kp<=512,0.0626,2
16,n<=64,sr<=70%,kvB<=1k,kp<=8k,0.0137,2
16,n<=64,sr<=70%,kvB<=1k,kp=0,0.0692,2
16,n<=64,sr<=70%,kvB<=32k,kp<=16k,-0.0069,1
16,n<=64,sr<=70%,kvB<=32k,kp<=1k,-0.0076,1
16,n<=64,sr<=70%,kvB<=32k,kp<=2k,-0.0084,1
16,n<=64,sr<=70%,kvB<=32k,kp<=4k,-0.0056,1
16,n<=64,sr<=70%,kvB<=32k,kp<=512,-0.0082,1
16,n<=64,sr<=70%,kvB<=32k,kp<=8k,-0.0061,1
16,n<=64,sr<=70%,kvB<=32k,kp=0,-0.0093,1
16,n<=64,sr<=70%,kvB<=4k,kp<=16k,0.0234,2
16,n<=64,sr<=70%,kvB<=4k,kp<=1k,0.0273,2
16,n<=64,sr<=70%,kvB<=4k,kp<=2k,0.0258,2
16,n<=64,sr<=70%,kvB<=4k,kp<=4k,0.0274,2
16,n<=64,sr<=70%,kvB<=4k,kp<=512,0.0235,2
16,n<=64,sr<=70%,kvB<=4k,kp<=8k,0.0258,2
16,n<=64,sr<=70%,kvB<=4k,kp=0,0.0425,2
16,n<=64,sr>70%,kvB<=16k,kp<=16k,0.0257,4
16,n<=64,sr>70%,kvB<=16k,kp<=1k,0.025,4
16,n<=64,sr>70%,kvB<=16k,kp<=2k,0.0252,4
16,n<=64,sr>70%,kvB<=16k,kp<=4k,0.0297,4
16,n<=64,sr>70%,kvB<=16k,kp<=512,0.0251,4
16,n<=64,sr>70%,kvB<=16k,kp<=8k,0.0349,4
16,n<=64,sr>70%,kvB<=16k,kp=0,0.0405,4
16,n<=64,sr>70%,kvB<=1k,kp<=16k,0.1444,4
16,n<=64,sr>70%,kvB<=1k,kp<=1k,0.2163,4
16,n<=64,sr>70%,kvB<=1k,kp<=2k,0.168,4
16,n<=64,sr>70%,kvB<=1k,kp<=4k,0.1248,4
16,n<=64,sr>70%,kvB<=1k,kp<=512,0.1801,4
16,n<=64,sr>70%,kvB<=1k,kp<=8k,0.09,4
16,n<=64,sr>70%,kvB<=1k,kp=0,0.2614,4
16,n<=64,sr>70%,kvB<=32k,kp<=16k,0.019,2
16,n<=64,sr>70%,kvB<=32k,kp<=1k,0.0107,2
16,n<=64,sr>70%,kvB<=32k,kp<=2k,0.0053,2
16,n<=64,sr>70%,kvB<=32k,kp<=4k,0.0076,2
16,n<=64,sr>70%,kvB<=32k,kp<=512,0.001,2
16,n<=64,sr>70%,kvB<=32k,kp<=8k,0.0078,2
16,n<=64,sr>70%,kvB<=32k,kp=0,0.0049,2
16,n<=64,sr>70%,kvB<=4k,kp<=16k,0.0742,4
16,n<=64,sr>70%,kvB<=4k,kp<=1k,0.0642,4
16,n<=64,sr>70%,kvB<=4k,kp<=2k,0.0648,4
16,n<=64,sr>70%,kvB<=4k,kp<=4k,0.0866,4
16,n<=64,sr>70%,kvB<=4k,kp<=512,0.0675,4
16,n<=64,sr>70%,kvB<=4k,kp<=8k,0.0756,4
16,n<=64,sr>70%,kvB<=4k,kp=0,0.0944,4
16,n<=8,sr<=15%,kvB<=16k,kp<=16k,0.0096,2
16,n<=8,sr<=15%,kvB<=16k,kp<=1k,0.0996,2
16,n<=8,sr<=15%,kvB<=16k,kp<=2k,0.1114,2
16,n<=8,sr<=15%,kvB<=16k,kp<=4k,0.0915,2
16,n<=8,sr<=15%,kvB<=16k,kp<=512,0.1049,2
16,n<=8,sr<=15%,kvB<=16k,kp<=8k,0.0997,2
16,n<=8,sr<=15%,kvB<=16k,kp=0,0.1189,2
16,n<=8,sr<=15%,kvB<=1k,kp<=16k,0.1355,2
16,n<=8,sr<=15%,kvB<=1k,kp<=1k,0.1141,2
16,n<=8,sr<=15%,kvB<=1k,kp<=2k,0.1516,2
16,n<=8,sr<=15%,kvB<=1k,kp<=4k,0.1459,2
16,n<=8,sr<=15%,kvB<=1k,kp<=512,0.2126,2
16,n<=8,sr<=15%,kvB<=1k,kp<=8k,0.1583,2
16,n<=8,sr<=15%,kvB<=1k,kp=0,0.224,5
16,n<=8,sr<=15%,kvB<=32k,kp<=16k,0.1029,1
16,n<=8,sr<=15%,kvB<=32k,kp<=1k,0.0997,1
16,n<=8,sr<=15%,kvB<=32k,kp<=2k,0.1156,1
16,n<=8,sr<=15%,kvB<=32k,kp<=4k,0.1068,1
16,n<=8,sr<=15%,kvB<=32k,kp<=512,0.1025,1
16,n<=8,sr<=15%,kvB<=32k,kp<=8k,0.104,1
16,n<=8,sr<=15%,kvB<=32k,kp=0,0.1072,1
16,n<=8,sr<=15%,kvB<=4k,kp<=16k,0.0544,2
16,n<=8,sr<=15%,kvB<=4k,kp<=1k,0.1459,2
16,n<=8,sr<=15%,kvB<=4k,kp<=2k,0.143,2
16,n<=8,sr<=15%,kvB<=4k,kp<=4k,0.0195,2
16,n<=8,sr<=15%,kvB<=4k,kp<=512,0.1234,2
16,n<=8,sr<=15%,kvB<=4k,kp<=8k,0.0847,2
16,n<=8,sr<=15%,kvB<=4k,kp=0,0.1498,3
16,n<=8,sr<=40%,kvB<=16k,kp<=16k,0.0089,4
16,n<=8,sr<=40%,kvB<=16k,kp<=1k,0.0914,4
16,n<=8,sr<=40%,kvB<=16k,kp<=2k,0.0825,4
16,n<=8,sr<=40%,kvB<=16k,kp<=4k,0.0237,4
16,n<=8,sr<=40%,kvB<=16k,kp<=512,0.1003,4
16,n<=8,sr<=40%,kvB<=16k,kp<=8k,0.1586,4
16,n<=8,sr<=40%,kvB<=16k,kp=0,0.0839,4
16,n<=8,sr<=40%,kvB<=1k,kp<=16k,0.1453,4
16,n<=8,sr<=40%,kvB<=1k,kp<=1k,0.0312,4
16,n<=8,sr<=40%,kvB<=1k,kp<=2k,0.1683,4
16,n<=8,sr<=40%,kvB<=1k,kp<=4k,0.1898,4
16,n<=8,sr<=40%,kvB<=1k,kp<=512,0.1948,4
16,n<=8,sr<=40%,kvB<=1k,kp<=8k,0.1677,4
16,n<=8,sr<=40%,kvB<=1k,kp=0,0.158,4
16,n<=8,sr<=40%,kvB<=32k,kp<=16k,0.194,2
16,n<=8,sr<=40%,kvB<=32k,kp<=1k,0.1072,2
16,n<=8,sr<=40%,kvB<=32k,kp<=2k,0.1104,2
16,n<=8,sr<=40%,kvB<=32k,kp<=4k,0.1163,2
16,n<=8,sr<=40%,kvB<=32k,kp<=512,0.1404,2
16,n<=8,sr<=40%,kvB<=32k,kp<=8k,0.0372,2
16,n<=8,sr<=40%,kvB<=32k,kp=0,0.1104,2
16,n<=8,sr<=40%,kvB<=4k,kp<=16k,0.1815,4
16,n<=8,sr<=40%,kvB<=4k,kp<=1k,0.1022,4
16,n<=8,sr<=40%,kvB<=4k,kp<=2k,0.1573,4
16,n<=8,sr<=40%,kvB<=4k,kp<=4k,0.0376,4
16,n<=8,sr<=40%,kvB<=4k,kp<=512,0.0671,4
16,n<=8,sr<=40%,kvB<=4k,kp<=8k,0.221,4
16,n<=8,sr<=40%,kvB<=4k,kp=0,0.0885,4
16,n<=8,sr<=70%,kvB<=16k,kp<=16k,0.1747,2
16,n<=8,sr<=70%,kvB<=16k,kp<=1k,0.1938,2
16,n<=8,sr<=70%,kvB<=16k,kp<=2k,0.1018,2
16,n<=8,sr<=70%,kvB<=16k,kp<=4k,0.0086,2
16,n<=8,sr<=70%,kvB<=16k,kp<=512,0.1666,2
16,n<=8,sr<=70%,kvB<=16k,kp<=8k,0.1323,2
16,n<=8,sr<=70%,kvB<=16k,kp=0,0.0416,2
16,n<=8,sr<=70%,kvB<=1k,kp<=16k,0.2514,2
16,n<=8,sr<=70%,kvB<=1k,kp<=1k,0.0249,2
16,n<=8,sr<=70%,kvB<=1k,kp<=2k,0.1376,2
16,n<=8,sr<=70%,kvB<=1k,kp<=4k,0.2564,2
16,n<=8,sr<=70%,kvB<=1k,kp<=512,0.1407,2
16,n<=8,sr<=70%,kvB<=1k,kp<=8k,0.2612,2
16,n<=8,sr<=70%,kvB<=1k,kp=0,0.0681,2
16,n<=8,sr<=70%,kvB<=32k,kp<=16k,0.2532,1
16,n<=8,sr<=70%,kvB<=32k,kp<=1k,0.0953,1
16,n<=8,sr<=70%,kvB<=32k,kp<=2k,0.1376,1
16,n<=8,sr<=70%,kvB<=32k,kp<=4k,0.148,1
16,n<=8,sr<=70%,kvB<=32k,kp<=512,0.1097,1
16,n<=8,sr<=70%,kvB<=32k,kp<=8k,0.0536,1
16,n<=8,sr<=70%,kvB<=32k,kp=0,0.0565,1
16,n<=8,sr<=70%,kvB<=4k,kp<=16k,0.2512,2
16,n<=8,sr<=70%,kvB<=4k,kp<=1k,0.1135,2
16,n<=8,sr<=70%,kvB<=4k,kp<=2k,0.2306,2
16,n<=8,sr<=70%,kvB<=4k,kp<=4k,0.1145,2
16,n<=8,sr<=70%,kvB<=4k,kp<=512,0.0159,2
16,n<=8,sr<=70%,kvB<=4k,kp<=8k,0.2201,2
16,n<=8,sr<=70%,kvB<=4k,kp=0,0.0459,2
16,n<=8,sr>70%,kvB<=16k,kp<=16k,0.2831,4
16,n<=8,sr>70%,kvB<=16k,kp<=1k,0.0824,4
16,n<=8,sr>70%,kvB<=16k,kp<=2k,-0.0208,4
16,n<=8,sr>70%,kvB<=16k,kp<=4k,-0.2504,4
16,n<=8,sr>70%,kvB<=16k,kp<=512,0.147,4
16,n<=8,sr>70%,kvB<=16k,kp<=8k,0.3534,4
16,n<=8,sr>70%,kvB<=16k,kp=0,0.0177,4
16,n<=8,sr>70%,kvB<=1k,kp<=16k,0.6867,4
16,n<=8,sr>70%,kvB<=1k,kp<=1k,0.1124,4
16,n<=8,sr>70%,kvB<=1k,kp<=2k,0.5304,4
16,n<=8,sr>70%,kvB<=1k,kp<=4k,0.7106,4
16,n<=8,sr>70%,kvB<=1k,kp<=512,0.2102,4
16,n<=8,sr>70%,kvB<=1k,kp<=8k,0.6838,4
16,n<=8,sr>70%,kvB<=1k,kp=0,-0.135,4
16,n<=8,sr>70%,kvB<=32k,kp<=16k,0.3623,2
16,n<=8,sr>70%,kvB<=32k,kp<=1k,0.116,2
16,n<=8,sr>70%,kvB<=32k,kp<=2k,0.0715,2
16,n<=8,sr>70%,kvB<=32k,kp<=4k,0.0723,2
16,n<=8,sr>70%,kvB<=32k,kp<=512,0.2137,2
16,n<=8,sr>70%,kvB<=32k,kp<=8k,-0.3107,2
16,n<=8,sr>70%,kvB<=32k,kp=0,-0.0305,2
16,n<=8,sr>70%,kvB<=4k,kp<=16k,1.7823,4
16,n<=8,sr>70%,kvB<=4k,kp<=1k,-0.2545,4
16,n<=8,sr>70%,kvB<=4k,kp<=2k,0.3713,4
16,n<=8,sr>70%,kvB<=4k,kp<=4k,0.7594,4
16,n<=8,sr>70%,kvB<=4k,kp<=512,-0.2396,4
16,n<=8,sr>70%,kvB<=4k,kp<=8k,1.4262,4
16,n<=8,sr>70%,kvB<=4k,kp=0,-0.2098,4
32,n<=128,sr<=15%,kvB<=16k,kp<=16k,-0.0007,4
32,n<=128,sr<=15%,kvB<=16k,kp<=1k,0.0021,4
32,n<=128,sr<=15%,kvB<=16k,kp<=2k,0.002,4
32,n<=128,sr<=15%,kvB<=16k,kp<=4k,0.0021,4
32,n<=128,sr<=15%,kvB<=16k,kp<=512,0.0025,4
32,n<=128,sr<=15%,kvB<=16k,kp<=8k,0.0017,4
32,n<=128,sr<=15%,kvB<=16k,kp=0,0.0022,4
32,n<=128,sr<=15%,kvB<=1k,kp<=16k,0.0023,4
32,n<=128,sr<=15%,kvB<=1k,kp<=1k,0.0043,4
32,n<=128,sr<=15%,kvB<=1k,kp<=2k,0.0007,4
32,n<=128,sr<=15%,kvB<=1k,kp<=4k,0.0041,4
32,n<=128,sr<=15%,kvB<=1k,kp<=512,0.0049,4
32,n<=128,sr<=15%,kvB<=1k,kp<=8k,0.0073,4
32,n<=128,sr<=15%,kvB<=1k,kp=0,0.0039,4
32,n<=128,sr<=15%,kvB<=32k,kp<=16k,0.0019,2
32,n<=128,sr<=15%,kvB<=32k,kp<=1k,0.0022,2
32,n<=128,sr<=15%,kvB<=32k,kp<=2k,0.0021,2
32,n<=128,sr<=15%,kvB<=32k,kp<=4k,0.002,2
32,n<=128,sr<=15%,kvB<=32k,kp<=512,0.0021,2
32,n<=128,sr<=15%,kvB<=32k,kp<=8k,0.0015,2
32,n<=128,sr<=15%,kvB<=32k,kp=0,0.0022,2
32,n<=128,sr<=15%,kvB<=4k,kp<=16k,0.001,4
32,n<=128,sr<=15%,kvB<=4k,kp<=1k,0.0021,4
32,n<=128,sr<=15%,kvB<=4k,kp<=2k,0.0023,4
32,n<=128,sr<=15%,kvB<=4k,kp<=4k,-0.0001,4
32,n<=128,sr<=15%,kvB<=4k,kp<=512,0.0017,4
32,n<=128,sr<=15%,kvB<=4k,kp<=8k,-0.0006,4
32,n<=128,sr<=15%,kvB<=4k,kp=0,0.0015,4
32,n<=128,sr<=40%,kvB<=16k,kp<=16k,0.0001,2
32,n<=128,sr<=40%,kvB<=16k,kp<=1k,0.0005,2
32,n<=128,sr<=40%,kvB<=16k,kp<=2k,0.0003,2
32,n<=128,sr<=40%,kvB<=16k,kp<=4k,0.0003,2
32,n<=128,sr<=40%,kvB<=16k,kp<=512,0.001,2
32,n<=128,sr<=40%,kvB<=16k,kp<=8k,-0.0,2
32,n<=128,sr<=40%,kvB<=16k,kp=0,0.0004,2
32,n<=128,sr<=40%,kvB<=1k,kp<=16k,0.0046,2
32,n<=128,sr<=40%,kvB<=1k,kp<=1k,0.0026,2
32,n<=128,sr<=40%,kvB<=1k,kp<=2k,-0.0027,2
32,n<=128,sr<=40%,kvB<=1k,kp<=4k,0.0015,2
32,n<=128,sr<=40%,kvB<=1k,kp<=512,0.0033,2
32,n<=128,sr<=40%,kvB<=1k,kp<=8k,0.0041,2
32,n<=128,sr<=40%,kvB<=1k,kp=0,0.0033,2
32,n<=128,sr<=40%,kvB<=32k,kp<=16k,-0.0004,1
32,n<=128,sr<=40%,kvB<=32k,kp<=1k,0.0005,1
32,n<=128,sr<=40%,kvB<=32k,kp<=2k,0.0005,1
32,n<=128,sr<=40%,kvB<=32k,kp<=4k,0.0003,1
32,n<=128,sr<=40%,kvB<=32k,kp<=512,0.0009,1
32,n<=128,sr<=40%,kvB<=32k,kp<=8k,-0.0001,1
32,n<=128,sr<=40%,kvB<=32k,kp=0,0.0006,1
32,n<=128,sr<=40%,kvB<=4k,kp<=16k,-0.0,2
32,n<=128,sr<=40%,kvB<=4k,kp<=1k,-0.0002,2
32,n<=128,sr<=40%,kvB<=4k,kp<=2k,-0.0003,2
32,n<=128,sr<=40%,kvB<=4k,kp<=4k,-0.0023,2
32,n<=128,sr<=40%,kvB<=4k,kp<=512,0.0006,2
32,n<=128,sr<=40%,kvB<=4k,kp<=8k,-0.0021,2
32,n<=128,sr<=40%,kvB<=4k,kp=0,0.0006,2
32,n<=128,sr<=5%,kvB<=16k,kp<=16k,0.0001,8
32,n<=128,sr<=5%,kvB<=16k,kp<=1k,0.0034,8
32,n<=128,sr<=5%,kvB<=16k,kp<=2k,0.0033,8
32,n<=128,sr<=5%,kvB<=16k,kp<=4k,0.0034,8
32,n<=128,sr<=5%,kvB<=16k,kp<=512,0.0034,8
32,n<=128,sr<=5%,kvB<=16k,kp<=8k,0.0028,8
32,n<=128,sr<=5%,kvB<=16k,kp=0,0.0034,8
32,n<=128,sr<=5%,kvB<=1k,kp<=16k,0.0002,8
32,n<=128,sr<=5%,kvB<=1k,kp<=1k,0.0003,8
32,n<=128,sr<=5%,kvB<=1k,kp<=2k,0.0,8
32,n<=128,sr<=5%,kvB<=1k,kp<=4k,0.0003,8
32,n<=128,sr<=5%,kvB<=1k,kp<=512,0.0003,8
32,n<=128,sr<=5%,kvB<=1k,kp<=8k,0.0009,8
32,n<=128,sr<=5%,kvB<=1k,kp=0,0.0003,8
32,n<=128,sr<=5%,kvB<=32k,kp<=16k,0.0037,4
32,n<=128,sr<=5%,kvB<=32k,kp<=1k,0.0036,4
32,n<=128,sr<=5%,kvB<=32k,kp<=2k,0.0034,4
32,n<=128,sr<=5%,kvB<=32k,kp<=4k,0.0032,4
32,n<=128,sr<=5%,kvB<=32k,kp<=512,0.0037,4
32,n<=128,sr<=5%,kvB<=32k,kp<=8k,0.0028,4
32,n<=128,sr<=5%,kvB<=32k,kp=0,0.0037,4
32,n<=128,sr<=5%,kvB<=4k,kp<=16k,0.0004,8
32,n<=128,sr<=5%,kvB<=4k,kp<=1k,0.0038,8
32,n<=128,sr<=5%,kvB<=4k,kp<=2k,0.0031,8
32,n<=128,sr<=5%,kvB<=4k,kp<=4k,0.0007,8
32,n<=128,sr<=5%,kvB<=4k,kp<=512,0.0035,8
32,n<=128,sr<=5%,kvB<=4k,kp<=8k,0.0006,8
32,n<=128,sr<=5%,kvB<=4k,kp=0,0.0036,8
32,n<=128,sr<=70%,kvB<=16k,kp<=16k,0.0014,2
32,n<=128,sr<=70%,kvB<=16k,kp<=1k,-0.0008,2
32,n<=128,sr<=70%,kvB<=16k,kp<=2k,-0.0008,2
32,n<=128,sr<=70%,kvB<=16k,kp<=4k,-0.0018,2
32,n<=128,sr<=70%,kvB<=16k,kp<=512,-0.0008,2
32,n<=128,sr<=70%,kvB<=16k,kp<=8k,-0.0024,2
32,n<=128,sr<=70%,kvB<=16k,kp=0,-0.0007,2
32,n<=128,sr<=70%,kvB<=1k,kp<=16k,0.0153,2
32,n<=128,sr<=70%,kvB<=1k,kp<=1k,-0.003,2
32,n<=128,sr<=70%,kvB<=1k,kp<=2k,0.003,2
32,n<=128,sr<=70%,kvB<=1k,kp<=4k,0.0043,2
32,n<=128,sr<=70%,kvB<=1k,kp<=512,-0.0009,2
32,n<=128,sr<=70%,kvB<=1k,kp<=8k,-0.0022,2
32,n<=128,sr<=70%,kvB<=1k,kp=0,0.0018,2
32,n<=128,sr<=70%,kvB<=32k,kp<=16k,-0.004,1
32,n<=128,sr<=70%,kvB<=32k,kp<=1k,-0.0005,1
32,n<=128,sr<=70%,kvB<=32k,kp<=2k,-0.0005,1
32,n<=128,sr<=70%,kvB<=32k,kp<=4k,-0.0005,1
32,n<=128,sr<=70%,kvB<=32k,kp<=512,-0.0005,1
32,n<=128,sr<=70%,kvB<=32k,kp<=8k,-0.0015,1
32,n<=128,sr<=70%,kvB<=32k,kp=0,-0.0004,1
32,n<=128,sr<=70%,kvB<=4k,kp<=16k,0.0046,2
32,n<=128,sr<=70%,kvB<=4k,kp<=1k,-0.0018,2
32,n<=128,sr<=70%,kvB<=4k,kp<=2k,-0.0003,2
32,n<=128,sr<=70%,kvB<=4k,kp<=4k,-0.0012,2
32,n<=128,sr<=70%,kvB<=4k,kp<=512,-0.0015,2
32,n<=128,sr<=70%,kvB<=4k,kp<=8k,0.0027,2
32,n<=128,sr<=70%,kvB<=4k,kp=0,-0.0012,2
32,n<=128,sr>70%,kvB<=16k,kp<=16k,-0.001,4
32,n<=128,sr>70%,kvB<=16k,kp<=1k,0.0056,4
32,n<=128,sr>70%,kvB<=16k,kp<=2k,0.0051,4
32,n<=128,sr>70%,kvB<=16k,kp<=4k,0.0032,4
32,n<=128,sr>70%,kvB<=16k,kp<=512,0.0051,4
32,n<=128,sr>70%,kvB<=16k,kp<=8k,-0.0006,4
32,n<=128,sr>70%,kvB<=16k,kp=0,0.0054,4
32,n<=128,sr>70%,kvB<=1k,kp<=16k,0.0278,4
32,n<=128,sr>70%,kvB<=1k,kp<=1k,0.015,4
32,n<=128,sr>70%,kvB<=1k,kp<=2k,0.0134,4
32,n<=128,sr>70%,kvB<=1k,kp<=4k,0.0057,4
32,n<=128,sr>70%,kvB<=1k,kp<=512,0.0107,4
32,n<=128,sr>70%,kvB<=1k,kp<=8k,0.0059,4
32,n<=128,sr>70%,kvB<=1k,kp=0,0.012,4
32,n<=128,sr>70%,kvB<=32k,kp<=16k,-0.0013,2
32,n<=128,sr>70%,kvB<=32k,kp<=1k,0.0081,2
32,n<=128,sr>70%,kvB<=32k,kp<=2k,0.0077,2
32,n<=128,sr>70%,kvB<=32k,kp<=4k,0.007,2
32,n<=128,sr>70%,kvB<=32k,kp<=512,0.0083,2
32,n<=128,sr>70%,kvB<=32k,kp<=8k,0.0064,2
32,n<=128,sr>70%,kvB<=32k,kp=0,0.0086,2
32,n<=128,sr>70%,kvB<=4k,kp<=16k,0.0037,4
32,n<=128,sr>70%,kvB<=4k,kp<=1k,0.0028,4
32,n<=128,sr>70%,kvB<=4k,kp<=2k,0.0038,4
32,n<=128,sr>70%,kvB<=4k,kp<=4k,0.0011,4
32,n<=128,sr>70%,kvB<=4k,kp<=512,0.0053,4
32,n<=128,sr>70%,kvB<=4k,kp<=8k,0.0017,4
32,n<=128,sr>70%,kvB<=4k,kp=0,0.0047,4
32,n<=16,sr<=15%,kvB<=16k,kp<=16k,-0.0191,4
32,n<=16,sr<=15%,kvB<=16k,kp<=1k,0.0968,4
32,n<=16,sr<=15%,kvB<=16k,kp<=2k,0.0767,4
32,n<=16,sr<=15%,kvB<=16k,kp<=4k,0.0531,4
32,n<=16,sr<=15%,kvB<=16k,kp<=512,0.0771,4
32,n<=16,sr<=15%,kvB<=16k,kp<=8k,0.0233,4
32,n<=16,sr<=15%,kvB<=16k,kp=0,0.0718,4
32,n<=16,sr<=15%,kvB<=1k,kp<=16k,0.0547,4
32,n<=16,sr<=15%,kvB<=1k,kp<=1k,0.0717,4
32,n<=16,sr<=15%,kvB<=1k,kp<=2k,0.0341,4
32,n<=16,sr<=15%,kvB<=1k,kp<=4k,0.0684,4
32,n<=16,sr<=15%,kvB<=1k,kp<=512,0.1215,4
32,n<=16,sr<=15%,kvB<=1k,kp<=8k,0.0631,4
32,n<=16,sr<=15%,kvB<=1k,kp=0,0.1374,4
32,n<=16,sr<=15%,kvB<=32k,kp<=16k,0.0572,2
32,n<=16,sr<=15%,kvB<=32k,kp<=1k,0.0683,2
32,n<=16,sr<=15%,kvB<=32k,kp<=2k,0.0852,2
32,n<=16,sr<=15%,kvB<=32k,kp<=4k,0.0886,2
32,n<=16,sr<=15%,kvB<=32k,kp<=512,0.0698,2
32,n<=16,sr<=15%,kvB<=32k,kp<=8k,0.0716,2
32,n<=16,sr<=15%,kvB<=32k,kp=0,0.0957,2
32,n<=16,sr<=15%,kvB<=4k,kp<=16k,0.0269,4
32,n<=16,sr<=15%,kvB<=4k,kp<=1k,0.0932,4
32,n<=16,sr<=15%,kvB<=4k,kp<=2k,0.0806,4
32,n<=16,sr<=15%,kvB<=4k,kp<=4k,0.0057,4
32,n<=16,sr<=15%,kvB<=4k,kp<=512,0.0771,4
32,n<=16,sr<=15%,kvB<=4k,kp<=8k,0.0256,4
32,n<=16,sr<=15%,kvB<=4k,kp=0,0.1003,4
32,n<=16,sr<=40%,kvB<=16k,kp<=16k,-0.0043,4
32,n<=16,sr<=40%,kvB<=16k,kp<=1k,0.0994,4
32,n<=16,sr<=40%,kvB<=16k,kp<=2k,0.0922,4
32,n<=16,sr<=40%,kvB<=16k,kp<=4k,0.0459,4
32,n<=16,sr<=40%,kvB<=16k,kp<=512,0.0933,4
32,n<=16,sr<=40%,kvB<=16k,kp<=8k,0.0382,4
32,n<=16,sr<=40%,kvB<=16k,kp=0,0.1024,4
32,n<=16,sr<=40%,kvB<=1k,kp<=16k,0.0242,4
32,n<=16,sr<=40%,kvB<=1k,kp<=1k,0.0395,4
32,n<=16,sr<=40%,kvB<=1k,kp<=2k,-0.0135,4
32,n<=16,sr<=40%,kvB<=1k,kp<=4k,0.0297,4
32,n<=16,sr<=40%,kvB<=1k,kp<=512,0.1099,4
32,n<=16,sr<=40%,kvB<=1k,kp<=8k,0.0313,4
32,n<=16,sr<=40%,kvB<=1k,kp=0,0.1215,4
32,n<=16,sr<=40%,kvB<=32k,kp<=16k,0.0797,2
32,n<=16,sr<=40%,kvB<=32k,kp<=1k,0.0804,2
32,n<=16,sr<=40%,kvB<=32k,kp<=2k,0.1024,2
32,n<=16,sr<=40%,kvB<=32k,kp<=4k,0.0737,2
32,n<=16,sr<=40%,kvB<=32k,kp<=512,0.1234,2
32,n<=16,sr<=40%,kvB<=32k,kp<=8k,0.0433,2
32,n<=16,sr<=40%,kvB<=32k,kp=0,0.1339,2
32,n<=16,sr<=40%,kvB<=4k,kp<=16k,0.1291,4
32,n<=16,sr<=40%,kvB<=4k,kp<=1k,0.1185,4
32,n<=16,sr<=40%,kvB<=4k,kp<=2k,0.1331,4
32,n<=16,sr<=40%,kvB<=4k,kp<=4k,0.1568,4
32,n<=16,sr<=40%,kvB<=4k,kp<=512,0.1111,4
32,n<=16,sr<=40%,kvB<=4k,kp<=8k,0.128,4
32,n<=16,sr<=40%,kvB<=4k,kp=0,0.1568,4
32,n<=16,sr<=70%,kvB<=16k,kp<=16k,0.3204,2
32,n<=16,sr<=70%,kvB<=16k,kp<=1k,0.2465,2
32,n<=16,sr<=70%,kvB<=16k,kp<=2k,0.2134,2
32,n<=16,sr<=70%,kvB<=16k,kp<=4k,0.16,2
32,n<=16,sr<=70%,kvB<=16k,kp<=512,0.2313,2
32,n<=16,sr<=70%,kvB<=16k,kp<=8k,0.2262,2
32,n<=16,sr<=70%,kvB<=16k,kp=0,0.3799,2
32,n<=16,sr<=70%,kvB<=1k,kp<=16k,0.0171,2
32,n<=16,sr<=70%,kvB<=1k,kp<=1k,0.0091,2
32,n<=16,sr<=70%,kvB<=1k,kp<=2k,0.0835,2
32,n<=16,sr<=70%,kvB<=1k,kp<=4k,0.0145,2
32,n<=16,sr<=70%,kvB<=1k,kp<=512,0.0984,2
32,n<=16,sr<=70%,kvB<=1k,kp<=8k,0.0567,2
32,n<=16,sr<=70%,kvB<=1k,kp=0,0.0084,2
32,n<=16,sr<=70%,kvB<=32k,kp<=16k,0.2049,1
32,n<=16,sr<=70%,kvB<=32k,kp<=1k,0.1333,1
32,n<=16,sr<=70%,kvB<=32k,kp<=2k,0.1983,1
32,n<=16,sr<=70%,kvB<=32k,kp<=4k,0.2108,1
32,n<=16,sr<=70%,kvB<=32k,kp<=512,0.181,1
32,n<=16,sr<=70%,kvB<=32k,kp<=8k,0.102,1
32,n<=16,sr<=70%,kvB<=32k,kp=0,0.3408,1
32,n<=16,sr<=70%,kvB<=4k,kp<=16k,0.4528,2
32,n<=16,sr<=70%,kvB<=4k,kp<=1k,0.2478,2
32,n<=16,sr<=70%,kvB<=4k,kp<=2k,0.4532,2
32,n<=16,sr<=70%,kvB<=4k,kp<=4k,0.6573,2
32,n<=16,sr<=70%,kvB<=4k,kp<=512,0.2151,2
32,n<=16,sr<=70%,kvB<=4k,kp<=8k,0.7138,2
32,n<=16,sr<=70%,kvB<=4k,kp=0,0.4785,2
32,n<=16,sr>70%,kvB<=16k,kp<=16k,1.5532,3
32,n<=16,sr>70%,kvB<=16k,kp<=1k,0.7376,4
32,n<=16,sr>70%,kvB<=16k,kp<=2k,0.6569,4
32,n<=16,sr>70%,kvB<=16k,kp<=4k,0.6637,4
32,n<=16,sr>70%,kvB<=16k,kp<=512,0.8364,4
32,n<=16,sr>70%,kvB<=16k,kp<=8k,0.8052,4
32,n<=16,sr>70%,kvB<=16k,kp=0,1.0473,4
32,n<=16,sr>70%,kvB<=1k,kp<=16k,0.4039,4
32,n<=16,sr>70%,kvB<=1k,kp<=1k,0.6393,4
32,n<=16,sr>70%,kvB<=1k,kp<=2k,0.8826,4
32,n<=16,sr>70%,kvB<=1k,kp<=4k,0.3934,4
32,n<=16,sr>70%,kvB<=1k,kp<=512,0.4932,4
32,n<=16,sr>70%,kvB<=1k,kp<=8k,0.6718,4
32,n<=16,sr>70%,kvB<=1k,kp=0,0.2467,4
32,n<=16,sr>70%,kvB<=32k,kp<=16k,0.7566,2
32,n<=16,sr>70%,kvB<=32k,kp<=1k,0.5402,2
32,n<=16,sr>70%,kvB<=32k,kp<=2k,0.5297,2
32,n<=16,sr>70%,kvB<=32k,kp<=4k,0.6198,2
32,n<=16,sr>70%,kvB<=32k,kp<=512,0.6831,2
32,n<=16,sr>70%,kvB<=32k,kp<=8k,0.4021,2
32,n<=16,sr>70%,kvB<=32k,kp=0,1.0426,2
32,n<=16,sr>70%,kvB<=4k,kp<=16k,1.3771,4
32,n<=16,sr>70%,kvB<=4k,kp<=1k,1.0868,4
32,n<=16,sr>70%,kvB<=4k,kp<=2k,1.9888,4
32,n<=16,sr>70%,kvB<=4k,kp<=4k,3.2312,4
32,n<=16,sr>70%,kvB<=4k,kp<=512,0.9419,4
32,n<=16,sr>70%,kvB<=4k,kp<=8k,3.1947,3
32,n<=16,sr>70%,kvB<=4k,kp=0,1.5651,4
32,n<=2,sr<=70%,kvB<=16k,kp<=16k,-0.9899,2
32,n<=2,sr<=70%,kvB<=16k,kp<=1k,0.8594,2
32,n<=2,sr<=70%,kvB<=16k,kp<=2k,0.964,2
32,n<=2,sr<=70%,kvB<=16k,kp<=4k,0.8311,2
32,n<=2,sr<=70%,kvB<=16k,kp<=512,0.9777,2
32,n<=2,sr<=70%,kvB<=16k,kp<=8k,0.0444,2
32,n<=2,sr<=70%,kvB<=16k,kp=0,0.9786,2
32,n<=2,sr<=70%,kvB<=1k,kp<=16k,-0.7175,2
32,n<=2,sr<=70%,kvB<=1k,kp<=1k,-0.8177,2
32,n<=2,sr<=70%,kvB<=1k,kp<=2k,-0.7956,2
32,n<=2,sr<=70%,kvB<=1k,kp<=4k,-0.7578,2
32,n<=2,sr<=70%,kvB<=1k,kp<=512,-0.106,2
32,n<=2,sr<=70%,kvB<=1k,kp<=8k,-0.5134,2
32,n<=2,sr<=70%,kvB<=1k,kp=0,0.9595,2
32,n<=2,sr<=70%,kvB<=32k,kp<=16k,0.3274,1
32,n<=2,sr<=70%,kvB<=32k,kp<=1k,0.8998,1
32,n<=2,sr<=70%,kvB<=32k,kp<=2k,0.979,1
32,n<=2,sr<=70%,kvB<=32k,kp<=4k,0.9845,1
32,n<=2,sr<=70%,kvB<=32k,kp<=512,0.9874,1
32,n<=2,sr<=70%,kvB<=32k,kp<=8k,0.9729,1
32,n<=2,sr<=70%,kvB<=32k,kp=0,0.9693,1
32,n<=2,sr<=70%,kvB<=4k,kp<=16k,-0.8654,2
32,n<=2,sr<=70%,kvB<=4k,kp<=1k,0.6728,2
32,n<=2,sr<=70%,kvB<=4k,kp<=2k,-0.0409,2
32,n<=2,sr<=70%,kvB<=4k,kp<=4k,-0.9813,2
32,n<=2,sr<=70%,kvB<=4k,kp<=512,0.9567,2
32,n<=2,sr<=70%,kvB<=4k,kp<=8k,-0.9886,2
32,n<=2,sr<=70%,kvB<=4k,kp=0,0.974,2
32,n<=32,sr<=15%,kvB<=16k,kp<=16k,0.0303,6
32,n<=32,sr<=15%,kvB<=16k,kp<=1k,0.0374,6
32,n<=32,sr<=15%,kvB<=16k,kp<=2k,0.0324,6
32,n<=32,sr<=15%,kvB<=16k,kp<=4k,0.0245,6
32,n<=32,sr<=15%,kvB<=16k,kp<=512,0.0377,6
32,n<=32,sr<=15%,kvB<=16k,kp<=8k,0.0307,6
32,n<=32,sr<=15%,kvB<=16k,kp=0,0.0467,6
32,n<=32,sr<=15%,kvB<=1k,kp<=16k,0.0682,6
32,n<=32,sr<=15%,kvB<=1k,kp<=1k,0.0335,6
32,n<=32,sr<=15%,kvB<=1k,kp<=2k,0.0309,6
32,n<=32,sr<=15%,kvB<=1k,kp<=4k,0.0635,6
32,n<=32,sr<=15%,kvB<=1k,kp<=512,0.0543,6
32,n<=32,sr<=15%,kvB<=1k,kp<=8k,0.0678,6
32,n<=32,sr<=15%,kvB<=1k,kp=0,0.0724,6
32,n<=32,sr<=15%,kvB<=32k,kp<=16k,0.0294,3
32,n<=32,sr<=15%,kvB<=32k,kp<=1k,0.0337,3
32,n<=32,sr<=15%,kvB<=32k,kp<=2k,0.0342,3
32,n<=32,sr<=15%,kvB<=32k,kp<=4k,0.0314,3
32,n<=32,sr<=15%,kvB<=32k,kp<=512,0.0345,3
32,n<=32,sr<=15%,kvB<=32k,kp<=8k,0.0271,3
32,n<=32,sr<=15%,kvB<=32k,kp=0,0.0332,3
32,n<=32,sr<=15%,kvB<=4k,kp<=16k,0.104,6
32,n<=32,sr<=15%,kvB<=4k,kp<=1k,0.0805,6
32,n<=32,sr<=15%,kvB<=4k,kp<=2k,0.0567,6
32,n<=32,sr<=15%,kvB<=4k,kp<=4k,0.0846,6
32,n<=32,sr<=15%,kvB<=4k,kp<=512,0.0654,6
32,n<=32,sr<=15%,kvB<=4k,kp<=8k,0.1042,6
32,n<=32,sr<=15%,kvB<=4k,kp=0,0.0829,6
32,n<=32,sr<=40%,kvB<=16k,kp<=16k,0.0593,2
32,n<=32,sr<=40%,kvB<=16k,kp<=1k,0.0665,2
32,n<=32,sr<=40%,kvB<=16k,kp<=2k,0.0614,2
32,n<=32,sr<=40%,kvB<=16k,kp<=4k,0.0663,2
32,n<=32,sr<=40%,kvB<=16k,kp<=512,0.0688,2
32,n<=32,sr<=40%,kvB<=16k,kp<=8k,0.0688,2
32,n<=32,sr<=40%,kvB<=16k,kp=0,0.0868,2
32,n<=32,sr<=40%,kvB<=1k,kp<=16k,0.2249,2
32,n<=32,sr<=40%,kvB<=1k,kp<=1k,0.1145,2
32,n<=32,sr<=40%,kvB<=1k,kp<=2k,0.1346,2
32,n<=32,sr<=40%,kvB<=1k,kp<=4k,0.2172,2
32,n<=32,sr<=40%,kvB<=1k,kp<=512,0.1037,2
32,n<=32,sr<=40%,kvB<=1k,kp<=8k,0.2281,2
32,n<=32,sr<=40%,kvB<=1k,kp=0,0.0976,2
32,n<=32,sr<=40%,kvB<=32k,kp<=16k,0.0512,1
32,n<=32,sr<=40%,kvB<=32k,kp<=1k,0.046,1
32,n<=32,sr<=40%,kvB<=32k,kp<=2k,0.0544,1
32,n<=32,sr<=40%,kvB<=32k,kp<=4k,0.0496,1
32,n<=32,sr<=40%,kvB<=32k,kp<=512,0.0569,1
32,n<=32,sr<=40%,kvB<=32k,kp<=8k,0.0435,1
32,n<=32,sr<=40%,kvB<=32k,kp=0,0.0714,1
32,n<=32,sr<=40%,kvB<=4k,kp<=16k,0.22,2
32,n<=32,sr<=40%,kvB<=4k,kp<=1k,0.1746,2
32,n<=32,sr<=40%,kvB<=4k,kp<=2k,0.2161,2
32,n<=32,sr<=40%,kvB<=4k,kp<=4k,0.1929,2
32,n<=32,sr<=40%,kvB<=4k,kp<=512,0.1501,2
32,n<=32,sr<=40%,kvB<=4k,kp<=8k,0.1827,2
32,n<=32,sr<=40%,kvB<=4k,kp=0,0.2404,2
32,n<=32,sr<=5%,kvB<=16k,kp<=16k,0.0087,2
32,n<=32,sr<=5%,kvB<=16k,kp<=1k,0.0331,2
32,n<=32,sr<=5%,kvB<=16k,kp<=2k,0.0284,2
32,n<=32,sr<=5%,kvB<=16k,kp<=4k,0.0109,2
32,n<=32,sr<=5%,kvB<=16k,kp<=512,0.0216,2
32,n<=32,sr<=5%,kvB<=16k,kp<=8k,0.0073,2
32,n<=32,sr<=5%,kvB<=16k,kp=0,0.0157,2
32,n<=32,sr<=5%,kvB<=1k,kp<=16k,0.0072,2
32,n<=32,sr<=5%,kvB<=1k,kp<=1k,0.01,2
32,n<=32,sr<=5%,kvB<=1k,kp<=2k,0.0039,2
32,n<=32,sr<=5%,kvB<=1k,kp<=4k,0.0245,2
32,n<=32,sr<=5%,kvB<=1k,kp<=512,0.0321,2
32,n<=32,sr<=5%,kvB<=1k,kp<=8k,0.0053,2
32,n<=32,sr<=5%,kvB<=1k,kp=0,0.0459,2
32,n<=32,sr<=5%,kvB<=32k,kp<=16k,0.0223,1
32,n<=32,sr<=5%,kvB<=32k,kp<=1k,0.0248,1
32,n<=32,sr<=5%,kvB<=32k,kp<=2k,0.0257,1
32,n<=32,sr<=5%,kvB<=32k,kp<=4k,0.0268,1
32,n<=32,sr<=5%,kvB<=32k,kp<=512,0.0318,1
32,n<=32,sr<=5%,kvB<=32k,kp<=8k,0.0226,1
32,n<=32,sr<=5%,kvB<=32k,kp=0,0.037,1
32,n<=32,sr<=5%,kvB<=4k,kp<=16k,0.0415,2
32,n<=32,sr<=5%,kvB<=4k,kp<=1k,0.032,2
32,n<=32,sr<=5%,kvB<=4k,kp<=2k,0.0248,2
32,n<=32,sr<=5%,kvB<=4k,kp<=4k,0.0134,2
32,n<=32,sr<=5%,kvB<=4k,kp<=512,0.0347,2
32,n<=32,sr<=5%,kvB<=4k,kp<=8k,0.0463,2
32,n<=32,sr<=5%,kvB<=4k,kp=0,0.0477,2
32,n<=32,sr<=70%,kvB<=16k,kp<=16k,0.1048,2
32,n<=32,sr<=70%,kvB<=16k,kp<=1k,0.087,2
32,n<=32,sr<=70%,kvB<=16k,kp<=2k,0.1163,2
32,n<=32,sr<=70%,kvB<=16k,kp<=4k,0.1028,2
32,n<=32,sr<=70%,kvB<=16k,kp<=512,0.1223,2
32,n<=32,sr<=70%,kvB<=16k,kp<=8k,0.1314,2
32,n<=32,sr<=70%,kvB<=16k,kp=0,0.1483,2
32,n<=32,sr<=70%,kvB<=1k,kp<=16k,0.3933,2
32,n<=32,sr<=70%,kvB<=1k,kp<=1k,0.3412,2
32,n<=32,sr<=70%,kvB<=1k,kp<=2k,0.4141,2
32,n<=32,sr<=70%,kvB<=1k,kp<=4k,0.446,2
32,n<=32,sr<=70%,kvB<=1k,kp<=512,0.418,2
32,n<=32,sr<=70%,kvB<=1k,kp<=8k,0.5219,2
32,n<=32,sr<=70%,kvB<=1k,kp=0,0.3792,2
32,n<=32,sr<=70%,kvB<=32k,kp<=16k,0.0954,1
32,n<=32,sr<=70%,kvB<=32k,kp<=1k,0.0536,1
32,n<=32,sr<=70%,kvB<=32k,kp<=2k,0.0666,1
32,n<=32,sr<=70%,kvB<=32k,kp<=4k,0.074,1
32,n<=32,sr<=70%,kvB<=32k,kp<=512,0.1174,1
32,n<=32,sr<=70%,kvB<=32k,kp<=8k,0.0961,1
32,n<=32,sr<=70%,kvB<=32k,kp=0,0.0978,1
32,n<=32,sr<=70%,kvB<=4k,kp<=16k,0.2804,2
32,n<=32,sr<=70%,kvB<=4k,kp<=1k,0.2052,2
32,n<=32,sr<=70%,kvB<=4k,kp<=2k,0.2551,2
32,n<=32,sr<=70%,kvB<=4k,kp<=4k,0.2326,2
32,n<=32,sr<=70%,kvB<=4k,kp<=512,0.1833,2
32,n<=32,sr<=70%,kvB<=4k,kp<=8k,0.2577,2
32,n<=32,sr<=70%,kvB<=4k,kp=0,0.3449,2
32,n<=32,sr>70%,kvB<=16k,kp<=16k,0.3884,4
32,n<=32,sr>70%,kvB<=16k,kp<=1k,0.2224,4
32,n<=32,sr>70%,kvB<=16k,kp<=2k,0.252,4
32,n<=32,sr>70%,kvB<=16k,kp<=4k,0.2944,4
32,n<=32,sr>70%,kvB<=16k,kp<=512,0.3345,4
32,n<=32,sr>70%,kvB<=16k,kp<=8k,0.3153,4
32,n<=32,sr>70%,kvB<=16k,kp=0,0.3889,4
32,n<=32,sr>70%,kvB<=1k,kp<=16k,1.1107,4
32,n<=32,sr>70%,kvB<=1k,kp<=1k,1.6635,4
32,n<=32,sr>70%,kvB<=1k,kp<=2k,1.2377,4
32,n<=32,sr>70%,kvB<=1k,kp<=4k,1.6502,4
32,n<=32,sr>70%,kvB<=1k,kp<=512,1.448,4
32,n<=32,sr>70%,kvB<=1k,kp<=8k,1.3932,4
32,n<=32,sr>70%,kvB<=1k,kp=0,1.3948,4
32,n<=32,sr>70%,kvB<=32k,kp<=16k,0.2331,2
32,n<=32,sr>70%,kvB<=32k,kp<=1k,0.1736,2
32,n<=32,sr>70%,kvB<=32k,kp<=2k,0.1721,2
32,n<=32,sr>70%,kvB<=32k,kp<=4k,0.1521,2
32,n<=32,sr>70%,kvB<=32k,kp<=512,0.2315,2
32,n<=32,sr>70%,kvB<=32k,kp<=8k,0.2025,2
32,n<=32,sr>70%,kvB<=32k,kp=0,0.3069,2
32,n<=32,sr>70%,kvB<=4k,kp<=16k,0.7112,4
32,n<=32,sr>70%,kvB<=4k,kp<=1k,0.4946,4
32,n<=32,sr>70%,kvB<=4k,kp<=2k,0.5744,4
32,n<=32,sr>70%,kvB<=4k,kp<=4k,0.7151,4
32,n<=32,sr>70%,kvB<=4k,kp<=512,0.4598,4
32,n<=32,sr>70%,kvB<=4k,kp<=8k,0.6446,4
32,n<=32,sr>70%,kvB<=4k,kp=0,0.8449,4
32,n<=4,sr<=40%,kvB<=16k,kp<=16k,-0.5006,2
32,n<=4,sr<=40%,kvB<=16k,kp<=1k,0.3692,2
32,n<=4,sr<=40%,kvB<=16k,kp<=2k,0.447,2
32,n<=4,sr<=40%,kvB<=16k,kp<=4k,0.5141,2
32,n<=4,sr<=40%,kvB<=16k,kp<=512,0.3279,2
32,n<=4,sr<=40%,kvB<=16k,kp<=8k,0.4701,2
32,n<=4,sr<=40%,kvB<=16k,kp=0,0.3178,2
32,n<=4,sr<=40%,kvB<=1k,kp<=16k,-0.0525,2
32,n<=4,sr<=40%,kvB<=1k,kp<=1k,-0.168,2
32,n<=4,sr<=40%,kvB<=1k,kp<=2k,-0.1761,2
32,n<=4,sr<=40%,kvB<=1k,kp<=4k,-0.1649,2
32,n<=4,sr<=40%,kvB<=1k,kp<=512,0.6489,2
32,n<=4,sr<=40%,kvB<=1k,kp<=8k,-0.1488,2
32,n<=4,sr<=40%,kvB<=1k,kp=0,0.5227,2
32,n<=4,sr<=40%,kvB<=32k,kp<=16k,0.4859,1
32,n<=4,sr<=40%,kvB<=32k,kp<=1k,0.3238,1
32,n<=4,sr<=40%,kvB<=32k,kp<=2k,0.3756,1
32,n<=4,sr<=40%,kvB<=32k,kp<=4k,0.4336,1
32,n<=4,sr<=40%,kvB<=32k,kp<=512,0.3209,1
32,n<=4,sr<=40%,kvB<=32k,kp<=8k,0.5182,1
32,n<=4,sr<=40%,kvB<=32k,kp=0,0.3176,1
32,n<=4,sr<=40%,kvB<=4k,kp<=16k,-0.3514,2
32,n<=4,sr<=40%,kvB<=4k,kp<=1k,0.5424,2
32,n<=4,sr<=40%,kvB<=4k,kp<=2k,0.484,2
32,n<=4,sr<=40%,kvB<=4k,kp<=4k,-0.4515,2
32,n<=4,sr<=40%,kvB<=4k,kp<=512,0.4694,2
32,n<=4,sr<=40%,kvB<=4k,kp<=8k,-0.3299,2
32,n<=4,sr<=40%,kvB<=4k,kp=0,0.3336,2
32,n<=4,sr<=70%,kvB<=16k,kp<=16k,-0.2423,2
32,n<=4,sr<=70%,kvB<=16k,kp<=1k,0.2822,2
32,n<=4,sr<=70%,kvB<=16k,kp<=2k,0.3021,2
32,n<=4,sr<=70%,kvB<=16k,kp<=4k,0.3939,2
32,n<=4,sr<=70%,kvB<=16k,kp<=512,0.177,2
32,n<=4,sr<=70%,kvB<=16k,kp<=8k,0.6849,2
32,n<=4,sr<=70%,kvB<=16k,kp=0,0.0061,2
32,n<=4,sr<=70%,kvB<=1k,kp<=16k,-0.5628,2
32,n<=4,sr<=70%,kvB<=1k,kp<=1k,-0.7562,2
32,n<=4,sr<=70%,kvB<=1k,kp<=2k,-0.6293,2
32,n<=4,sr<=70%,kvB<=1k,kp<=4k,-0.4989,2
32,n<=4,sr<=70%,kvB<=1k,kp<=512,0.8447,2
32,n<=4,sr<=70%,kvB<=1k,kp<=8k,-0.4566,2
32,n<=4,sr<=70%,kvB<=1k,kp=0,0.5577,2
32,n<=4,sr<=70%,kvB<=32k,kp<=16k,0.6627,1
32,n<=4,sr<=70%,kvB<=32k,kp<=1k,0.1441,1
32,n<=4,sr<=70%,kvB<=32k,kp<=2k,0.2596,1
32,n<=4,sr<=70%,kvB<=32k,kp<=4k,0.2891,1
32,n<=4,sr<=70%,kvB<=32k,kp<=512,0.0877,1
32,n<=4,sr<=70%,kvB<=32k,kp<=8k,0.3037,1
32,n<=4,sr<=70%,kvB<=32k,kp=0,-0.003,1
32,n<=4,sr<=70%,kvB<=4k,kp<=16k,-0.4567,2
32,n<=4,sr<=70%,kvB<=4k,kp<=1k,0.4406,2
32,n<=4,sr<=70%,kvB<=4k,kp<=2k,0.7125,2
32,n<=4,sr<=70%,kvB<=4k,kp<=4k,-0.3714,2
32,n<=4,sr<=70%,kvB<=4k,kp<=512,0.3288,2
32,n<=4,sr<=70%,kvB<=4k,kp<=8k,-0.4133,2
32,n<=4,sr<=70%,kvB<=4k,kp=0,0.1775,2
32,n<=4,sr>70%,kvB<=16k,kp<=16k,-0.4808,2
32,n<=4,sr>70%,kvB<=16k,kp<=1k,1.0374,2
32,n<=4,sr>70%,kvB<=16k,kp<=2k,1.0073,2
32,n<=4,sr>70%,kvB<=16k,kp<=4k,0.9955,2
32,n<=4,sr>70%,kvB<=16k,kp<=512,1.049,2
32,n<=4,sr>70%,kvB<=16k,kp<=8k,1.0503,2
32,n<=4,sr>70%,kvB<=16k,kp=0,1.0277,2
32,n<=4,sr>70%,kvB<=1k,kp<=16k,-0.8572,2
32,n<=4,sr>70%,kvB<=1k,kp<=1k,-0.1363,2
32,n<=4,sr>70%,kvB<=1k,kp<=2k,-0.9217,2
32,n<=4,sr>70%,kvB<=1k,kp<=4k,-0.6828,2
32,n<=4,sr>70%,kvB<=1k,kp<=512,0.9123,2
32,n<=4,sr>70%,kvB<=1k,kp<=8k,-0.7264,2
32,n<=4,sr>70%,kvB<=1k,kp=0,0.8606,2
32,n<=4,sr>70%,kvB<=32k,kp<=16k,0.9722,1
32,n<=4,sr>70%,kvB<=32k,kp<=1k,1.0707,1
32,n<=4,sr>70%,kvB<=32k,kp<=2k,1.0543,1
32,n<=4,sr>70%,kvB<=32k,kp<=4k,1.0104,1
32,n<=4,sr>70%,kvB<=32k,kp<=512,1.0711,1
32,n<=4,sr>70%,kvB<=32k,kp<=8k,1.0643,1
32,n<=4,sr>70%,kvB<=32k,kp=0,1.0291,1
32,n<=4,sr>70%,kvB<=4k,kp<=16k,-1.0055,2
32,n<=4,sr>70%,kvB<=4k,kp<=1k,0.8936,2
32,n<=4,sr>70%,kvB<=4k,kp<=2k,0.8818,2
32,n<=4,sr>70%,kvB<=4k,kp<=4k,-0.6245,2
32,n<=4,sr>70%,kvB<=4k,kp<=512,0.8818,2
32,n<=4,sr>70%,kvB<=4k,kp<=8k,-0.9032,2
32,n<=4,sr>70%,kvB<=4k,kp=0,0.921,2
32,n<=64,sr<=15%,kvB<=16k,kp<=16k,0.0017,4
32,n<=64,sr<=15%,kvB<=16k,kp<=1k,0.0089,4
32,n<=64,sr<=15%,kvB<=16k,kp<=2k,0.008,4
32,n<=64,sr<=15%,kvB<=16k,kp<=4k,0.0116,4
32,n<=64,sr<=15%,kvB<=16k,kp<=512,0.0095,4
32,n<=64,sr<=15%,kvB<=16k,kp<=8k,0.0058,4
32,n<=64,sr<=15%,kvB<=16k,kp=0,0.0104,4
32,n<=64,sr<=15%,kvB<=1k,kp<=16k,0.0099,4
32,n<=64,sr<=15%,kvB<=1k,kp<=1k,0.0146,4
32,n<=64,sr<=15%,kvB<=1k,kp<=2k,0.0111,4
32,n<=64,sr<=15%,kvB<=1k,kp<=4k,0.0121,4
32,n<=64,sr<=15%,kvB<=1k,kp<=512,0.0228,4
32,n<=64,sr<=15%,kvB<=1k,kp<=8k,0.0099,4
32,n<=64,sr<=15%,kvB<=1k,kp=0,0.0234,4
32,n<=64,sr<=15%,kvB<=32k,kp<=16k,0.0062,2
32,n<=64,sr<=15%,kvB<=32k,kp<=1k,0.0072,2
32,n<=64,sr<=15%,kvB<=32k,kp<=2k,0.0067,2
32,n<=64,sr<=15%,kvB<=32k,kp<=4k,0.0077,2
32,n<=64,sr<=15%,kvB<=32k,kp<=512,0.0068,2
32,n<=64,sr<=15%,kvB<=32k,kp<=8k,0.0068,2
32,n<=64,sr<=15%,kvB<=32k,kp=0,0.0069,2
32,n<=64,sr<=15%,kvB<=4k,kp<=16k,0.0092,4
32,n<=64,sr<=15%,kvB<=4k,kp<=1k,0.0174,4
32,n<=64,sr<=15%,kvB<=4k,kp<=2k,0.0134,4
32,n<=64,sr<=15%,kvB<=4k,kp<=4k,0.0064,4
32,n<=64,sr<=15%,kvB<=4k,kp<=512,0.0157,4
32,n<=64,sr<=15%,kvB<=4k,kp<=8k,0.0067,4
32,n<=64,sr<=15%,kvB<=4k,kp=0,0.0217,4
32,n<=64,sr<=40%,kvB<=16k,kp<=16k,-0.0053,2
32,n<=64,sr<=40%,kvB<=16k,kp<=1k,0.0034,2
32,n<=64,sr<=40%,kvB<=16k,kp<=2k,0.0014,2
32,n<=64,sr<=40%,kvB<=16k,kp<=4k,0.0027,2
32,n<=64,sr<=40%,kvB<=16k,kp<=512,0.001,2
32,n<=64,sr<=40%,kvB<=16k,kp<=8k,0.0003,2
32,n<=64,sr<=40%,kvB<=16k,kp=0,0.0012,2
32,n<=64,sr<=40%,kvB<=1k,kp<=16k,0.0235,2
32,n<=64,sr<=40%,kvB<=1k,kp<=1k,-0.0066,2
32,n<=64,sr<=40%,kvB<=1k,kp<=2k,-0.0082,2
32,n<=64,sr<=40%,kvB<=1k,kp<=4k,0.0042,2
32,n<=64,sr<=40%,kvB<=1k,kp<=512,0.0096,2
32,n<=64,sr<=40%,kvB<=1k,kp<=8k,0.0125,2
32,n<=64,sr<=40%,kvB<=1k,kp=0,0.017,2
32,n<=64,sr<=40%,kvB<=32k,kp<=16k,-0.0033,1
32,n<=64,sr<=40%,kvB<=32k,kp<=1k,-0.0026,1
32,n<=64,sr<=40%,kvB<=32k,kp<=2k,-0.0041,1
32,n<=64,sr<=40%,kvB<=32k,kp<=4k,-0.0029,1
32,n<=64,sr<=40%,kvB<=32k,kp<=512,-0.0044,1
32,n<=64,sr<=40%,kvB<=32k,kp<=8k,-0.0033,1
32,n<=64,sr<=40%,kvB<=32k,kp=0,-0.0041,1
32,n<=64,sr<=40%,kvB<=4k,kp<=16k,0.0059,2
32,n<=64,sr<=40%,kvB<=4k,kp<=1k,0.0153,2
32,n<=64,sr<=40%,kvB<=4k,kp<=2k,0.0147,2
32,n<=64,sr<=40%,kvB<=4k,kp<=4k,0.0087,2
32,n<=64,sr<=40%,kvB<=4k,kp<=512,0.0139,2
32,n<=64,sr<=40%,kvB<=4k,kp<=8k,0.0044,2
32,n<=64,sr<=40%,kvB<=4k,kp=0,0.017,2
32,n<=64,sr<=5%,kvB<=16k,kp<=16k,0.001,6
32,n<=64,sr<=5%,kvB<=16k,kp<=1k,0.0093,6
32,n<=64,sr<=5%,kvB<=16k,kp<=2k,0.0112,6
32,n<=64,sr<=5%,kvB<=16k,kp<=4k,0.0099,6
32,n<=64,sr<=5%,kvB<=16k,kp<=512,0.0095,6
32,n<=64,sr<=5%,kvB<=16k,kp<=8k,0.0073,6
32,n<=64,sr<=5%,kvB<=16k,kp=0,0.0111,6
32,n<=64,sr<=5%,kvB<=1k,kp<=16k,0.0124,6
32,n<=64,sr<=5%,kvB<=1k,kp<=1k,0.0073,6
32,n<=64,sr<=5%,kvB<=1k,kp<=2k,0.0052,6
32,n<=64,sr<=5%,kvB<=1k,kp<=4k,0.0041,6
32,n<=64,sr<=5%,kvB<=1k,kp<=512,0.0124,6
32,n<=64,sr<=5%,kvB<=1k,kp<=8k,0.0103,6
32,n<=64,sr<=5%,kvB<=1k,kp=0,0.0167,6
32,n<=64,sr<=5%,kvB<=32k,kp<=16k,0.0091,3
32,n<=64,sr<=5%,kvB<=32k,kp<=1k,0.0103,3
32,n<=64,sr<=5%,kvB<=32k,kp<=2k,0.0092,3
32,n<=64,sr<=5%,kvB<=32k,kp<=4k,0.0102,3
32,n<=64,sr<=5%,kvB<=32k,kp<=512,0.0089,3
32,n<=64,sr<=5%,kvB<=32k,kp<=8k,0.0111,3
32,n<=64,sr<=5%,kvB<=32k,kp=0,0.0092,3
32,n<=64,sr<=5%,kvB<=4k,kp<=16k,0.0038,6
32,n<=64,sr<=5%,kvB<=4k,kp<=1k,0.0166,6
32,n<=64,sr<=5%,kvB<=4k,kp<=2k,0.0115,6
32,n<=64,sr<=5%,kvB<=4k,kp<=4k,0.0032,6
32,n<=64,sr<=5%,kvB<=4k,kp<=512,0.0141,6
32,n<=64,sr<=5%,kvB<=4k,kp<=8k,0.0053,6
32,n<=64,sr<=5%,kvB<=4k,kp=0,0.0167,6
32,n<=64,sr<=70%,kvB<=16k,kp<=16k,-0.004,2
32,n<=64,sr<=70%,kvB<=16k,kp<=1k,0.0045,2
32,n<=64,sr<=70%,kvB<=16k,kp<=2k,-0.0031,2
32,n<=64,sr<=70%,kvB<=16k,kp<=4k,0.0002,2
32,n<=64,sr<=70%,kvB<=16k,kp<=512,-0.0003,2
32,n<=64,sr<=70%,kvB<=16k,kp<=8k,-0.0033,2
32,n<=64,sr<=70%,kvB<=16k,kp=0,0.0018,2
32,n<=64,sr<=70%,kvB<=1k,kp<=16k,0.034,2
32,n<=64,sr<=70%,kvB<=1k,kp<=1k,0.0256,2
32,n<=64,sr<=70%,kvB<=1k,kp<=2k,0.0275,2
32,n<=64,sr<=70%,kvB<=1k,kp<=4k,0.0246,2
32,n<=64,sr<=70%,kvB<=1k,kp<=512,0.0616,2
32,n<=64,sr<=70%,kvB<=1k,kp<=8k,0.0057,2
32,n<=64,sr<=70%,kvB<=1k,kp=0,0.0617,2
32,n<=64,sr<=70%,kvB<=32k,kp<=16k,-0.0056,1
32,n<=64,sr<=70%,kvB<=32k,kp<=1k,-0.0085,1
32,n<=64,sr<=70%,kvB<=32k,kp<=2k,-0.0075,1
32,n<=64,sr<=70%,kvB<=32k,kp<=4k,-0.0064,1
32,n<=64,sr<=70%,kvB<=32k,kp<=512,-0.0082,1
32,n<=64,sr<=70%,kvB<=32k,kp<=8k,-0.0058,1
32,n<=64,sr<=70%,kvB<=32k,kp=0,-0.0096,1
32,n<=64,sr<=70%,kvB<=4k,kp<=16k,0.025,2
32,n<=64,sr<=70%,kvB<=4k,kp<=1k,0.0265,2
32,n<=64,sr<=70%,kvB<=4k,kp<=2k,0.0247,2
32,n<=64,sr<=70%,kvB<=4k,kp<=4k,0.025,2
32,n<=64,sr<=70%,kvB<=4k,kp<=512,0.0249,2
32,n<=64,sr<=70%,kvB<=4k,kp<=8k,0.0227,2
32,n<=64,sr<=70%,kvB<=4k,kp=0,0.0399,2
32,n<=64,sr>70%,kvB<=16k,kp<=16k,0.018,4
32,n<=64,sr>70%,kvB<=16k,kp<=1k,0.0251,4
32,n<=64,sr>70%,kvB<=16k,kp<=2k,0.0288,4
32,n<=64,sr>70%,kvB<=16k,kp<=4k,0.0243,4
32,n<=64,sr>70%,kvB<=16k,kp<=512,0.0263,4
32,n<=64,sr>70%,kvB<=16k,kp<=8k,0.0281,4
32,n<=64,sr>70%,kvB<=16k,kp=0,0.0245,4
32,n<=64,sr>70%,kvB<=1k,kp<=16k,0.0748,4
32,n<=64,sr>70%,kvB<=1k,kp<=1k,0.1772,4
32,n<=64,sr>70%,kvB<=1k,kp<=2k,0.1303,4
32,n<=64,sr>70%,kvB<=1k,kp<=4k,0.1202,4
32,n<=64,sr>70%,kvB<=1k,kp<=512,0.1678,4
32,n<=64,sr>70%,kvB<=1k,kp<=8k,0.154,4
32,n<=64,sr>70%,kvB<=1k,kp=0,0.2406,4
32,n<=64,sr>70%,kvB<=32k,kp<=16k,0.0087,2
32,n<=64,sr>70%,kvB<=32k,kp<=1k,0.0058,2
32,n<=64,sr>70%,kvB<=32k,kp<=2k,0.0042,2
32,n<=64,sr>70%,kvB<=32k,kp<=4k,0.0057,2
32,n<=64,sr>70%,kvB<=32k,kp<=512,0.0039,2
32,n<=64,sr>70%,kvB<=32k,kp<=8k,0.0059,2
32,n<=64,sr>70%,kvB<=32k,kp=0,0.0034,2
32,n<=64,sr>70%,kvB<=4k,kp<=16k,0.0743,4
32,n<=64,sr>70%,kvB<=4k,kp<=1k,0.0592,4
32,n<=64,sr>70%,kvB<=4k,kp<=2k,0.0716,4
32,n<=64,sr>70%,kvB<=4k,kp<=4k,0.0765,4
32,n<=64,sr>70%,kvB<=4k,kp<=512,0.06,4
32,n<=64,sr>70%,kvB<=4k,kp<=8k,0.0746,4
32,n<=64,sr>70%,kvB<=4k,kp=0,0.0937,4
32,n<=8,sr<=15%,kvB<=16k,kp<=16k,0.0137,2
32,n<=8,sr<=15%,kvB<=16k,kp<=1k,0.114,2
32,n<=8,sr<=15%,kvB<=16k,kp<=2k,0.109,2
32,n<=8,sr<=15%,kvB<=16k,kp<=4k,0.0915,2
32,n<=8,sr<=15%,kvB<=16k,kp<=512,0.1107,2
32,n<=8,sr<=15%,kvB<=16k,kp<=8k,0.0938,2
32,n<=8,sr<=15%,kvB<=16k,kp=0,0.1196,2
32,n<=8,sr<=15%,kvB<=1k,kp<=16k,0.1324,2
32,n<=8,sr<=15%,kvB<=1k,kp<=1k,0.1118,2
32,n<=8,sr<=15%,kvB<=1k,kp<=2k,0.147,2
32,n<=8,sr<=15%,kvB<=1k,kp<=4k,0.1353,2
32,n<=8,sr<=15%,kvB<=1k,kp<=512,0.2123,2
32,n<=8,sr<=15%,kvB<=1k,kp<=8k,0.1465,2
32,n<=8,sr<=15%,kvB<=1k,kp=0,0.2223,2
32,n<=8,sr<=15%,kvB<=32k,kp<=16k,0.1091,1
32,n<=8,sr<=15%,kvB<=32k,kp<=1k,0.0929,1
32,n<=8,sr<=15%,kvB<=32k,kp<=2k,0.1155,1
32,n<=8,sr<=15%,kvB<=32k,kp<=4k,0.1226,1
32,n<=8,sr<=15%,kvB<=32k,kp<=512,0.0959,1
32,n<=8,sr<=15%,kvB<=32k,kp<=8k,0.0953,1
32,n<=8,sr<=15%,kvB<=32k,kp=0,0.1042,1
32,n<=8,sr<=15%,kvB<=4k,kp<=16k,0.0642,2
32,n<=8,sr<=15%,kvB<=4k,kp<=1k,0.1418,2
32,n<=8,sr<=15%,kvB<=4k,kp<=2k,0.15,2
32,n<=8,sr<=15%,kvB<=4k,kp<=4k,0.0197,2
32,n<=8,sr<=15%,kvB<=4k,kp<=512,0.1259,2
32,n<=8,sr<=15%,kvB<=4k,kp<=8k,0.0668,2
32,n<=8,sr<=15%,kvB<=4k,kp=0,0.141,2
32,n<=8,sr<=40%,kvB<=16k,kp<=16k,-0.0021,4
32,n<=8,sr<=40%,kvB<=16k,kp<=1k,0.102,4
32,n<=8,sr<=40%,kvB<=16k,kp<=2k,0.0854,4
32,n<=8,sr<=40%,kvB<=16k,kp<=4k,0.0407,4
32,n<=8,sr<=40%,kvB<=16k,kp<=512,0.0864,4
32,n<=8,sr<=40%,kvB<=16k,kp<=8k,0.1691,4
32,n<=8,sr<=40%,kvB<=16k,kp=0,0.0896,4
32,n<=8,sr<=40%,kvB<=1k,kp<=16k,0.1754,4
32,n<=8,sr<=40%,kvB<=1k,kp<=1k,0.025,4
32,n<=8,sr<=40%,kvB<=1k,kp<=2k,0.1637,4
32,n<=8,sr<=40%,kvB<=1k,kp<=4k,0.1699,4
32,n<=8,sr<=40%,kvB<=1k,kp<=512,0.1861,4
32,n<=8,sr<=40%,kvB<=1k,kp<=8k,0.1755,4
32,n<=8,sr<=40%,kvB<=1k,kp=0,0.1618,4
32,n<=8,sr<=40%,kvB<=32k,kp<=16k,0.1825,2
32,n<=8,sr<=40%,kvB<=32k,kp<=1k,0.0972,2
32,n<=8,sr<=40%,kvB<=32k,kp<=2k,0.1159,2
32,n<=8,sr<=40%,kvB<=32k,kp<=4k,0.1208,2
32,n<=8,sr<=40%,kvB<=32k,kp<=512,0.1124,2
32,n<=8,sr<=40%,kvB<=32k,kp<=8k,0.0372,2
32,n<=8,sr<=40%,kvB<=32k,kp=0,0.117,2
32,n<=8,sr<=40%,kvB<=4k,kp<=16k,0.1865,4
32,n<=8,sr<=40%,kvB<=4k,kp<=1k,0.1052,4
32,n<=8,sr<=40%,kvB<=4k,kp<=2k,0.1709,4
32,n<=8,sr<=40%,kvB<=4k,kp<=4k,0.049,4
32,n<=8,sr<=40%,kvB<=4k,kp<=512,0.0668,4
32,n<=8,sr<=40%,kvB<=4k,kp<=8k,0.2239,4
32,n<=8,sr<=40%,kvB<=4k,kp=0,0.0873,4
32,n<=8,sr<=70%,kvB<=16k,kp<=16k,0.2102,2
32,n<=8,sr<=70%,kvB<=16k,kp<=1k,0.1489,2
32,n<=8,sr<=70%,kvB<=16k,kp<=2k,0.1291,2
32,n<=8,sr<=70%,kvB<=16k,kp<=4k,0.0505,2
32,n<=8,sr<=70%,kvB<=16k,kp<=512,0.1287,2
32,n<=8,sr<=70%,kvB<=16k,kp<=8k,0.1876,2
32,n<=8,sr<=70%,kvB<=16k,kp=0,0.0415,2
32,n<=8,sr<=70%,kvB<=1k,kp<=16k,0.1767,2
32,n<=8,sr<=70%,kvB<=1k,kp<=1k,0.0288,2
32,n<=8,sr<=70%,kvB<=1k,kp<=2k,0.1174,2
32,n<=8,sr<=70%,kvB<=1k,kp<=4k,0.2461,2
32,n<=8,sr<=70%,kvB<=1k,kp<=512,0.1288,2
32,n<=8,sr<=70%,kvB<=1k,kp<=8k,0.2543,2
32,n<=8,sr<=70%,kvB<=1k,kp=0,0.0514,2
32,n<=8,sr<=70%,kvB<=32k,kp<=16k,0.2484,1
32,n<=8,sr<=70%,kvB<=32k,kp<=1k,0.1147,1
32,n<=8,sr<=70%,kvB<=32k,kp<=2k,0.1552,1
32,n<=8,sr<=70%,kvB<=32k,kp<=4k,0.1259,1
32,n<=8,sr<=70%,kvB<=32k,kp<=512,0.1583,1
32,n<=8,sr<=70%,kvB<=32k,kp<=8k,0.0215,1
32,n<=8,sr<=70%,kvB<=32k,kp=0,0.0472,1
32,n<=8,sr<=70%,kvB<=4k,kp<=16k,0.2822,2
32,n<=8,sr<=70%,kvB<=4k,kp<=1k,0.1246,2
32,n<=8,sr<=70%,kvB<=4k,kp<=2k,0.2315,2
32,n<=8,sr<=70%,kvB<=4k,kp<=4k,0.1345,2
32,n<=8,sr<=70%,kvB<=4k,kp<=512,0.0314,2
32,n<=8,sr<=70%,kvB<=4k,kp<=8k,0.1995,2
32,n<=8,sr<=70%,kvB<=4k,kp=0,0.0566,2
32,n<=8,sr>70%,kvB<=16k,kp<=16k,0.3533,3
32,n<=8,sr>70%,kvB<=16k,kp<=1k,0.0952,4
32,n<=8,sr>70%,kvB<=16k,kp<=2k,-0.0199,4
32,n<=8,sr>70%,kvB<=16k,kp<=4k,-0.3334,4
32,n<=8,sr>70%,kvB<=16k,kp<=512,0.0823,4
32,n<=8,sr>70%,kvB<=16k,kp<=8k,0.3257,4
32,n<=8,sr>70%,kvB<=16k,kp=0,-0.109,4
32,n<=8,sr>70%,kvB<=1k,kp<=16k,0.6362,4
32,n<=8,sr>70%,kvB<=1k,kp<=1k,0.0981,4
32,n<=8,sr>70%,kvB<=1k,kp<=2k,0.5696,4
32,n<=8,sr>70%,kvB<=1k,kp<=4k,0.6964,4
32,n<=8,sr>70%,kvB<=1k,kp<=512,0.2096,4
32,n<=8,sr>70%,kvB<=1k,kp<=8k,0.6616,4
32,n<=8,sr>70%,kvB<=1k,kp=0,-0.1391,4
32,n<=8,sr>70%,kvB<=32k,kp<=16k,0.3615,2
32,n<=8,sr>70%,kvB<=32k,kp<=1k,0.1445,2
32,n<=8,sr>70%,kvB<=32k,kp<=2k,0.1761,2
32,n<=8,sr>70%,kvB<=32k,kp<=4k,-0.0655,2
32,n<=8,sr>70%,kvB<=32k,kp<=512,0.0923,2
32,n<=8,sr>70%,kvB<=32k,kp<=8k,-0.3193,2
32,n<=8,sr>70%,kvB<=32k,kp=0,-0.0107,2
32,n<=8,sr>70%,kvB<=4k,kp<=16k,1.8769,4
32,n<=8,sr>70%,kvB<=4k,kp<=1k,-0.2038,4
32,n<=8,sr>70%,kvB<=4k,kp<=2k,0.3933,4
32,n<=8,sr>70%,kvB<=4k,kp<=4k,0.8672,4
32,n<=8,sr>70%,kvB<=4k,kp<=512,-0.3846,4
32,n<=8,sr>70%,kvB<=4k,kp<=8k,1.5967,4
32,n<=8,sr>70%,kvB<=4k,kp=0,-0.1487,4
64,n<=128,sr<=15%,kvB<=16k,kp<=16k,-0.0002,4
64,n<=128,sr<=15%,kvB<=16k,kp<=1k,0.0019,4
64,n<=128,sr<=15%,kvB<=16k,kp<=2k,0.002,4
64,n<=128,sr<=15%,kvB<=16k,kp<=4k,0.002,4
64,n<=128,sr<=15%,kvB<=16k,kp<=512,0.0023,4
64,n<=128,sr<=15%,kvB<=16k,kp<=8k,0.0016,4
64,n<=128,sr<=15%,kvB<=16k,kp=0,0.0022,4
64,n<=128,sr<=15%,kvB<=1k,kp<=16k,0.0102,4
64,n<=128,sr<=15%,kvB<=1k,kp<=1k,0.0042,4
64,n<=128,sr<=15%,kvB<=1k,kp<=2k,0.003,4
64,n<=128,sr<=15%,kvB<=1k,kp<=4k,0.0034,4
64,n<=128,sr<=15%,kvB<=1k,kp<=512,0.005,4
64,n<=128,sr<=15%,kvB<=1k,kp<=8k,0.0038,4
64,n<=128,sr<=15%,kvB<=1k,kp=0,0.0048,4
64,n<=128,sr<=15%,kvB<=32k,kp<=16k,0.0018,2
64,n<=128,sr<=15%,kvB<=32k,kp<=1k,0.0022,2
64,n<=128,sr<=15%,kvB<=32k,kp<=2k,0.0022,2
64,n<=128,sr<=15%,kvB<=32k,kp<=4k,0.0017,2
64,n<=128,sr<=15%,kvB<=32k,kp<=512,0.0023,2
64,n<=128,sr<=15%,kvB<=32k,kp<=8k,0.0016,2
64,n<=128,sr<=15%,kvB<=32k,kp=0,0.0023,2
64,n<=128,sr<=15%,kvB<=4k,kp<=16k,-0.001,4
64,n<=128,sr<=15%,kvB<=4k,kp<=1k,0.0019,4
64,n<=128,sr<=15%,kvB<=4k,kp<=2k,0.002,4
64,n<=128,sr<=15%,kvB<=4k,kp<=4k,-0.0005,4
64,n<=128,sr<=15%,kvB<=4k,kp<=512,0.0019,4
64,n<=128,sr<=15%,kvB<=4k,kp<=8k,-0.0011,4
64,n<=128,sr<=15%,kvB<=4k,kp=0,0.0018,4
64,n<=128,sr<=40%,kvB<=16k,kp<=16k,0.0002,2
64,n<=128,sr<=40%,kvB<=16k,kp<=1k,0.0005,2
64,n<=128,sr<=40%,kvB<=16k,kp<=2k,0.0002,2
64,n<=128,sr<=40%,kvB<=16k,kp<=4k,0.0003,2
64,n<=128,sr<=40%,kvB<=16k,kp<=512,0.0003,2
64,n<=128,sr<=40%,kvB<=16k,kp<=8k,-0.0005,2
64,n<=128,sr<=40%,kvB<=16k,kp=0,0.0007,2
64,n<=128,sr<=40%,kvB<=1k,kp<=16k,0.0063,2
64,n<=128,sr<=40%,kvB<=1k,kp<=1k,0.0023,2
64,n<=128,sr<=40%,kvB<=1k,kp<=2k,-0.0002,2
64,n<=128,sr<=40%,kvB<=1k,kp<=4k,0.002,2
64,n<=128,sr<=40%,kvB<=1k,kp<=512,0.0033,2
64,n<=128,sr<=40%,kvB<=1k,kp<=8k,0.0056,2
64,n<=128,sr<=40%,kvB<=1k,kp=0,0.0044,2
64,n<=128,sr<=40%,kvB<=32k,kp<=16k,-0.0007,1
64,n<=128,sr<=40%,kvB<=32k,kp<=1k,0.0001,1
64,n<=128,sr<=40%,kvB<=32k,kp<=2k,0.0005,1
64,n<=128,sr<=40%,kvB<=32k,kp<=4k,0.0005,1
64,n<=128,sr<=40%,kvB<=32k,kp<=512,0.0006,1
64,n<=128,sr<=40%,kvB<=32k,kp<=8k,-0.0001,1
64,n<=128,sr<=40%,kvB<=32k,kp=0,0.0006,1
64,n<=128,sr<=40%,kvB<=4k,kp<=16k,-0.0012,2
64,n<=128,sr<=40%,kvB<=4k,kp<=1k,-0.0003,2
64,n<=128,sr<=40%,kvB<=4k,kp<=2k,0.0009,2
64,n<=128,sr<=40%,kvB<=4k,kp<=4k,-0.001,2
64,n<=128,sr<=40%,kvB<=4k,kp<=512,0.0003,2
64,n<=128,sr<=40%,kvB<=4k,kp<=8k,-0.0015,2
64,n<=128,sr<=40%,kvB<=4k,kp=0,0.0002,2
64,n<=128,sr<=5%,kvB<=16k,kp<=16k,0.0,8
64,n<=128,sr<=5%,kvB<=16k,kp<=1k,0.0033,8
64,n<=128,sr<=5%,kvB<=16k,kp<=2k,0.0035,8
64,n<=128,sr<=5%,kvB<=16k,kp<=4k,0.0034,8
64,n<=128,sr<=5%,kvB<=16k,kp<=512,0.0035,8
64,n<=128,sr<=5%,kvB<=16k,kp<=8k,0.0029,8
64,n<=128,sr<=5%,kvB<=16k,kp=0,0.0034,8
64,n<=128,sr<=5%,kvB<=1k,kp<=16k,-0.0017,8
64,n<=128,sr<=5%,kvB<=1k,kp<=1k,-0.0006,8
64,n<=128,sr<=5%,kvB<=1k,kp<=2k,-0.0006,8
64,n<=128,sr<=5%,kvB<=1k,kp<=4k,0.0009,8
64,n<=128,sr<=5%,kvB<=1k,kp<=512,0.0005,8
64,n<=128,sr<=5%,kvB<=1k,kp<=8k,0.0015,8
64,n<=128,sr<=5%,kvB<=1k,kp=0,-0.0,8
64,n<=128,sr<=5%,kvB<=32k,kp<=16k,0.0037,4
64,n<=128,sr<=5%,kvB<=32k,kp<=1k,0.0034,4
64,n<=128,sr<=5%,kvB<=32k,kp<=2k,0.0034,4
64,n<=128,sr<=5%,kvB<=32k,kp<=4k,0.003,4
64,n<=128,sr<=5%,kvB<=32k,kp<=512,0.0036,4
64,n<=128,sr<=5%,kvB<=32k,kp<=8k,0.0029,4
64,n<=128,sr<=5%,kvB<=32k,kp=0,0.0036,4
64,n<=128,sr<=5%,kvB<=4k,kp<=16k,0.0006,8
64,n<=128,sr<=5%,kvB<=4k,kp<=1k,0.0038,8
64,n<=128,sr<=5%,kvB<=4k,kp<=2k,0.0035,8
64,n<=128,sr<=5%,kvB<=4k,kp<=4k,0.0011,8
64,n<=128,sr<=5%,kvB<=4k,kp<=512,0.0037,8
64,n<=128,sr<=5%,kvB<=4k,kp<=8k,0.0005,8
64,n<=128,sr<=5%,kvB<=4k,kp=0,0.0034,8
64,n<=128,sr<=70%,kvB<=16k,kp<=16k,0.0013,2
64,n<=128,sr<=70%,kvB<=16k,kp<=1k,-0.001,2
64,n<=128,sr<=70%,kvB<=16k,kp<=2k,-0.0008,2
64,n<=128,sr<=70%,kvB<=16k,kp<=4k,-0.0018,2
64,n<=128,sr<=70%,kvB<=16k,kp<=512,-0.0014,2
64,n<=128,sr<=70%,kvB<=16k,kp<=8k,-0.0021,2
64,n<=128,sr<=70%,kvB<=16k,kp=0,-0.0007,2
64,n<=128,sr<=70%,kvB<=1k,kp<=16k,0.0093,2
64,n<=128,sr<=70%,kvB<=1k,kp<=1k,-0.004,2
64,n<=128,sr<=70%,kvB<=1k,kp<=2k,0.0048,2
64,n<=128,sr<=70%,kvB<=1k,kp<=4k,0.003,2
64,n<=128,sr<=70%,kvB<=1k,kp<=512,-0.0031,2
64,n<=128,sr<=70%,kvB<=1k,kp<=8k,0.007,2
64,n<=128,sr<=70%,kvB<=1k,kp=0,-0.0016,2
64,n<=128,sr<=70%,kvB<=32k,kp<=16k,-0.0031,1
64,n<=128,sr<=70%,kvB<=32k,kp<=1k,-0.0006,1
64,n<=128,sr<=70%,kvB<=32k,kp<=2k,-0.0005,1
64,n<=128,sr<=70%,kvB<=32k,kp<=4k,-0.0013,1
64,n<=128,sr<=70%,kvB<=32k,kp<=512,-0.0001,1
64,n<=128,sr<=70%,kvB<=32k,kp<=8k,-0.0019,1
64,n<=128,sr<=70%,kvB<=32k,kp=0,-0.0006,1
64,n<=128,sr<=70%,kvB<=4k,kp<=16k,0.0045,2
64,n<=128,sr<=70%,kvB<=4k,kp<=1k,-0.0017,2
64,n<=128,sr<=70%,kvB<=4k,kp<=2k,-0.0011,2
64,n<=128,sr<=70%,kvB<=4k,kp<=4k,-0.0013,2
64,n<=128,sr<=70%,kvB<=4k,kp<=512,-0.0012,2
64,n<=128,sr<=70%,kvB<=4k,kp<=8k,0.0068,2
64,n<=128,sr<=70%,kvB<=4k,kp=0,-0.0015,2
64,n<=128,sr>70%,kvB<=16k,kp<=16k,-0.0008,4
64,n<=128,sr>70%,kvB<=16k,kp<=1k,0.0056,4
64,n<=128,sr>70%,kvB<=16k,kp<=2k,0.0049,4
64,n<=128,sr>70%,kvB<=16k,kp<=4k,0.0027,4
64,n<=128,sr>70%,kvB<=16k,kp<=512,0.0058,4
64,n<=128,sr>70%,kvB<=16k,kp<=8k,-0.0003,4
64,n<=128,sr>70%,kvB<=16k,kp=0,0.0055,4
64,n<=128,sr>70%,kvB<=1k,kp<=16k,0.0228,4
64,n<=128,sr>70%,kvB<=1k,kp<=1k,0.0149,4
64,n<=128,sr>70%,kvB<=1k,kp<=2k,0.0097,4
64,n<=128,sr>70%,kvB<=1k,kp<=4k,0.0004,4
64,n<=128,sr>70%,kvB<=1k,kp<=512,0.014,4
64,n<=128,sr>70%,kvB<=1k,kp<=8k,0.0008,4
64,n<=128,sr>70%,kvB<=1k,kp=0,0.0062,4
64,n<=128,sr>70%,kvB<=32k,kp<=16k,-0.0012,2
64,n<=128,sr>70%,kvB<=32k,kp<=1k,0.0081,2
64,n<=128,sr>70%,kvB<=32k,kp<=2k,0.0082,2
64,n<=128,sr>70%,kvB<=32k,kp<=4k,0.0078,2
64,n<=128,sr>70%,kvB<=32k,kp<=512,0.0088,2
64,n<=128,sr>70%,kvB<=32k,kp<=8k,0.0059,2
64,n<=128,sr>70%,kvB<=32k,kp=0,0.008,2
64,n<=128,sr>70%,kvB<=4k,kp<=16k,0.0061,4
64,n<=128,sr>70%,kvB<=4k,kp<=1k,0.0037,4
64,n<=128,sr>70%,kvB<=4k,kp<=2k,0.0009,4
64,n<=128,sr>70%,kvB<=4k,kp<=4k,0.0029,4
64,n<=128,sr>70%,kvB<=4k,kp<=512,0.0025,4
64,n<=128,sr>70%,kvB<=4k,kp<=8k,-0.0006,4
64,n<=128,sr>70%,kvB<=4k,kp=0,0.004,4
64,n<=16,sr<=15%,kvB<=16k,kp<=16k,-0.0165,4
64,n<=16,sr<=15%,kvB<=16k,kp<=1k,0.0861,4
64,n<=16,sr<=15%,kvB<=16k,kp<=2k,0.0807,4
64,n<=16,sr<=15%,kvB<=16k,kp<=4k,0.0524,4
64,n<=16,sr<=15%,kvB<=16k,kp<=512,0.0725,4
64,n<=16,sr<=15%,kvB<=16k,kp<=8k,0.0267,4
64,n<=16,sr<=15%,kvB<=16k,kp=0,0.0783,4
64,n<=16,sr<=15%,kvB<=1k,kp<=16k,0.0632,4
64,n<=16,sr<=15%,kvB<=1k,kp<=1k,0.0693,4
64,n<=16,sr<=15%,kvB<=1k,kp<=2k,0.0363,4
64,n<=16,sr<=15%,kvB<=1k,kp<=4k,0.0661,4
64,n<=16,sr<=15%,kvB<=1k,kp<=512,0.1207,4
64,n<=16,sr<=15%,kvB<=1k,kp<=8k,0.0616,4
64,n<=16,sr<=15%,kvB<=1k,kp=0,0.1378,4
64,n<=16,sr<=15%,kvB<=32k,kp<=16k,0.0557,2
64,n<=16,sr<=15%,kvB<=32k,kp<=1k,0.0761,2
64,n<=16,sr<=15%,kvB<=32k,kp<=2k,0.0875,2
64,n<=16,sr<=15%,kvB<=32k,kp<=4k,0.0929,2
64,n<=16,sr<=15%,kvB<=32k,kp<=512,0.0699,2
64,n<=16,sr<=15%,kvB<=32k,kp<=8k,0.0646,2
64,n<=16,sr<=15%,kvB<=32k,kp=0,0.0815,2
64,n<=16,sr<=15%,kvB<=4k,kp<=16k,0.033,4
64,n<=16,sr<=15%,kvB<=4k,kp<=1k,0.0938,4
64,n<=16,sr<=15%,kvB<=4k,kp<=2k,0.0799,4
64,n<=16,sr<=15%,kvB<=4k,kp<=4k,-0.0002,4
64,n<=16,sr<=15%,kvB<=4k,kp<=512,0.0752,4
64,n<=16,sr<=15%,kvB<=4k,kp<=8k,0.0264,4
64,n<=16,sr<=15%,kvB<=4k,kp=0,0.0967,4
64,n<=16,sr<=40%,kvB<=16k,kp<=16k,-0.0087,4
64,n<=16,sr<=40%,kvB<=16k,kp<=1k,0.1007,4
64,n<=16,sr<=40%,kvB<=16k,kp<=2k,0.0822,4
64,n<=16,sr<=40%,kvB<=16k,kp<=4k,0.0377,4
64,n<=16,sr<=40%,kvB<=16k,kp<=512,0.0972,4
64,n<=16,sr<=40%,kvB<=16k,kp<=8k,0.0302,4
64,n<=16,sr<=40%,kvB<=16k,kp=0,0.0874,4
64,n<=16,sr<=40%,kvB<=1k,kp<=16k,0.0237,4
64,n<=16,sr<=40%,kvB<=1k,kp<=1k,0.0376,4
64,n<=16,sr<=40%,kvB<=1k,kp<=2k,-0.0088,4
64,n<=16,sr<=40%,kvB<=1k,kp<=4k,0.0316,4
64,n<=16,sr<=40%,kvB<=1k,kp<=512,0.1109,4
64,n<=16,sr<=40%,kvB<=1k,kp<=8k,0.0243,4
64,n<=16,sr<=40%,kvB<=1k,kp=0,0.1233,4
64,n<=16,sr<=40%,kvB<=32k,kp<=16k,0.064,2
64,n<=16,sr<=40%,kvB<=32k,kp<=1k,0.1173,2
64,n<=16,sr<=40%,kvB<=32k,kp<=2k,0.1126,2
64,n<=16,sr<=40%,kvB<=32k,kp<=4k,0.1096,2
64,n<=16,sr<=40%,kvB<=32k,kp<=512,0.1072,2
64,n<=16,sr<=40%,kvB<=32k,kp<=8k,0.0404,2
64,n<=16,sr<=40%,kvB<=32k,kp=0,0.1154,2
64,n<=16,sr<=40%,kvB<=4k,kp<=16k,0.1258,4
64,n<=16,sr<=40%,kvB<=4k,kp<=1k,0.1046,4
64,n<=16,sr<=40%,kvB<=4k,kp<=2k,0.1343,4
64,n<=16,sr<=40%,kvB<=4k,kp<=4k,0.1202,4
64,n<=16,sr<=40%,kvB<=4k,kp<=512,0.107,4
64,n<=16,sr<=40%,kvB<=4k,kp<=8k,0.1198,4
64,n<=16,sr<=40%,kvB<=4k,kp=0,0.1505,4
64,n<=16,sr<=70%,kvB<=16k,kp<=16k,0.3194,2
64,n<=16,sr<=70%,kvB<=16k,kp<=1k,0.224,2
64,n<=16,sr<=70%,kvB<=16k,kp<=2k,0.1875,2
64,n<=16,sr<=70%,kvB<=16k,kp<=4k,0.1577,2
64,n<=16,sr<=70%,kvB<=16k,kp<=512,0.2491,2
64,n<=16,sr<=70%,kvB<=16k,kp<=8k,0.2562,2
64,n<=16,sr<=70%,kvB<=16k,kp=0,0.3649,2
64,n<=16,sr<=70%,kvB<=1k,kp<=16k,0.0555,2
64,n<=16,sr<=70%,kvB<=1k,kp<=1k,0.0296,2
64,n<=16,sr<=70%,kvB<=1k,kp<=2k,0.068,2
64,n<=16,sr<=70%,kvB<=1k,kp<=4k,-0.0207,2
64,n<=16,sr<=70%,kvB<=1k,kp<=512,0.1021,2
64,n<=16,sr<=70%,kvB<=1k,kp<=8k,0.0704,2
64,n<=16,sr<=70%,kvB<=1k,kp=0,0.0115,2
64,n<=16,sr<=70%,kvB<=32k,kp<=16k,0.2103,1
64,n<=16,sr<=70%,kvB<=32k,kp<=1k,0.1792,1
64,n<=16,sr<=70%,kvB<=32k,kp<=2k,0.2645,1
64,n<=16,sr<=70%,kvB<=32k,kp<=4k,0.1928,1
64,n<=16,sr<=70%,kvB<=32k,kp<=512,0.2255,1
64,n<=16,sr<=70%,kvB<=32k,kp<=8k,0.1829,1
64,n<=16,sr<=70%,kvB<=32k,kp=0,0.3521,1
64,n<=16,sr<=70%,kvB<=4k,kp<=16k,0.4434,2
64,n<=16,sr<=70%,kvB<=4k,kp<=1k,0.2639,2
64,n<=16,sr<=70%,kvB<=4k,kp<=2k,0.5281,2
64,n<=16,sr<=70%,kvB<=4k,kp<=4k,0.7198,2
64,n<=16,sr<=70%,kvB<=4k,kp<=512,0.2269,2
64,n<=16,sr<=70%,kvB<=4k,kp<=8k,0.6628,2
64,n<=16,sr<=70%,kvB<=4k,kp=0,0.5231,2
64,n<=16,sr>70%,kvB<=16k,kp<=16k,2.0806,3
64,n<=16,sr>70%,kvB<=16k,kp<=1k,0.7302,4
64,n<=16,sr>70%,kvB<=16k,kp<=2k,0.6142,4
64,n<=16,sr>70%,kvB<=16k,kp<=4k,0.5833,4
64,n<=16,sr>70%,kvB<=16k,kp<=512,0.8274,4
64,n<=16,sr>70%,kvB<=16k,kp<=8k,1.0971,3
64,n<=16,sr>70%,kvB<=16k,kp=0,1.0811,4
64,n<=16,sr>70%,kvB<=1k,kp<=16k,0.614,4
64,n<=16,sr>70%,kvB<=1k,kp<=1k,0.5607,4
64,n<=16,sr>70%,kvB<=1k,kp<=2k,0.8278,4
64,n<=16,sr>70%,kvB<=1k,kp<=4k,0.2971,4
64,n<=16,sr>70%,kvB<=1k,kp<=512,0.5355,4
64,n<=16,sr>70%,kvB<=1k,kp<=8k,0.6428,4
64,n<=16,sr>70%,kvB<=1k,kp=0,0.2892,4
64,n<=16,sr>70%,kvB<=32k,kp<=16k,0.6778,2
64,n<=16,sr>70%,kvB<=32k,kp<=1k,0.5714,2
64,n<=16,sr>70%,kvB<=32k,kp<=2k,0.6345,2
64,n<=16,sr>70%,kvB<=32k,kp<=4k,0.6311,2
64,n<=16,sr>70%,kvB<=32k,kp<=512,0.5544,2
64,n<=16,sr>70%,kvB<=32k,kp<=8k,0.5368,2
64,n<=16,sr>70%,kvB<=32k,kp=0,0.9089,2
64,n<=16,sr>70%,kvB<=4k,kp<=16k,1.5363,4
64,n<=16,sr>70%,kvB<=4k,kp<=1k,1.0757,4
64,n<=16,sr>70%,kvB<=4k,kp<=2k,1.7342,4
64,n<=16,sr>70%,kvB<=4k,kp<=4k,7.2511,4
64,n<=16,sr>70%,kvB<=4k,kp<=512,1.0793,4
64,n<=16,sr>70%,kvB<=4k,kp<=8k,2.4078,3
64,n<=16,sr>70%,kvB<=4k,kp=0,1.5929,4
64,n<=2,sr<=70%,kvB<=16k,kp<=16k,-0.9734,2
64,n<=2,sr<=70%,kvB<=16k,kp<=1k,0.8525,2
64,n<=2,sr<=70%,kvB<=16k,kp<=2k,0.9619,2
64,n<=2,sr<=70%,kvB<=16k,kp<=4k,0.8311,2
64,n<=2,sr<=70%,kvB<=16k,kp<=512,0.9816,2
64,n<=2,sr<=70%,kvB<=16k,kp<=8k,0.0222,2
64,n<=2,sr<=70%,kvB<=16k,kp=0,0.9775,2
64,n<=2,sr<=70%,kvB<=1k,kp<=16k,-0.825,2
64,n<=2,sr<=70%,kvB<=1k,kp<=1k,-0.8082,2
64,n<=2,sr<=70%,kvB<=1k,kp<=2k,-0.8424,2
64,n<=2,sr<=70%,kvB<=1k,kp<=4k,-0.7848,2
64,n<=2,sr<=70%,kvB<=1k,kp<=512,-0.1482,2
64,n<=2,sr<=70%,kvB<=1k,kp<=8k,-0.539,2
64,n<=2,sr<=70%,kvB<=1k,kp=0,0.9415,2
64,n<=2,sr<=70%,kvB<=32k,kp<=16k,0.3248,1
64,n<=2,sr<=70%,kvB<=32k,kp<=1k,0.8958,1
64,n<=2,sr<=70%,kvB<=32k,kp<=2k,0.9519,1
64,n<=2,sr<=70%,kvB<=32k,kp<=4k,0.9845,1
64,n<=2,sr<=70%,kvB<=32k,kp<=512,0.9875,1
64,n<=2,sr<=70%,kvB<=32k,kp<=8k,0.9769,1
64,n<=2,sr<=70%,kvB<=32k,kp=0,0.9881,1
64,n<=2,sr<=70%,kvB<=4k,kp<=16k,-0.8712,2
64,n<=2,sr<=70%,kvB<=4k,kp<=1k,0.691,2
64,n<=2,sr<=70%,kvB<=4k,kp<=2k,-0.0519,2
64,n<=2,sr<=70%,kvB<=4k,kp<=4k,-0.9334,2
64,n<=2,sr<=70%,kvB<=4k,kp<=512,0.9554,2
64,n<=2,sr<=70%,kvB<=4k,kp<=8k,-0.9765,2
64,n<=2,sr<=70%,kvB<=4k,kp=0,0.9686,2
64,n<=32,sr<=15%,kvB<=16k,kp<=16k,0.0294,6
64,n<=32,sr<=15%,kvB<=16k,kp<=1k,0.0351,6
64,n<=32,sr<=15%,kvB<=16k,kp<=2k,0.0367,6
64,n<=32,sr<=15%,kvB<=16k,kp<=4k,0.0332,6
64,n<=32,sr<=15%,kvB<=16k,kp<=512,0.0346,6
64,n<=32,sr<=15%,kvB<=16k,kp<=8k,0.0324,6
64,n<=32,sr<=15%,kvB<=16k,kp=0,0.0516,6
64,n<=32,sr<=15%,kvB<=1k,kp<=16k,0.0635,6
64,n<=32,sr<=15%,kvB<=1k,kp<=1k,0.0321,6
64,n<=32,sr<=15%,kvB<=1k,kp<=2k,0.0285,6
64,n<=32,sr<=15%,kvB<=1k,kp<=4k,0.0589,6
64,n<=32,sr<=15%,kvB<=1k,kp<=512,0.0548,6
64,n<=32,sr<=15%,kvB<=1k,kp<=8k,0.072,6
64,n<=32,sr<=15%,kvB<=1k,kp=0,0.0727,6
64,n<=32,sr<=15%,kvB<=32k,kp<=16k,0.025,3
64,n<=32,sr<=15%,kvB<=32k,kp<=1k,0.0333,3
64,n<=32,sr<=15%,kvB<=32k,kp<=2k,0.0331,3
64,n<=32,sr<=15%,kvB<=32k,kp<=4k,0.0291,3
64,n<=32,sr<=15%,kvB<=32k,kp<=512,0.0315,3
64,n<=32,sr<=15%,kvB<=32k,kp<=8k,0.0341,3
64,n<=32,sr<=15%,kvB<=32k,kp=0,0.032,3
64,n<=32,sr<=15%,kvB<=4k,kp<=16k,0.1074,6
64,n<=32,sr<=15%,kvB<=4k,kp<=1k,0.0886,6
64,n<=32,sr<=15%,kvB<=4k,kp<=2k,0.0703,6
64,n<=32,sr<=15%,kvB<=4k,kp<=4k,0.0881,6
64,n<=32,sr<=15%,kvB<=4k,kp<=512,0.0808,6
64,n<=32,sr<=15%,kvB<=4k,kp<=8k,0.1009,6
64,n<=32,sr<=15%,kvB<=4k,kp=0,0.0906,6
64,n<=32,sr<=40%,kvB<=16k,kp<=16k,0.0636,2
64,n<=32,sr<=40%,kvB<=16k,kp<=1k,0.0652,2
64,n<=32,sr<=40%,kvB<=16k,kp<=2k,0.0487,2
64,n<=32,sr<=40%,kvB<=16k,kp<=4k,0.0659,2
64,n<=32,sr<=40%,kvB<=16k,kp<=512,0.0533,2
64,n<=32,sr<=40%,kvB<=16k,kp<=8k,0.0732,2
64,n<=32,sr<=40%,kvB<=16k,kp=0,0.109,2
64,n<=32,sr<=40%,kvB<=1k,kp<=16k,0.2108,2
64,n<=32,sr<=40%,kvB<=1k,kp<=1k,0.0928,2
64,n<=32,sr<=40%,kvB<=1k,kp<=2k,0.1432,2
64,n<=32,sr<=40%,kvB<=1k,kp<=4k,0.2193,2
64,n<=32,sr<=40%,kvB<=1k,kp<=512,0.0899,2
64,n<=32,sr<=40%,kvB<=1k,kp<=8k,0.2147,2
64,n<=32,sr<=40%,kvB<=1k,kp=0,0.0982,2
64,n<=32,sr<=40%,kvB<=32k,kp<=16k,0.0633,1
64,n<=32,sr<=40%,kvB<=32k,kp<=1k,0.0363,1
64,n<=32,sr<=40%,kvB<=32k,kp<=2k,0.0502,1
64,n<=32,sr<=40%,kvB<=32k,kp<=4k,0.0427,1
64,n<=32,sr<=40%,kvB<=32k,kp<=512,0.0475,1
64,n<=32,sr<=40%,kvB<=32k,kp<=8k,0.0552,1
64,n<=32,sr<=40%,kvB<=32k,kp=0,0.0796,1
64,n<=32,sr<=40%,kvB<=4k,kp<=16k,0.2049,2
64,n<=32,sr<=40%,kvB<=4k,kp<=1k,0.1655,2
64,n<=32,sr<=40%,kvB<=4k,kp<=2k,0.2124,2
64,n<=32,sr<=40%,kvB<=4k,kp<=4k,0.2089,2
64,n<=32,sr<=40%,kvB<=4k,kp<=512,0.1486,2
64,n<=32,sr<=40%,kvB<=4k,kp<=8k,0.1689,2
64,n<=32,sr<=40%,kvB<=4k,kp=0,0.2196,2
64,n<=32,sr<=5%,kvB<=16k,kp<=16k,0.0036,2
64,n<=32,sr<=5%,kvB<=16k,kp<=1k,0.032,2
64,n<=32,sr<=5%,kvB<=16k,kp<=2k,0.0278,2
64,n<=32,sr<=5%,kvB<=16k,kp<=4k,0.0165,2
64,n<=32,sr<=5%,kvB<=16k,kp<=512,0.0234,2
64,n<=32,sr<=5%,kvB<=16k,kp<=8k,0.0056,2
64,n<=32,sr<=5%,kvB<=16k,kp=0,0.0254,2
64,n<=32,sr<=5%,kvB<=1k,kp<=16k,0.0072,2
64,n<=32,sr<=5%,kvB<=1k,kp<=1k,0.0114,2
64,n<=32,sr<=5%,kvB<=1k,kp<=2k,0.0049,2
64,n<=32,sr<=5%,kvB<=1k,kp<=4k,0.023,2
64,n<=32,sr<=5%,kvB<=1k,kp<=512,0.034,2
64,n<=32,sr<=5%,kvB<=1k,kp<=8k,0.0075,2
64,n<=32,sr<=5%,kvB<=1k,kp=0,0.0457,2
64,n<=32,sr<=5%,kvB<=32k,kp<=16k,0.0272,1
64,n<=32,sr<=5%,kvB<=32k,kp<=1k,0.0311,1
64,n<=32,sr<=5%,kvB<=32k,kp<=2k,0.0307,1
64,n<=32,sr<=5%,kvB<=32k,kp<=4k,0.0366,1
64,n<=32,sr<=5%,kvB<=32k,kp<=512,0.0263,1
64,n<=32,sr<=5%,kvB<=32k,kp<=8k,0.0293,1
64,n<=32,sr<=5%,kvB<=32k,kp=0,0.0237,1
64,n<=32,sr<=5%,kvB<=4k,kp<=16k,0.0529,2
64,n<=32,sr<=5%,kvB<=4k,kp<=1k,0.0398,2
64,n<=32,sr<=5%,kvB<=4k,kp<=2k,0.0298,2
64,n<=32,sr<=5%,kvB<=4k,kp<=4k,0.0108,2
64,n<=32,sr<=5%,kvB<=4k,kp<=512,0.0417,2
64,n<=32,sr<=5%,kvB<=4k,kp<=8k,0.0388,2
64,n<=32,sr<=5%,kvB<=4k,kp=0,0.0434,2
64,n<=32,sr<=70%,kvB<=16k,kp<=16k,0.0937,2
64,n<=32,sr<=70%,kvB<=16k,kp<=1k,0.1014,2
64,n<=32,sr<=70%,kvB<=16k,kp<=2k,0.1071,2
64,n<=32,sr<=70%,kvB<=16k,kp<=4k,0.1002,2
64,n<=32,sr<=70%,kvB<=16k,kp<=512,0.1169,2
64,n<=32,sr<=70%,kvB<=16k,kp<=8k,0.1215,2
64,n<=32,sr<=70%,kvB<=16k,kp=0,0.1609,2
64,n<=32,sr<=70%,kvB<=1k,kp<=16k,0.3214,2
64,n<=32,sr<=70%,kvB<=1k,kp<=1k,0.2601,2
64,n<=32,sr<=70%,kvB<=1k,kp<=2k,0.4509,2
64,n<=32,sr<=70%,kvB<=1k,kp<=4k,0.3951,2
64,n<=32,sr<=70%,kvB<=1k,kp<=512,0.4102,2
64,n<=32,sr<=70%,kvB<=1k,kp<=8k,0.4592,2
64,n<=32,sr<=70%,kvB<=1k,kp=0,0.3682,2
64,n<=32,sr<=70%,kvB<=32k,kp<=16k,0.1046,1
64,n<=32,sr<=70%,kvB<=32k,kp<=1k,0.0608,1
64,n<=32,sr<=70%,kvB<=32k,kp<=2k,0.0627,1
64,n<=32,sr<=70%,kvB<=32k,kp<=4k,0.0842,1
64,n<=32,sr<=70%,kvB<=32k,kp<=512,0.0944,1
64,n<=32,sr<=70%,kvB<=32k,kp<=8k,0.0994,1
64,n<=32,sr<=70%,kvB<=32k,kp=0,0.096,1
64,n<=32,sr<=70%,kvB<=4k,kp<=16k,0.2726,2
64,n<=32,sr<=70%,kvB<=4k,kp<=1k,0.1829,2
64,n<=32,sr<=70%,kvB<=4k,kp<=2k,0.2469,2
64,n<=32,sr<=70%,kvB<=4k,kp<=4k,0.2295,2
64,n<=32,sr<=70%,kvB<=4k,kp<=512,0.225,2
64,n<=32,sr<=70%,kvB<=4k,kp<=8k,0.2558,2
64,n<=32,sr<=70%,kvB<=4k,kp=0,0.3169,2
64,n<=32,sr>70%,kvB<=16k,kp<=16k,0.3589,4
64,n<=32,sr>70%,kvB<=16k,kp<=1k,0.2236,4
64,n<=32,sr>70%,kvB<=16k,kp<=2k,0.269,4
64,n<=32,sr>70%,kvB<=16k,kp<=4k,0.2884,4
64,n<=32,sr>70%,kvB<=16k,kp<=512,0.2501,4
64,n<=32,sr>70%,kvB<=16k,kp<=8k,0.3749,4
64,n<=32,sr>70%,kvB<=16k,kp=0,0.3719,4
64,n<=32,sr>70%,kvB<=1k,kp<=16k,1.1965,4
64,n<=32,sr>70%,kvB<=1k,kp<=1k,1.6076,4
64,n<=32,sr>70%,kvB<=1k,kp<=2k,1.4754,4
64,n<=32,sr>70%,kvB<=1k,kp<=4k,1.5813,4
64,n<=32,sr>70%,kvB<=1k,kp<=512,1.5048,4
64,n<=32,sr>70%,kvB<=1k,kp<=8k,1.3725,4
64,n<=32,sr>70%,kvB<=1k,kp=0,1.2955,4
64,n<=32,sr>70%,kvB<=32k,kp<=16k,0.2104,2
64,n<=32,sr>70%,kvB<=32k,kp<=1k,0.1471,2
64,n<=32,sr>70%,kvB<=32k,kp<=2k,0.1811,2
64,n<=32,sr>70%,kvB<=32k,kp<=4k,0.2079,2
64,n<=32,sr>70%,kvB<=32k,kp<=512,0.2105,2
64,n<=32,sr>70%,kvB<=32k,kp<=8k,0.2097,2
64,n<=32,sr>70%,kvB<=32k,kp=0,0.2926,2
64,n<=32,sr>70%,kvB<=4k,kp<=16k,0.7664,4
64,n<=32,sr>70%,kvB<=4k,kp<=1k,0.4875,4
64,n<=32,sr>70%,kvB<=4k,kp<=2k,0.5381,4
64,n<=32,sr>70%,kvB<=4k,kp<=4k,0.6505,4
64,n<=32,sr>70%,kvB<=4k,kp<=512,0.4701,4
64,n<=32,sr>70%,kvB<=4k,kp<=8k,0.5841,4
64,n<=32,sr>70%,kvB<=4k,kp=0,0.8457,4
64,n<=4,sr<=40%,kvB<=16k,kp<=16k,-0.4655,2
64,n<=4,sr<=40%,kvB<=16k,kp<=1k,0.374,2
64,n<=4,sr<=40%,kvB<=16k,kp<=2k,0.4449,2
64,n<=4,sr<=40%,kvB<=16k,kp<=4k,0.5137,2
64,n<=4,sr<=40%,kvB<=16k,kp<=512,0.3301,2
64,n<=4,sr<=40%,kvB<=16k,kp<=8k,0.4743,2
64,n<=4,sr<=40%,kvB<=16k,kp=0,0.3136,2
64,n<=4,sr<=40%,kvB<=1k,kp<=16k,-0.1264,2
64,n<=4,sr<=40%,kvB<=1k,kp<=1k,-0.2446,2
64,n<=4,sr<=40%,kvB<=1k,kp<=2k,-0.2106,2
64,n<=4,sr<=40%,kvB<=1k,kp<=4k,-0.1916,2
64,n<=4,sr<=40%,kvB<=1k,kp<=512,0.6378,2
64,n<=4,sr<=40%,kvB<=1k,kp<=8k,-0.1623,2
64,n<=4,sr<=40%,kvB<=1k,kp=0,0.5217,2
64,n<=4,sr<=40%,kvB<=32k,kp<=16k,0.4879,1
64,n<=4,sr<=40%,kvB<=32k,kp<=1k,0.3239,1
64,n<=4,sr<=40%,kvB<=32k,kp<=2k,0.3776,1
64,n<=4,sr<=40%,kvB<=32k,kp<=4k,0.4291,1
64,n<=4,sr<=40%,kvB<=32k,kp<=512,0.321,1
64,n<=4,sr<=40%,kvB<=32k,kp<=8k,0.5189,1
64,n<=4,sr<=40%,kvB<=32k,kp=0,0.3194,1
64,n<=4,sr<=40%,kvB<=4k,kp<=16k,-0.3425,2
64,n<=4,sr<=40%,kvB<=4k,kp<=1k,0.5421,2
64,n<=4,sr<=40%,kvB<=4k,kp<=2k,0.4806,2
64,n<=4,sr<=40%,kvB<=4k,kp<=4k,-0.4414,2
64,n<=4,sr<=40%,kvB<=4k,kp<=512,0.4709,2
64,n<=4,sr<=40%,kvB<=4k,kp<=8k,-0.3304,2
64,n<=4,sr<=40%,kvB<=4k,kp=0,0.3329,2
64,n<=4,sr<=70%,kvB<=16k,kp<=16k,-0.2562,2
64,n<=4,sr<=70%,kvB<=16k,kp<=1k,0.2848,2
64,n<=4,sr<=70%,kvB<=16k,kp<=2k,0.2981,2
64,n<=4,sr<=70%,kvB<=16k,kp<=4k,0.3958,2
64,n<=4,sr<=70%,kvB<=16k,kp<=512,0.1971,2
64,n<=4,sr<=70%,kvB<=16k,kp<=8k,0.6871,2
64,n<=4,sr<=70%,kvB<=16k,kp=0,0.0089,2
64,n<=4,sr<=70%,kvB<=1k,kp<=16k,-0.4059,2
64,n<=4,sr<=70%,kvB<=1k,kp<=1k,-0.764,2
64,n<=4,sr<=70%,kvB<=1k,kp<=2k,-0.6579,2
64,n<=4,sr<=70%,kvB<=1k,kp<=4k,-0.5418,2
64,n<=4,sr<=70%,kvB<=1k,kp<=512,0.8683,2
64,n<=4,sr<=70%,kvB<=1k,kp<=8k,-0.486,2
64,n<=4,sr<=70%,kvB<=1k,kp=0,0.5341,2
64,n<=4,sr<=70%,kvB<=32k,kp<=16k,0.6658,1
64,n<=4,sr<=70%,kvB<=32k,kp<=1k,0.1431,1
64,n<=4,sr<=70%,kvB<=32k,kp<=2k,0.2772,1
64,n<=4,sr<=70%,kvB<=32k,kp<=4k,0.2993,1
64,n<=4,sr<=70%,kvB<=32k,kp<=512,0.0973,1
64,n<=4,sr<=70%,kvB<=32k,kp<=8k,0.3058,1
64,n<=4,sr<=70%,kvB<=32k,kp=0,-0.0065,1
64,n<=4,sr<=70%,kvB<=4k,kp<=16k,-0.4767,2
64,n<=4,sr<=70%,kvB<=4k,kp<=1k,0.4408,2
64,n<=4,sr<=70%,kvB<=4k,kp<=2k,0.7193,2
64,n<=4,sr<=70%,kvB<=4k,kp<=4k,-0.3993,2
64,n<=4,sr<=70%,kvB<=4k,kp<=512,0.3222,2
64,n<=4,sr<=70%,kvB<=4k,kp<=8k,-0.4095,2
64,n<=4,sr<=70%,kvB<=4k,kp=0,0.2022,2
64,n<=4,sr>70%,kvB<=16k,kp<=16k,-0.6483,2
64,n<=4,sr>70%,kvB<=16k,kp<=1k,1.0469,2
64,n<=4,sr>70%,kvB<=16k,kp<=2k,1.0018,2
64,n<=4,sr>70%,kvB<=16k,kp<=4k,0.9965,2
64,n<=4,sr>70%,kvB<=16k,kp<=512,1.0597,2
64,n<=4,sr>70%,kvB<=16k,kp<=8k,1.0355,2
64,n<=4,sr>70%,kvB<=16k,kp=0,1.0104,2
64,n<=4,sr>70%,kvB<=1k,kp<=16k,-0.7165,2
64,n<=4,sr>70%,kvB<=1k,kp<=1k,-0.2079,2
64,n<=4,sr>70%,kvB<=1k,kp<=2k,-1.0596,2
64,n<=4,sr>70%,kvB<=1k,kp<=4k,-0.7241,2
64,n<=4,sr>70%,kvB<=1k,kp<=512,0.8997,2
64,n<=4,sr>70%,kvB<=1k,kp<=8k,-0.6123,2
64,n<=4,sr>70%,kvB<=1k,kp=0,0.8901,2
64,n<=4,sr>70%,kvB<=32k,kp<=16k,0.9719,1
64,n<=4,sr>70%,kvB<=32k,kp<=1k,1.0692,1
64,n<=4,sr>70%,kvB<=32k,kp<=2k,1.0602,1
64,n<=4,sr>70%,kvB<=32k,kp<=4k,1.0118,1
64,n<=4,sr>70%,kvB<=32k,kp<=512,1.0552,1
64,n<=4,sr>70%,kvB<=32k,kp<=8k,1.0433,1
64,n<=4,sr>70%,kvB<=32k,kp=0,1.0223,1
64,n<=4,sr>70%,kvB<=4k,kp<=16k,-1.0201,2
64,n<=4,sr>70%,kvB<=4k,kp<=1k,0.9129,2
64,n<=4,sr>70%,kvB<=4k,kp<=2k,0.8738,2
64,n<=4,sr>70%,kvB<=4k,kp<=4k,-0.7053,2
64,n<=4,sr>70%,kvB<=4k,kp<=512,0.8967,2
64,n<=4,sr>70%,kvB<=4k,kp<=8k,-0.8893,2
64,n<=4,sr>70%,kvB<=4k,kp=0,0.892,2
64,n<=64,sr<=15%,kvB<=16k,kp<=16k,0.0022,4
64,n<=64,sr<=15%,kvB<=16k,kp<=1k,0.0082,4
64,n<=64,sr<=15%,kvB<=16k,kp<=2k,0.0083,4
64,n<=64,sr<=15%,kvB<=16k,kp<=4k,0.0107,4
64,n<=64,sr<=15%,kvB<=16k,kp<=512,0.0095,4
64,n<=64,sr<=15%,kvB<=16k,kp<=8k,0.0071,4
64,n<=64,sr<=15%,kvB<=16k,kp=0,0.0119,4
64,n<=64,sr<=15%,kvB<=1k,kp<=16k,0.0119,4
64,n<=64,sr<=15%,kvB<=1k,kp<=1k,0.0177,4
64,n<=64,sr<=15%,kvB<=1k,kp<=2k,0.008,4
64,n<=64,sr<=15%,kvB<=1k,kp<=4k,0.0103,4
64,n<=64,sr<=15%,kvB<=1k,kp<=512,0.0222,4
64,n<=64,sr<=15%,kvB<=1k,kp<=8k,0.0111,4
64,n<=64,sr<=15%,kvB<=1k,kp=0,0.0256,4
64,n<=64,sr<=15%,kvB<=32k,kp<=16k,0.0068,2
64,n<=64,sr<=15%,kvB<=32k,kp<=1k,0.0085,2
64,n<=64,sr<=15%,kvB<=32k,kp<=2k,0.0075,2
64,n<=64,sr<=15%,kvB<=32k,kp<=4k,0.0079,2
64,n<=64,sr<=15%,kvB<=32k,kp<=512,0.0089,2
64,n<=64,sr<=15%,kvB<=32k,kp<=8k,0.0077,2
64,n<=64,sr<=15%,kvB<=32k,kp=0,0.0068,2
64,n<=64,sr<=15%,kvB<=4k,kp<=16k,0.0087,4
64,n<=64,sr<=15%,kvB<=4k,kp<=1k,0.0169,4
64,n<=64,sr<=15%,kvB<=4k,kp<=2k,0.0132,4
64,n<=64,sr<=15%,kvB<=4k,kp<=4k,0.0059,4
64,n<=64,sr<=15%,kvB<=4k,kp<=512,0.0153,4
64,n<=64,sr<=15%,kvB<=4k,kp<=8k,0.005,4
64,n<=64,sr<=15%,kvB<=4k,kp=0,0.0187,4
64,n<=64,sr<=40%,kvB<=16k,kp<=16k,0.0001,2
64,n<=64,sr<=40%,kvB<=16k,kp<=1k,0.0019,2
64,n<=64,sr<=40%,kvB<=16k,kp<=2k,0.0028,2
64,n<=64,sr<=40%,kvB<=16k,kp<=4k,0.0051,2
64,n<=64,sr<=40%,kvB<=16k,kp<=512,0.0018,2
64,n<=64,sr<=40%,kvB<=16k,kp<=8k,0.005,2
64,n<=64,sr<=40%,kvB<=16k,kp=0,0.0046,2
64,n<=64,sr<=40%,kvB<=1k,kp<=16k,0.0018,2
64,n<=64,sr<=40%,kvB<=1k,kp<=1k,-0.0038,2
64,n<=64,sr<=40%,kvB<=1k,kp<=2k,0.001,2
64,n<=64,sr<=40%,kvB<=1k,kp<=4k,-0.0024,2
64,n<=64,sr<=40%,kvB<=1k,kp<=512,0.0127,2
64,n<=64,sr<=40%,kvB<=1k,kp<=8k,0.0042,2
64,n<=64,sr<=40%,kvB<=1k,kp=0,0.0183,2
64,n<=64,sr<=40%,kvB<=32k,kp<=16k,-0.0039,1
64,n<=64,sr<=40%,kvB<=32k,kp<=1k,-0.0011,1
64,n<=64,sr<=40%,kvB<=32k,kp<=2k,-0.004,1
64,n<=64,sr<=40%,kvB<=32k,kp<=4k,-0.0041,1
64,n<=64,sr<=40%,kvB<=32k,kp<=512,-0.003,1
64,n<=64,sr<=40%,kvB<=32k,kp<=8k,-0.0017,1
64,n<=64,sr<=40%,kvB<=32k,kp=0,-0.0041,1
64,n<=64,sr<=40%,kvB<=4k,kp<=16k,0.0059,2
64,n<=64,sr<=40%,kvB<=4k,kp<=1k,0.0165,2
64,n<=64,sr<=40%,kvB<=4k,kp<=2k,0.018,2
64,n<=64,sr<=40%,kvB<=4k,kp<=4k,0.0093,2
64,n<=64,sr<=40%,kvB<=4k,kp<=512,0.0137,2
64,n<=64,sr<=40%,kvB<=4k,kp<=8k,0.0037,2
64,n<=64,sr<=40%,kvB<=4k,kp=0,0.0223,2
64,n<=64,sr<=5%,kvB<=16k,kp<=16k,0.0012,6
64,n<=64,sr<=5%,kvB<=16k,kp<=1k,0.0097,6
64,n<=64,sr<=5%,kvB<=16k,kp<=2k,0.0116,6
64,n<=64,sr<=5%,kvB<=16k,kp<=4k,0.0098,6
64,n<=64,sr<=5%,kvB<=16k,kp<=512,0.0102,6
64,n<=64,sr<=5%,kvB<=16k,kp<=8k,0.0082,6
64,n<=64,sr<=5%,kvB<=16k,kp=0,0.0102,6
64,n<=64,sr<=5%,kvB<=1k,kp<=16k,0.0007,6
64,n<=64,sr<=5%,kvB<=1k,kp<=1k,0.0049,6
64,n<=64,sr<=5%,kvB<=1k,kp<=2k,0.0041,6
64,n<=64,sr<=5%,kvB<=1k,kp<=4k,0.0055,6
64,n<=64,sr<=5%,kvB<=1k,kp<=512,0.0147,6
64,n<=64,sr<=5%,kvB<=1k,kp<=8k,0.007,6
64,n<=64,sr<=5%,kvB<=1k,kp=0,0.0139,6
64,n<=64,sr<=5%,kvB<=32k,kp<=16k,0.0087,3
64,n<=64,sr<=5%,kvB<=32k,kp<=1k,0.0111,3
64,n<=64,sr<=5%,kvB<=32k,kp<=2k,0.0093,3
64,n<=64,sr<=5%,kvB<=32k,kp<=4k,0.0103,3
64,n<=64,sr<=5%,kvB<=32k,kp<=512,0.0101,3
64,n<=64,sr<=5%,kvB<=32k,kp<=8k,0.01,3
64,n<=64,sr<=5%,kvB<=32k,kp=0,0.0093,3
64,n<=64,sr<=5%,kvB<=4k,kp<=16k,0.006,6
64,n<=64,sr<=5%,kvB<=4k,kp<=1k,0.0156,6
64,n<=64,sr<=5%,kvB<=4k,kp<=2k,0.0103,6
64,n<=64,sr<=5%,kvB<=4k,kp<=4k,0.0031,6
64,n<=64,sr<=5%,kvB<=4k,kp<=512,0.0126,6
64,n<=64,sr<=5%,kvB<=4k,kp<=8k,0.0035,6
64,n<=64,sr<=5%,kvB<=4k,kp=0,0.0167,6
64,n<=64,sr<=70%,kvB<=16k,kp<=16k,0.0009,2
64,n<=64,sr<=70%,kvB<=16k,kp<=1k,0.001,2
64,n<=64,sr<=70%,kvB<=16k,kp<=2k,0.0063,2
64,n<=64,sr<=70%,kvB<=16k,kp<=4k,0.0023,2
64,n<=64,sr<=70%,kvB<=16k,kp<=512,0.0019,2
64,n<=64,sr<=70%,kvB<=16k,kp<=8k,0.0027,2
64,n<=64,sr<=70%,kvB<=16k,kp=0,0.0124,2
64,n<=64,sr<=70%,kvB<=1k,kp<=16k,0.0053,2
64,n<=64,sr<=70%,kvB<=1k,kp<=1k,0.0246,2
64,n<=64,sr<=70%,kvB<=1k,kp<=2k,0.0317,2
64,n<=64,sr<=70%,kvB<=1k,kp<=4k,0.0383,2
64,n<=64,sr<=70%,kvB<=1k,kp<=512,0.0547,2
64,n<=64,sr<=70%,kvB<=1k,kp<=8k,0.0052,2
64,n<=64,sr<=70%,kvB<=1k,kp=0,0.0636,2
64,n<=64,sr<=70%,kvB<=32k,kp<=16k,-0.0066,1
64,n<=64,sr<=70%,kvB<=32k,kp<=1k,-0.0075,1
64,n<=64,sr<=70%,kvB<=32k,kp<=2k,-0.0072,1
64,n<=64,sr<=70%,kvB<=32k,kp<=4k,-0.0072,1
64,n<=64,sr<=70%,kvB<=32k,kp<=512,-0.0072,1
64,n<=64,sr<=70%,kvB<=32k,kp<=8k,-0.0044,1
64,n<=64,sr<=70%,kvB<=32k,kp=0,-0.0088,1
64,n<=64,sr<=70%,kvB<=4k,kp<=16k,0.0268,2
64,n<=64,sr<=70%,kvB<=4k,kp<=1k,0.0261,2
64,n<=64,sr<=70%,kvB<=4k,kp<=2k,0.0299,2
64,n<=64,sr<=70%,kvB<=4k,kp<=4k,0.0252,2
64,n<=64,sr<=70%,kvB<=4k,kp<=512,0.0231,2
64,n<=64,sr<=70%,kvB<=4k,kp<=8k,0.0205,2
64,n<=64,sr<=70%,kvB<=4k,kp=0,0.0352,2
64,n<=64,sr>70%,kvB<=16k,kp<=16k,0.0333,4
64,n<=64,sr>70%,kvB<=16k,kp<=1k,0.018,4
64,n<=64,sr>70%,kvB<=16k,kp<=2k,0.0213,4
64,n<=64,sr>70%,kvB<=16k,kp<=4k,0.0286,4
64,n<=64,sr>70%,kvB<=16k,kp<=512,0.0127,4
64,n<=64,sr>70%,kvB<=16k,kp<=8k,0.0232,4
64,n<=64,sr>70%,kvB<=16k,kp=0,0.0358,4
64,n<=64,sr>70%,kvB<=1k,kp<=16k,0.153,4
64,n<=64,sr>70%,kvB<=1k,kp<=1k,0.1868,4
64,n<=64,sr>70%,kvB<=1k,kp<=2k,0.1603,4
64,n<=64,sr>70%,kvB<=1k,kp<=4k,0.1103,4
64,n<=64,sr>70%,kvB<=1k,kp<=512,0.1735,4
64,n<=64,sr>70%,kvB<=1k,kp<=8k,0.1303,4
64,n<=64,sr>70%,kvB<=1k,kp=0,0.2134,4
64,n<=64,sr>70%,kvB<=32k,kp<=16k,0.0087,2
64,n<=64,sr>70%,kvB<=32k,kp<=1k,0.0072,2
64,n<=64,sr>70%,kvB<=32k,kp<=2k,0.0041,2
64,n<=64,sr>70%,kvB<=32k,kp<=4k,0.0048,2
64,n<=64,sr>70%,kvB<=32k,kp<=512,0.0044,2
64,n<=64,sr>70%,kvB<=32k,kp<=8k,0.0057,2
64,n<=64,sr>70%,kvB<=32k,kp=0,0.004,2
64,n<=64,sr>70%,kvB<=4k,kp<=16k,0.076,4
64,n<=64,sr>70%,kvB<=4k,kp<=1k,0.063,4
64,n<=64,sr>70%,kvB<=4k,kp<=2k,0.0801,4
64,n<=64,sr>70%,kvB<=4k,kp<=4k,0.0656,4
64,n<=64,sr>70%,kvB<=4k,kp<=512,0.0627,4
64,n<=64,sr>70%,kvB<=4k,kp<=8k,0.0796,4
64,n<=64,sr>70%,kvB<=4k,kp=0,0.0851,4
64,n<=8,sr<=15%,kvB<=16k,kp<=16k,0.0026,2
64,n<=8,sr<=15%,kvB<=16k,kp<=1k,0.1036,2
64,n<=8,sr<=15%,kvB<=16k,kp<=2k,0.1182,2
64,n<=8,sr<=15%,kvB<=16k,kp<=4k,0.0956,2
64,n<=8,sr<=15%,kvB<=16k,kp<=512,0.1011,2
64,n<=8,sr<=15%,kvB<=16k,kp<=8k,0.1024,2
64,n<=8,sr<=15%,kvB<=16k,kp=0,0.1219,2
64,n<=8,sr<=15%,kvB<=1k,kp<=16k,0.1442,2
64,n<=8,sr<=15%,kvB<=1k,kp<=1k,0.1103,2
64,n<=8,sr<=15%,kvB<=1k,kp<=2k,0.1425,2
64,n<=8,sr<=15%,kvB<=1k,kp<=4k,0.1285,2
64,n<=8,sr<=15%,kvB<=1k,kp<=512,0.199,2
64,n<=8,sr<=15%,kvB<=1k,kp<=8k,0.1213,2
64,n<=8,sr<=15%,kvB<=1k,kp=0,0.2183,2
64,n<=8,sr<=15%,kvB<=32k,kp<=16k,0.1332,1
64,n<=8,sr<=15%,kvB<=32k,kp<=1k,0.097,1
64,n<=8,sr<=15%,kvB<=32k,kp<=2k,0.131,1
64,n<=8,sr<=15%,kvB<=32k,kp<=4k,0.1192,1
64,n<=8,sr<=15%,kvB<=32k,kp<=512,0.0952,1
64,n<=8,sr<=15%,kvB<=32k,kp<=8k,0.1011,1
64,n<=8,sr<=15%,kvB<=32k,kp=0,0.1009,1
64,n<=8,sr<=15%,kvB<=4k,kp<=16k,0.0591,2
64,n<=8,sr<=15%,kvB<=4k,kp<=1k,0.1438,2
64,n<=8,sr<=15%,kvB<=4k,kp<=2k,0.1443,2
64,n<=8,sr<=15%,kvB<=4k,kp<=4k,0.0184,2
64,n<=8,sr<=15%,kvB<=4k,kp<=512,0.1248,2
64,n<=8,sr<=15%,kvB<=4k,kp<=8k,0.0629,2
64,n<=8,sr<=15%,kvB<=4k,kp=0,0.1367,2
64,n<=8,sr<=40%,kvB<=16k,kp<=16k,-0.0072,4
64,n<=8,sr<=40%,kvB<=16k,kp<=1k,0.0903,4
64,n<=8,sr<=40%,kvB<=16k,kp<=2k,0.0824,4
64,n<=8,sr<=40%,kvB<=16k,kp<=4k,0.0381,4
64,n<=8,sr<=40%,kvB<=16k,kp<=512,0.08,4
64,n<=8,sr<=40%,kvB<=16k,kp<=8k,0.1683,4
64,n<=8,sr<=40%,kvB<=16k,kp=0,0.0856,4
64,n<=8,sr<=40%,kvB<=1k,kp<=16k,0.148,4
64,n<=8,sr<=40%,kvB<=1k,kp<=1k,0.0106,4
64,n<=8,sr<=40%,kvB<=1k,kp<=2k,0.1564,4
64,n<=8,sr<=40%,kvB<=1k,kp<=4k,0.1689,4
64,n<=8,sr<=40%,kvB<=1k,kp<=512,0.1881,4
64,n<=8,sr<=40%,kvB<=1k,kp<=8k,0.1768,4
64,n<=8,sr<=40%,kvB<=1k,kp=0,0.1571,4
64,n<=8,sr<=40%,kvB<=32k,kp<=16k,0.2078,2
64,n<=8,sr<=40%,kvB<=32k,kp<=1k,0.1014,2
64,n<=8,sr<=40%,kvB<=32k,kp<=2k,0.1267,2
64,n<=8,sr<=40%,kvB<=32k,kp<=4k,0.1175,2
64,n<=8,sr<=40%,kvB<=32k,kp<=512,0.1244,2
64,n<=8,sr<=40%,kvB<=32k,kp<=8k,0.0319,2
64,n<=8,sr<=40%,kvB<=32k,kp=0,0.1086,2
64,n<=8,sr<=40%,kvB<=4k,kp<=16k,0.1895,4
64,n<=8,sr<=40%,kvB<=4k,kp<=1k,0.1082,4
64,n<=8,sr<=40%,kvB<=4k,kp<=2k,0.1665,4
64,n<=8,sr<=40%,kvB<=4k,kp<=4k,0.0393,4
64,n<=8,sr<=40%,kvB<=4k,kp<=512,0.0681,4
64,n<=8,sr<=40%,kvB<=4k,kp<=8k,0.2302,4
64,n<=8,sr<=40%,kvB<=4k,kp=0,0.0919,4
64,n<=8,sr<=70%,kvB<=16k,kp<=16k,0.2292,2
64,n<=8,sr<=70%,kvB<=16k,kp<=1k,0.1366,2
64,n<=8,sr<=70%,kvB<=16k,kp<=2k,0.1368,2
64,n<=8,sr<=70%,kvB<=16k,kp<=4k,0.0024,2
64,n<=8,sr<=70%,kvB<=16k,kp<=512,0.1207,2
64,n<=8,sr<=70%,kvB<=16k,kp<=8k,0.188,2
64,n<=8,sr<=70%,kvB<=16k,kp=0,0.0257,2
64,n<=8,sr<=70%,kvB<=1k,kp<=16k,0.1637,2
64,n<=8,sr<=70%,kvB<=1k,kp<=1k,0.0099,2
64,n<=8,sr<=70%,kvB<=1k,kp<=2k,0.1468,2
64,n<=8,sr<=70%,kvB<=1k,kp<=4k,0.2372,2
64,n<=8,sr<=70%,kvB<=1k,kp<=512,0.1244,2
64,n<=8,sr<=70%,kvB<=1k,kp<=8k,0.2291,2
64,n<=8,sr<=70%,kvB<=1k,kp=0,0.0443,2
64,n<=8,sr<=70%,kvB<=32k,kp<=16k,0.2542,1
64,n<=8,sr<=70%,kvB<=32k,kp<=1k,0.1082,1
64,n<=8,sr<=70%,kvB<=32k,kp<=2k,0.177,1
64,n<=8,sr<=70%,kvB<=32k,kp<=4k,0.1405,1
64,n<=8,sr<=70%,kvB<=32k,kp<=512,0.1792,1
64,n<=8,sr<=70%,kvB<=32k,kp<=8k,0.0535,1
64,n<=8,sr<=70%,kvB<=32k,kp=0,0.0634,1
64,n<=8,sr<=70%,kvB<=4k,kp<=16k,0.2399,2
64,n<=8,sr<=70%,kvB<=4k,kp<=1k,0.1094,2
64,n<=8,sr<=70%,kvB<=4k,kp<=2k,0.2627,2
64,n<=8,sr<=70%,kvB<=4k,kp<=4k,0.1328,2
64,n<=8,sr<=70%,kvB<=4k,kp<=512,0.0457,2
64,n<=8,sr<=70%,kvB<=4k,kp<=8k,0.1966,2
64,n<=8,sr<=70%,kvB<=4k,kp=0,0.0578,2
64,n<=8,sr>70%,kvB<=16k,kp<=16k,0.4432,3
64,n<=8,sr>70%,kvB<=16k,kp<=1k,0.164,4
64,n<=8,sr>70%,kvB<=16k,kp<=2k,-0.0135,4
64,n<=8,sr>70%,kvB<=16k,kp<=4k,-0.207,4
64,n<=8,sr>70%,kvB<=16k,kp<=512,0.0698,4
64,n<=8,sr>70%,kvB<=16k,kp<=8k,0.4497,4
64,n<=8,sr>70%,kvB<=16k,kp=0,-0.0063,4
64,n<=8,sr>70%,kvB<=1k,kp<=16k,0.726,4
64,n<=8,sr>70%,kvB<=1k,kp<=1k,0.077,4
64,n<=8,sr>70%,kvB<=1k,kp<=2k,0.5455,4
64,n<=8,sr>70%,kvB<=1k,kp<=4k,0.6953,4
64,n<=8,sr>70%,kvB<=1k,kp<=512,0.1814,4
64,n<=8,sr>70%,kvB<=1k,kp<=8k,0.6323,4
64,n<=8,sr>70%,kvB<=1k,kp=0,-0.1378,4
64,n<=8,sr>70%,kvB<=32k,kp<=16k,0.2911,2
64,n<=8,sr>70%,kvB<=32k,kp<=1k,0.1371,2
64,n<=8,sr>70%,kvB<=32k,kp<=2k,0.1272,2
64,n<=8,sr>70%,kvB<=32k,kp<=4k,0.0604,2
64,n<=8,sr>70%,kvB<=32k,kp<=512,0.1435,2
64,n<=8,sr>70%,kvB<=32k,kp<=8k,-0.3087,2
64,n<=8,sr>70%,kvB<=32k,kp=0,0.0157,2
64,n<=8,sr>70%,kvB<=4k,kp<=16k,1.8027,4
64,n<=8,sr>70%,kvB<=4k,kp<=1k,-0.1697,4
64,n<=8,sr>70%,kvB<=4k,kp<=2k,0.3828,4
64,n<=8,sr>70%,kvB<=4k,kp<=4k,0.7757,4
64,n<=8,sr>70%,kvB<=4k,kp<=512,-0.2669,4
64,n<=8,sr>70%,kvB<=4k,kp<=8k,1.4196,4
64,n<=8,sr>70%,kvB<=4k,kp=0,-0.1058,4
128,n<=128,sr<=15%,kvB<=16k,kp<=16k,0.0003,4
128,n<=128,sr<=15%,kvB<=16k,kp<=1k,0.0021,4
128,n<=128,sr<=15%,kvB<=16k,kp<=2k,0.0022,4
128,n<=128,sr<=15%,kvB<=16k,kp<=4k,0.0022,4
128,n<=128,sr<=15%,kvB<=16k,kp<=512,0.0022,4
128,n<=128,sr<=15%,kvB<=16k,kp<=8k,0.0017,4
128,n<=128,sr<=15%,kvB<=16k,kp=0,0.002,4
128,n<=128,sr<=15%,kvB<=1k,kp<=16k,0.0078,4
128,n<=128,sr<=15%,kvB<=1k,kp<=1k,0.0052,4
128,n<=128,sr<=15%,kvB<=1k,kp<=2k,0.0036,4
128,n<=128,sr<=15%,kvB<=1k,kp<=4k,0.0036,4
128,n<=128,sr<=15%,kvB<=1k,kp<=512,0.0052,4
128,n<=128,sr<=15%,kvB<=1k,kp<=8k,0.0079,4
128,n<=128,sr<=15%,kvB<=1k,kp=0,0.0049,4
128,n<=128,sr<=15%,kvB<=32k,kp<=16k,0.0016,2
128,n<=128,sr<=15%,kvB<=32k,kp<=1k,0.0021,2
128,n<=128,sr<=15%,kvB<=32k,kp<=2k,0.0021,2
128,n<=128,sr<=15%,kvB<=32k,kp<=4k,0.0018,2
128,n<=128,sr<=15%,kvB<=32k,kp<=512,0.0023,2
128,n<=128,sr<=15%,kvB<=32k,kp<=8k,0.0021,2
128,n<=128,sr<=15%,kvB<=32k,kp=0,0.0025,2
128,n<=128,sr<=15%,kvB<=4k,kp<=16k,-0.0008,4
128,n<=128,sr<=15%,kvB<=4k,kp<=1k,0.0021,4
128,n<=128,sr<=15%,kvB<=4k,kp<=2k,0.0016,4
128,n<=128,sr<=15%,kvB<=4k,kp<=4k,0.001,4
128,n<=128,sr<=15%,kvB<=4k,kp<=512,0.0023,4
128,n<=128,sr<=15%,kvB<=4k,kp<=8k,-0.0006,4
128,n<=128,sr<=15%,kvB<=4k,kp=0,0.0019,4
128,n<=128,sr<=40%,kvB<=16k,kp<=16k,0.0,2
128,n<=128,sr<=40%,kvB<=16k,kp<=1k,0.0003,2
128,n<=128,sr<=40%,kvB<=16k,kp<=2k,0.0004,2
128,n<=128,sr<=40%,kvB<=16k,kp<=4k,0.0006,2
128,n<=128,sr<=40%,kvB<=16k,kp<=512,0.001,2
128,n<=128,sr<=40%,kvB<=16k,kp<=8k,0.0004,2
128,n<=128,sr<=40%,kvB<=16k,kp=0,0.0007,2
128,n<=128,sr<=40%,kvB<=1k,kp<=16k,0.0182,2
128,n<=128,sr<=40%,kvB<=1k,kp<=1k,0.0038,2
128,n<=128,sr<=40%,kvB<=1k,kp<=2k,0.0043,2
128,n<=128,sr<=40%,kvB<=1k,kp<=4k,0.0063,2
128,n<=128,sr<=40%,kvB<=1k,kp<=512,0.0033,2
128,n<=128,sr<=40%,kvB<=1k,kp<=8k,0.004,2
128,n<=128,sr<=40%,kvB<=1k,kp=0,0.0045,2
128,n<=128,sr<=40%,kvB<=32k,kp<=16k,0.0007,1
128,n<=128,sr<=40%,kvB<=32k,kp<=1k,0.0003,1
128,n<=128,sr<=40%,kvB<=32k,kp<=2k,0.0004,1
128,n<=128,sr<=40%,kvB<=32k,kp<=4k,0.0002,1
128,n<=128,sr<=40%,kvB<=32k,kp<=512,0.0007,1
128,n<=128,sr<=40%,kvB<=32k,kp<=8k,-0.0,1
128,n<=128,sr<=40%,kvB<=32k,kp=0,0.0003,1
128,n<=128,sr<=40%,kvB<=4k,kp<=16k,-0.0003,2
128,n<=128,sr<=40%,kvB<=4k,kp<=1k,0.0,2
128,n<=128,sr<=40%,kvB<=4k,kp<=2k,0.0001,2
128,n<=128,sr<=40%,kvB<=4k,kp<=4k,0.0001,2
128,n<=128,sr<=40%,kvB<=4k,kp<=512,0.0002,2
128,n<=128,sr<=40%,kvB<=4k,kp<=8k,0.0,2
128,n<=128,sr<=40%,kvB<=4k,kp=0,0.0007,2
128,n<=128,sr<=5%,kvB<=16k,kp<=16k,0.0003,8
128,n<=128,sr<=5%,kvB<=16k,kp<=1k,0.0034,8
128,n<=128,sr<=5%,kvB<=16k,kp<=2k,0.0035,8
128,n<=128,sr<=5%,kvB<=16k,kp<=4k,0.0033,8
128,n<=128,sr<=5%,kvB<=16k,kp<=512,0.0033,8
128,n<=128,sr<=5%,kvB<=16k,kp<=8k,0.0028,8
128,n<=128,sr<=5%,kvB<=16k,kp=0,0.0034,8
128,n<=128,sr<=5%,kvB<=1k,kp<=16k,-0.001,8
128,n<=128,sr<=5%,kvB<=1k,kp<=1k,-0.0003,8
128,n<=128,sr<=5%,kvB<=1k,kp<=2k,-0.0012,8
128,n<=128,sr<=5%,kvB<=1k,kp<=4k,-0.0007,8
128,n<=128,sr<=5%,kvB<=1k,kp<=512,-0.0006,8
128,n<=128,sr<=5%,kvB<=1k,kp<=8k,-0.0002,8
128,n<=128,sr<=5%,kvB<=1k,kp=0,0.0005,8
128,n<=128,sr<=5%,kvB<=32k,kp<=16k,0.0031,4
128,n<=128,sr<=5%,kvB<=32k,kp<=1k,0.0035,4
128,n<=128,sr<=5%,kvB<=32k,kp<=2k,0.0033,4
128,n<=128,sr<=5%,kvB<=32k,kp<=4k,0.0034,4
128,n<=128,sr<=5%,kvB<=32k,kp<=512,0.0036,4
128,n<=128,sr<=5%,kvB<=32k,kp<=8k,0.0038,4
128,n<=128,sr<=5%,kvB<=32k,kp=0,0.0036,4
128,n<=128,sr<=5%,kvB<=4k,kp<=16k,0.0005,8
128,n<=128,sr<=5%,kvB<=4k,kp<=1k,0.0036,8
128,n<=128,sr<=5%,kvB<=4k,kp<=2k,0.003,8
128,n<=128,sr<=5%,kvB<=4k,kp<=4k,0.001,8
128,n<=128,sr<=5%,kvB<=4k,kp<=512,0.0034,8
128,n<=128,sr<=5%,kvB<=4k,kp<=8k,0.0006,8
128,n<=128,sr<=5%,kvB<=4k,kp=0,0.0034,8
128,n<=128,sr<=70%,kvB<=16k,kp<=16k,-0.0005,2
128,n<=128,sr<=70%,kvB<=16k,kp<=1k,-0.0014,2
128,n<=128,sr<=70%,kvB<=16k,kp<=2k,-0.0013,2
128,n<=128,sr<=70%,kvB<=16k,kp<=4k,-0.0015,2
128,n<=128,sr<=70%,kvB<=16k,kp<=512,-0.001,2
128,n<=128,sr<=70%,kvB<=16k,kp<=8k,-0.0007,2
128,n<=128,sr<=70%,kvB<=16k,kp=0,-0.0007,2
128,n<=128,sr<=70%,kvB<=1k,kp<=16k,0.008,2
128,n<=128,sr<=70%,kvB<=1k,kp<=1k,0.0,2
128,n<=128,sr<=70%,kvB<=1k,kp<=2k,0.0076,2
128,n<=128,sr<=70%,kvB<=1k,kp<=4k,0.0118,2
128,n<=128,sr<=70%,kvB<=1k,kp<=512,-0.0026,2
128,n<=128,sr<=70%,kvB<=1k,kp<=8k,0.0025,2
128,n<=128,sr<=70%,kvB<=1k,kp=0,0.0011,2
128,n<=128,sr<=70%,kvB<=32k,kp<=16k,-0.0011,1
128,n<=128,sr<=70%,kvB<=32k,kp<=1k,-0.0005,1
128,n<=128,sr<=70%,kvB<=32k,kp<=2k,-0.001,1
128,n<=128,sr<=70%,kvB<=32k,kp<=4k,-0.0016,1
128,n<=128,sr<=70%,kvB<=32k,kp<=512,-0.0004,1
128,n<=128,sr<=70%,kvB<=32k,kp<=8k,-0.0029,1
128,n<=128,sr<=70%,kvB<=32k,kp=0,-0.0006,1
128,n<=128,sr<=70%,kvB<=4k,kp<=16k,0.0041,2
128,n<=128,sr<=70%,kvB<=4k,kp<=1k,-0.0007,2
128,n<=128,sr<=70%,kvB<=4k,kp<=2k,-0.0019,2
128,n<=128,sr<=70%,kvB<=4k,kp<=4k,0.0003,2
128,n<=128,sr<=70%,kvB<=4k,kp<=512,-0.0014,2
128,n<=128,sr<=70%,kvB<=4k,kp<=8k,0.0052,2
128,n<=128,sr<=70%,kvB<=4k,kp=0,-0.0022,2
128,n<=128,sr>70%,kvB<=16k,kp<=16k,0.0045,4
128,n<=128,sr>70%,kvB<=16k,kp<=1k,0.004,4
128,n<=128,sr>70%,kvB<=16k,kp<=2k,0.0033,4
128,n<=128,sr>70%,kvB<=16k,kp<=4k,0.001,4
128,n<=128,sr>70%,kvB<=16k,kp<=512,0.0038,4
128,n<=128,sr>70%,kvB<=16k,kp<=8k,0.0027,4
128,n<=128,sr>70%,kvB<=16k,kp=0,0.0058,4
128,n<=128,sr>70%,kvB<=1k,kp<=16k,0.0183,4
128,n<=128,sr>70%,kvB<=1k,kp<=1k,0.0105,4
128,n<=128,sr>70%,kvB<=1k,kp<=2k,0.0121,4
128,n<=128,sr>70%,kvB<=1k,kp<=4k,0.0151,4
128,n<=128,sr>70%,kvB<=1k,kp<=512,0.0125,4
128,n<=128,sr>70%,kvB<=1k,kp<=8k,0.0102,4
128,n<=128,sr>70%,kvB<=1k,kp=0,0.0074,4
128,n<=128,sr>70%,kvB<=32k,kp<=16k,0.0041,2
128,n<=128,sr>70%,kvB<=32k,kp<=1k,0.008,2
128,n<=128,sr>70%,kvB<=32k,kp<=2k,0.0069,2
128,n<=128,sr>70%,kvB<=32k,kp<=4k,0.006,2
128,n<=128,sr>70%,kvB<=32k,kp<=512,0.0079,2
128,n<=128,sr>70%,kvB<=32k,kp<=8k,0.0031,2
128,n<=128,sr>70%,kvB<=32k,kp=0,0.0076,2
128,n<=128,sr>70%,kvB<=4k,kp<=16k,0.0041,4
128,n<=128,sr>70%,kvB<=4k,kp<=1k,0.0028,4
128,n<=128,sr>70%,kvB<=4k,kp<=2k,0.0028,4
128,n<=128,sr>70%,kvB<=4k,kp<=4k,0.0043,4
128,n<=128,sr>70%,kvB<=4k,kp<=512,0.001,4
128,n<=128,sr>70%,kvB<=4k,kp<=8k,0.0022,4
128,n<=128,sr>70%,kvB<=4k,kp=0,0.0033,4
128,n<=16,sr<=15%,kvB<=16k,kp<=16k,0.056,4
128,n<=16,sr<=15%,kvB<=16k,kp<=1k,0.0713,4
128,n<=16,sr<=15%,kvB<=16k,kp<=2k,0.0652,4
128,n<=16,sr<=15%,kvB<=16k,kp<=4k,-0.0142,4
128,n<=16,sr<=15%,kvB<=16k,kp<=512,0.0672,4
128,n<=16,sr<=15%,kvB<=16k,kp<=8k,-0.0414,4
128,n<=16,sr<=15%,kvB<=16k,kp=0,0.0686,4
128,n<=16,sr<=15%,kvB<=1k,kp<=16k,0.0769,4
128,n<=16,sr<=15%,kvB<=1k,kp<=1k,0.0631,4
128,n<=16,sr<=15%,kvB<=1k,kp<=2k,0.0681,4
128,n<=16,sr<=15%,kvB<=1k,kp<=4k,0.0773,4
128,n<=16,sr<=15%,kvB<=1k,kp<=512,0.1281,4
128,n<=16,sr<=15%,kvB<=1k,kp<=8k,0.0902,4
128,n<=16,sr<=15%,kvB<=1k,kp=0,0.1522,4
128,n<=16,sr<=15%,kvB<=32k,kp<=16k,-0.028,2
128,n<=16,sr<=15%,kvB<=32k,kp<=1k,0.056,2
128,n<=16,sr<=15%,kvB<=32k,kp<=2k,0.0666,2
128,n<=16,sr<=15%,kvB<=32k,kp<=4k,0.0672,2
128,n<=16,sr<=15%,kvB<=32k,kp<=512,0.0609,2
128,n<=16,sr<=15%,kvB<=32k,kp<=8k,0.0389,2
128,n<=16,sr<=15%,kvB<=32k,kp=0,0.089,2
128,n<=16,sr<=15%,kvB<=4k,kp<=16k,0.0665,4
128,n<=16,sr<=15%,kvB<=4k,kp<=1k,0.0879,4
128,n<=16,sr<=15%,kvB<=4k,kp<=2k,0.0168,4
128,n<=16,sr<=15%,kvB<=4k,kp<=4k,0.0938,4
128,n<=16,sr<=15%,kvB<=4k,kp<=512,0.0864,4
128,n<=16,sr<=15%,kvB<=4k,kp<=8k,0.0396,4
128,n<=16,sr<=15%,kvB<=4k,kp=0,0.1051,4
128,n<=16,sr<=40%,kvB<=16k,kp<=16k,-0.0056,4
128,n<=16,sr<=40%,kvB<=16k,kp<=1k,0.0642,4
128,n<=16,sr<=40%,kvB<=16k,kp<=2k,0.0255,4
128,n<=16,sr<=40%,kvB<=16k,kp<=4k,-0.0202,4
128,n<=16,sr<=40%,kvB<=16k,kp<=512,0.0677,4
128,n<=16,sr<=40%,kvB<=16k,kp<=8k,-0.0052,4
128,n<=16,sr<=40%,kvB<=16k,kp=0,0.1217,4
128,n<=16,sr<=40%,kvB<=1k,kp<=16k,0.0609,4
128,n<=16,sr<=40%,kvB<=1k,kp<=1k,0.0498,4
128,n<=16,sr<=40%,kvB<=1k,kp<=2k,0.0446,4
128,n<=16,sr<=40%,kvB<=1k,kp<=4k,0.0653,4
128,n<=16,sr<=40%,kvB<=1k,kp<=512,0.1439,4
128,n<=16,sr<=40%,kvB<=1k,kp<=8k,0.0996,4
128,n<=16,sr<=40%,kvB<=1k,kp=0,0.139,4
128,n<=16,sr<=40%,kvB<=32k,kp<=16k,0.0139,2
128,n<=16,sr<=40%,kvB<=32k,kp<=1k,0.0612,2
128,n<=16,sr<=40%,kvB<=32k,kp<=2k,0.0522,2
128,n<=16,sr<=40%,kvB<=32k,kp<=4k,0.0546,2
128,n<=16,sr<=40%,kvB<=32k,kp<=512,0.0578,2
128,n<=16,sr<=40%,kvB<=32k,kp<=8k,-0.0279,2
128,n<=16,sr<=40%,kvB<=32k,kp=0,0.107,2
128,n<=16,sr<=40%,kvB<=4k,kp<=16k,0.1461,4
128,n<=16,sr<=40%,kvB<=4k,kp<=1k,0.123,4
128,n<=16,sr<=40%,kvB<=4k,kp<=2k,0.1203,4
128,n<=16,sr<=40%,kvB<=4k,kp<=4k,0.1511,4
128,n<=16,sr<=40%,kvB<=4k,kp<=512,0.0711,4
128,n<=16,sr<=40%,kvB<=4k,kp<=8k,0.1451,4
128,n<=16,sr<=40%,kvB<=4k,kp=0,0.1674,4
128,n<=16,sr<=70%,kvB<=16k,kp<=16k,0.1592,2
128,n<=16,sr<=70%,kvB<=16k,kp<=1k,0.1395,2
128,n<=16,sr<=70%,kvB<=16k,kp<=2k,0.1108,2
128,n<=16,sr<=70%,kvB<=16k,kp<=4k,0.1388,2
128,n<=16,sr<=70%,kvB<=16k,kp<=512,0.1722,2
128,n<=16,sr<=70%,kvB<=16k,kp<=8k,0.187,2
128,n<=16,sr<=70%,kvB<=16k,kp=0,0.3589,2
128,n<=16,sr<=70%,kvB<=1k,kp<=16k,0.1939,2
128,n<=16,sr<=70%,kvB<=1k,kp<=1k,0.0493,2
128,n<=16,sr<=70%,kvB<=1k,kp<=2k,0.0675,2
128,n<=16,sr<=70%,kvB<=1k,kp<=4k,0.1377,2
128,n<=16,sr<=70%,kvB<=1k,kp<=512,0.1535,2
128,n<=16,sr<=70%,kvB<=1k,kp<=8k,0.2123,2
128,n<=16,sr<=70%,kvB<=1k,kp=0,0.049,2
128,n<=16,sr<=70%,kvB<=32k,kp<=16k,0.1783,1
128,n<=16,sr<=70%,kvB<=32k,kp<=1k,0.0861,1
128,n<=16,sr<=70%,kvB<=32k,kp<=2k,0.1633,1
128,n<=16,sr<=70%,kvB<=32k,kp<=4k,0.1362,1
128,n<=16,sr<=70%,kvB<=32k,kp<=512,0.1056,1
128,n<=16,sr<=70%,kvB<=32k,kp<=8k,0.0236,1
128,n<=16,sr<=70%,kvB<=32k,kp=0,0.321,1
128,n<=16,sr<=70%,kvB<=4k,kp<=16k,0.6196,2
128,n<=16,sr<=70%,kvB<=4k,kp<=1k,0.2263,2
128,n<=16,sr<=70%,kvB<=4k,kp<=2k,0.384,2
128,n<=16,sr<=70%,kvB<=4k,kp<=4k,0.5433,2
128,n<=16,sr<=70%,kvB<=4k,kp<=512,0.1274,2
128,n<=16,sr<=70%,kvB<=4k,kp<=8k,0.6197,2
128,n<=16,sr<=70%,kvB<=4k,kp=0,0.5439,2
128,n<=16,sr>70%,kvB<=16k,kp<=16k,1.2872,4
128,n<=16,sr>70%,kvB<=16k,kp<=1k,0.4299,4
128,n<=16,sr>70%,kvB<=16k,kp<=2k,0.496,4
128,n<=16,sr>70%,kvB<=16k,kp<=4k,0.2658,4
128,n<=16,sr>70%,kvB<=16k,kp<=512,0.5772,4
128,n<=16,sr>70%,kvB<=16k,kp<=8k,0.5442,3
128,n<=16,sr>70%,kvB<=16k,kp=0,0.9844,4
128,n<=16,sr>70%,kvB<=1k,kp<=16k,0.6604,4
128,n<=16,sr>70%,kvB<=1k,kp<=1k,0.7402,4
128,n<=16,sr>70%,kvB<=1k,kp<=2k,0.611,4
128,n<=16,sr>70%,kvB<=1k,kp<=4k,0.5307,4
128,n<=16,sr>70%,kvB<=1k,kp<=512,0.8927,4
128,n<=16,sr>70%,kvB<=1k,kp<=8k,0.6835,4
128,n<=16,sr>70%,kvB<=1k,kp=0,0.2998,4
128,n<=16,sr>70%,kvB<=32k,kp<=16k,0.5001,2
128,n<=16,sr>70%,kvB<=32k,kp<=1k,0.3246,2
128,n<=16,sr>70%,kvB<=32k,kp<=2k,0.3248,2
128,n<=16,sr>70%,kvB<=32k,kp<=4k,0.3351,2
128,n<=16,sr>70%,kvB<=32k,kp<=512,0.4495,2
128,n<=16,sr>70%,kvB<=32k,kp<=8k,0.3389,2
128,n<=16,sr>70%,kvB<=32k,kp=0,0.8536,2
128,n<=16,sr>70%,kvB<=4k,kp<=16k,1.8999,3
128,n<=16,sr>70%,kvB<=4k,kp<=1k,0.6885,4
128,n<=16,sr>70%,kvB<=4k,kp<=2k,0.9598,4
128,n<=16,sr>70%,kvB<=4k,kp<=4k,4.7658,3
128,n<=16,sr>70%,kvB<=4k,kp<=512,0.6452,4
128,n<=16,sr>70%,kvB<=4k,kp<=8k,1.9306,3
128,n<=16,sr>70%,kvB<=4k,kp=0,1.8832,4
128,n<=2,sr<=70%,kvB<=16k,kp<=16k,0.9611,2
128,n<=2,sr<=70%,kvB<=16k,kp<=1k,0.8572,2
128,n<=2,sr<=70%,kvB<=16k,kp<=2k,0.7916,2
128,n<=2,sr<=70%,kvB<=16k,kp<=4k,0.3291,2
128,n<=2,sr<=70%,kvB<=16k,kp<=512,0.9716,2
128,n<=2,sr<=70%,kvB<=16k,kp<=8k,0.3543,2
128,n<=2,sr<=70%,kvB<=16k,kp=0,0.9793,2
128,n<=2,sr<=70%,kvB<=1k,kp<=16k,0.7285,2
128,n<=2,sr<=70%,kvB<=1k,kp<=1k,0.7356,2
128,n<=2,sr<=70%,kvB<=1k,kp<=2k,0.6633,2
128,n<=2,sr<=70%,kvB<=1k,kp<=4k,0.7218,2
128,n<=2,sr<=70%,kvB<=1k,kp<=512,0.4083,2
128,n<=2,sr<=70%,kvB<=1k,kp<=8k,0.7121,2
128,n<=2,sr<=70%,kvB<=1k,kp=0,0.7091,2
128,n<=2,sr<=70%,kvB<=32k,kp<=16k,0.3254,1
128,n<=2,sr<=70%,kvB<=32k,kp<=1k,0.9001,1
128,n<=2,sr<=70%,kvB<=32k,kp<=2k,0.9738,1
128,n<=2,sr<=70%,kvB<=32k,kp<=4k,0.9609,1
128,n<=2,sr<=70%,kvB<=32k,kp<=512,0.9808,1
128,n<=2,sr<=70%,kvB<=32k,kp<=8k,0.3487,1
128,n<=2,sr<=70%,kvB<=32k,kp=0,0.9924,1
128,n<=2,sr<=70%,kvB<=4k,kp<=16k,0.6774,2
128,n<=2,sr<=70%,kvB<=4k,kp<=1k,0.266,2
128,n<=2,sr<=70%,kvB<=4k,kp<=2k,0.3634,2
128,n<=2,sr<=70%,kvB<=4k,kp<=4k,0.8467,2
128,n<=2,sr<=70%,kvB<=4k,kp<=512,0.5949,2
128,n<=2,sr<=70%,kvB<=4k,kp<=8k,0.766,2
128,n<=2,sr<=70%,kvB<=4k,kp=0,0.9759,2
128,n<=32,sr<=15%,kvB<=16k,kp<=16k,0.0096,6
128,n<=32,sr<=15%,kvB<=16k,kp<=1k,0.0297,6
128,n<=32,sr<=15%,kvB<=16k,kp<=2k,0.0316,6
128,n<=32,sr<=15%,kvB<=16k,kp<=4k,0.0191,6
128,n<=32,sr<=15%,kvB<=16k,kp<=512,0.0296,6
128,n<=32,sr<=15%,kvB<=16k,kp<=8k,0.018,6
128,n<=32,sr<=15%,kvB<=16k,kp=0,0.0457,6
128,n<=32,sr<=15%,kvB<=1k,kp<=16k,0.0321,6
128,n<=32,sr<=15%,kvB<=1k,kp<=1k,0.0123,6
128,n<=32,sr<=15%,kvB<=1k,kp<=2k,-0.0037,6
128,n<=32,sr<=15%,kvB<=1k,kp<=4k,0.0112,6
128,n<=32,sr<=15%,kvB<=1k,kp<=512,0.0424,6
128,n<=32,sr<=15%,kvB<=1k,kp<=8k,0.0141,6
128,n<=32,sr<=15%,kvB<=1k,kp=0,0.0609,6
128,n<=32,sr<=15%,kvB<=32k,kp<=16k,0.0221,3
128,n<=32,sr<=15%,kvB<=32k,kp<=1k,0.0241,3
128,n<=32,sr<=15%,kvB<=32k,kp<=2k,0.0212,3
128,n<=32,sr<=15%,kvB<=32k,kp<=4k,0.0286,3
128,n<=32,sr<=15%,kvB<=32k,kp<=512,0.0226,3
128,n<=32,sr<=15%,kvB<=32k,kp<=8k,0.0206,3
128,n<=32,sr<=15%,kvB<=32k,kp=0,0.0334,3
128,n<=32,sr<=15%,kvB<=4k,kp<=16k,0.0228,6
128,n<=32,sr<=15%,kvB<=4k,kp<=1k,0.0676,6
128,n<=32,sr<=15%,kvB<=4k,kp<=2k,0.0596,6
128,n<=32,sr<=15%,kvB<=4k,kp<=4k,0.0637,6
128,n<=32,sr<=15%,kvB<=4k,kp<=512,0.072,6
128,n<=32,sr<=15%,kvB<=4k,kp<=8k,0.0302,6
128,n<=32,sr<=15%,kvB<=4k,kp=0,0.0877,6
128,n<=32,sr<=40%,kvB<=16k,kp<=16k,0.008,2
128,n<=32,sr<=40%,kvB<=16k,kp<=1k,0.0427,2
128,n<=32,sr<=40%,kvB<=16k,kp<=2k,0.0493,2
128,n<=32,sr<=40%,kvB<=16k,kp<=4k,0.0474,2
128,n<=32,sr<=40%,kvB<=16k,kp<=512,0.0439,2
128,n<=32,sr<=40%,kvB<=16k,kp<=8k,0.0332,2
128,n<=32,sr<=40%,kvB<=16k,kp=0,0.1008,2
128,n<=32,sr<=40%,kvB<=1k,kp<=16k,0.0902,2
128,n<=32,sr<=40%,kvB<=1k,kp<=1k,0.0796,2
128,n<=32,sr<=40%,kvB<=1k,kp<=2k,0.1628,2
128,n<=32,sr<=40%,kvB<=1k,kp<=4k,0.1335,2
128,n<=32,sr<=40%,kvB<=1k,kp<=512,0.0637,2
128,n<=32,sr<=40%,kvB<=1k,kp<=8k,0.1076,2
128,n<=32,sr<=40%,kvB<=1k,kp=0,0.0791,2
128,n<=32,sr<=40%,kvB<=32k,kp<=16k,0.0263,1
128,n<=32,sr<=40%,kvB<=32k,kp<=1k,0.039,1
128,n<=32,sr<=40%,kvB<=32k,kp<=2k,0.0281,1
128,n<=32,sr<=40%,kvB<=32k,kp<=4k,0.0285,1
128,n<=32,sr<=40%,kvB<=32k,kp<=512,0.0338,1
128,n<=32,sr<=40%,kvB<=32k,kp<=8k,0.0225,1
128,n<=32,sr<=40%,kvB<=32k,kp=0,0.0666,1
128,n<=32,sr<=40%,kvB<=4k,kp<=16k,0.0532,2
128,n<=32,sr<=40%,kvB<=4k,kp<=1k,0.146,2
128,n<=32,sr<=40%,kvB<=4k,kp<=2k,0.1889,2
128,n<=32,sr<=40%,kvB<=4k,kp<=4k,0.1488,2
128,n<=32,sr<=40%,kvB<=4k,kp<=512,0.1108,2
128,n<=32,sr<=40%,kvB<=4k,kp<=8k,0.1224,2
128,n<=32,sr<=40%,kvB<=4k,kp=0,0.2019,2
128,n<=32,sr<=5%,kvB<=16k,kp<=16k,-0.0099,2
128,n<=32,sr<=5%,kvB<=16k,kp<=1k,0.0307,2
128,n<=32,sr<=5%,kvB<=16k,kp<=2k,0.0273,2
128,n<=32,sr<=5%,kvB<=16k,kp<=4k,0.0125,2
128,n<=32,sr<=5%,kvB<=16k,kp<=512,0.0291,2
128,n<=32,sr<=5%,kvB<=16k,kp<=8k,0.0087,2
128,n<=32,sr<=5%,kvB<=16k,kp=0,0.0143,2
128,n<=32,sr<=5%,kvB<=1k,kp<=16k,0.0007,2
128,n<=32,sr<=5%,kvB<=1k,kp<=1k,0.0118,2
128,n<=32,sr<=5%,kvB<=1k,kp<=2k,-0.0175,2
128,n<=32,sr<=5%,kvB<=1k,kp<=4k,-0.0142,2
128,n<=32,sr<=5%,kvB<=1k,kp<=512,0.0309,2
128,n<=32,sr<=5%,kvB<=1k,kp<=8k,-0.0069,2
128,n<=32,sr<=5%,kvB<=1k,kp=0,0.0425,2
128,n<=32,sr<=5%,kvB<=32k,kp<=16k,0.0183,1
128,n<=32,sr<=5%,kvB<=32k,kp<=1k,0.0285,1
128,n<=32,sr<=5%,kvB<=32k,kp<=2k,0.027,1
128,n<=32,sr<=5%,kvB<=32k,kp<=4k,0.0287,1
128,n<=32,sr<=5%,kvB<=32k,kp<=512,0.0257,1
128,n<=32,sr<=5%,kvB<=32k,kp<=8k,0.0235,1
128,n<=32,sr<=5%,kvB<=32k,kp=0,0.0251,1
128,n<=32,sr<=5%,kvB<=4k,kp<=16k,-0.0017,2
128,n<=32,sr<=5%,kvB<=4k,kp<=1k,0.0448,2
128,n<=32,sr<=5%,kvB<=4k,kp<=2k,0.0465,2
128,n<=32,sr<=5%,kvB<=4k,kp<=4k,0.0036,2
128,n<=32,sr<=5%,kvB<=4k,kp<=512,0.0515,2
128,n<=32,sr<=5%,kvB<=4k,kp<=8k,0.0205,2
128,n<=32,sr<=5%,kvB<=4k,kp=0,0.0457,2
128,n<=32,sr<=70%,kvB<=16k,kp<=16k,0.0671,2
128,n<=32,sr<=70%,kvB<=16k,kp<=1k,0.0539,2
128,n<=32,sr<=70%,kvB<=16k,kp<=2k,0.0869,2
128,n<=32,sr<=70%,kvB<=16k,kp<=4k,0.0794,2
128,n<=32,sr<=70%,kvB<=16k,kp<=512,0.0729,2
128,n<=32,sr<=70%,kvB<=16k,kp<=8k,0.0951,2
128,n<=32,sr<=70%,kvB<=16k,kp=0,0.1503,2
128,n<=32,sr<=70%,kvB<=1k,kp<=16k,0.0657,2
128,n<=32,sr<=70%,kvB<=1k,kp<=1k,0.4959,2
128,n<=32,sr<=70%,kvB<=1k,kp<=2k,0.4941,2
128,n<=32,sr<=70%,kvB<=1k,kp<=4k,0.206,2
128,n<=32,sr<=70%,kvB<=1k,kp<=512,0.4047,2
128,n<=32,sr<=70%,kvB<=1k,kp<=8k,0.1733,2
128,n<=32,sr<=70%,kvB<=1k,kp=0,0.3271,2
128,n<=32,sr<=70%,kvB<=32k,kp<=16k,0.0509,1
128,n<=32,sr<=70%,kvB<=32k,kp<=1k,0.0495,1
128,n<=32,sr<=70%,kvB<=32k,kp<=2k,0.036,1
128,n<=32,sr<=70%,kvB<=32k,kp<=4k,0.0371,1
128,n<=32,sr<=70%,kvB<=32k,kp<=512,0.0484,1
128,n<=32,sr<=70%,kvB<=32k,kp<=8k,0.0503,1
128,n<=32,sr<=70%,kvB<=32k,kp=0,0.115,1
128,n<=32,sr<=70%,kvB<=4k,kp<=16k,0.0966,2
128,n<=32,sr<=70%,kvB<=4k,kp<=1k,0.1576,2
128,n<=32,sr<=70%,kvB<=4k,kp<=2k,0.2072,2
128,n<=32,sr<=70%,kvB<=4k,kp<=4k,0.1983,2
128,n<=32,sr<=70%,kvB<=4k,kp<=512,0.1255,2
128,n<=32,sr<=70%,kvB<=4k,kp<=8k,0.2073,2
128,n<=32,sr<=70%,kvB<=4k,kp=0,0.3345,2
128,n<=32,sr>70%,kvB<=16k,kp<=16k,0.2876,4
128,n<=32,sr>70%,kvB<=16k,kp<=1k,0.2115,4
128,n<=32,sr>70%,kvB<=16k,kp<=2k,0.1945,4
128,n<=32,sr>70%,kvB<=16k,kp<=4k,0.1965,4
128,n<=32,sr>70%,kvB<=16k,kp<=512,0.1802,4
128,n<=32,sr>70%,kvB<=16k,kp<=8k,0.2659,4
128,n<=32,sr>70%,kvB<=16k,kp=0,0.338,4
128,n<=32,sr>70%,kvB<=1k,kp<=16k,0.2989,4
128,n<=32,sr>70%,kvB<=1k,kp<=1k,1.4019,4
128,n<=32,sr>70%,kvB<=1k,kp<=2k,1.7351,4
128,n<=32,sr>70%,kvB<=1k,kp<=4k,1.4669,4
128,n<=32,sr>70%,kvB<=1k,kp<=512,1.3935,4
128,n<=32,sr>70%,kvB<=1k,kp<=8k,0.6779,4
128,n<=32,sr>70%,kvB<=1k,kp=0,1.3986,4
128,n<=32,sr>70%,kvB<=32k,kp<=16k,0.1406,2
128,n<=32,sr>70%,kvB<=32k,kp<=1k,0.1162,2
128,n<=32,sr>70%,kvB<=32k,kp<=2k,0.1379,2
128,n<=32,sr>70%,kvB<=32k,kp<=4k,0.0841,2
128,n<=32,sr>70%,kvB<=32k,kp<=512,0.1917,2
128,n<=32,sr>70%,kvB<=32k,kp<=8k,0.1567,2
128,n<=32,sr>70%,kvB<=32k,kp=0,0.2987,2
128,n<=32,sr>70%,kvB<=4k,kp<=16k,0.396,4
128,n<=32,sr>70%,kvB<=4k,kp<=1k,0.4011,4
128,n<=32,sr>70%,kvB<=4k,kp<=2k,0.484,4
128,n<=32,sr>70%,kvB<=4k,kp<=4k,0.5429,4
128,n<=32,sr>70%,kvB<=4k,kp<=512,0.3957,4
128,n<=32,sr>70%,kvB<=4k,kp<=8k,0.4532,4
128,n<=32,sr>70%,kvB<=4k,kp=0,0.7262,4
128,n<=4,sr<=40%,kvB<=16k,kp<=16k,0.0559,2
128,n<=4,sr<=40%,kvB<=16k,kp<=1k,0.2814,2
128,n<=4,sr<=40%,kvB<=16k,kp<=2k,0.2878,2
128,n<=4,sr<=40%,kvB<=16k,kp<=4k,0.285,2
128,n<=4,sr<=40%,kvB<=16k,kp<=512,0.3158,2
128,n<=4,sr<=40%,kvB<=16k,kp<=8k,0.2661,2
128,n<=4,sr<=40%,kvB<=16k,kp=0,0.3169,2
128,n<=4,sr<=40%,kvB<=1k,kp<=16k,0.0666,2
128,n<=4,sr<=40%,kvB<=1k,kp<=1k,0.0277,2
128,n<=4,sr<=40%,kvB<=1k,kp<=2k,0.1496,2
128,n<=4,sr<=40%,kvB<=1k,kp<=4k,0.054,2
128,n<=4,sr<=40%,kvB<=1k,kp<=512,0.2428,2
128,n<=4,sr<=40%,kvB<=1k,kp<=8k,0.0786,2
128,n<=4,sr<=40%,kvB<=1k,kp=0,0.4379,2
128,n<=4,sr<=40%,kvB<=32k,kp<=16k,0.2955,1
128,n<=4,sr<=40%,kvB<=32k,kp<=1k,0.2806,1
128,n<=4,sr<=40%,kvB<=32k,kp<=2k,0.297,1
128,n<=4,sr<=40%,kvB<=32k,kp<=4k,0.2882,1
128,n<=4,sr<=40%,kvB<=32k,kp<=512,0.3159,1
128,n<=4,sr<=40%,kvB<=32k,kp<=8k,0.2761,1
128,n<=4,sr<=40%,kvB<=32k,kp=0,0.3203,1
128,n<=4,sr<=40%,kvB<=4k,kp<=16k,-0.0888,2
128,n<=4,sr<=40%,kvB<=4k,kp<=1k,0.2913,2
128,n<=4,sr<=40%,kvB<=4k,kp<=2k,0.2469,2
128,n<=4,sr<=40%,kvB<=4k,kp<=4k,0.0095,2
128,n<=4,sr<=40%,kvB<=4k,kp<=512,0.3271,2
128,n<=4,sr<=40%,kvB<=4k,kp<=8k,-0.1055,2
128,n<=4,sr<=40%,kvB<=4k,kp=0,0.3244,2
128,n<=4,sr<=70%,kvB<=16k,kp<=16k,0.0357,2
128,n<=4,sr<=70%,kvB<=16k,kp<=1k,0.1627,2
128,n<=4,sr<=70%,kvB<=16k,kp<=2k,0.1359,2
128,n<=4,sr<=70%,kvB<=16k,kp<=4k,0.2675,2
128,n<=4,sr<=70%,kvB<=16k,kp<=512,0.2943,2
128,n<=4,sr<=70%,kvB<=16k,kp<=8k,0.2057,2
128,n<=4,sr<=70%,kvB<=16k,kp=0,0.0454,2
128,n<=4,sr<=70%,kvB<=1k,kp<=16k,-0.0684,2
128,n<=4,sr<=70%,kvB<=1k,kp<=1k,-0.0159,2
128,n<=4,sr<=70%,kvB<=1k,kp<=2k,-0.0072,2
128,n<=4,sr<=70%,kvB<=1k,kp<=4k,-0.0573,2
128,n<=4,sr<=70%,kvB<=1k,kp<=512,0.0555,2
128,n<=4,sr<=70%,kvB<=1k,kp<=8k,-0.0501,2
128,n<=4,sr<=70%,kvB<=1k,kp=0,0.4097,2
128,n<=4,sr<=70%,kvB<=32k,kp<=16k,0.2632,1
128,n<=4,sr<=70%,kvB<=32k,kp<=1k,0.224,1
128,n<=4,sr<=70%,kvB<=32k,kp<=2k,0.2225,1
128,n<=4,sr<=70%,kvB<=32k,kp<=4k,0.0849,1
128,n<=4,sr<=70%,kvB<=32k,kp<=512,0.1792,1
128,n<=4,sr<=70%,kvB<=32k,kp<=8k,0.262,1
128,n<=4,sr<=70%,kvB<=32k,kp=0,-0.0039,1
128,n<=4,sr<=70%,kvB<=4k,kp<=16k,-0.0795,2
128,n<=4,sr<=70%,kvB<=4k,kp<=1k,0.3025,2
128,n<=4,sr<=70%,kvB<=4k,kp<=2k,0.1879,2
128,n<=4,sr<=70%,kvB<=4k,kp<=4k,0.0327,2
128,n<=4,sr<=70%,kvB<=4k,kp<=512,0.2661,2
128,n<=4,sr<=70%,kvB<=4k,kp<=8k,-0.0645,2
128,n<=4,sr<=70%,kvB<=4k,kp=0,0.2684,2
128,n<=4,sr>70%,kvB<=16k,kp<=16k,-0.9456,2
128,n<=4,sr>70%,kvB<=16k,kp<=1k,0.8814,2
128,n<=4,sr>70%,kvB<=16k,kp<=2k,0.604,2
128,n<=4,sr>70%,kvB<=16k,kp<=4k,0.0824,2
128,n<=4,sr>70%,kvB<=16k,kp<=512,1.1154,2
128,n<=4,sr>70%,kvB<=16k,kp<=8k,-0.6424,2
128,n<=4,sr>70%,kvB<=16k,kp=0,1.0564,2
128,n<=4,sr>70%,kvB<=1k,kp<=16k,-0.0783,2
128,n<=4,sr>70%,kvB<=1k,kp<=1k,-0.4134,2
128,n<=4,sr>70%,kvB<=1k,kp<=2k,0.0222,2
128,n<=4,sr>70%,kvB<=1k,kp<=4k,-0.062,2
128,n<=4,sr>70%,kvB<=1k,kp<=512,0.1388,2
128,n<=4,sr>70%,kvB<=1k,kp<=8k,-0.0999,2
128,n<=4,sr>70%,kvB<=1k,kp=0,0.4917,2
128,n<=4,sr>70%,kvB<=32k,kp<=16k,-0.2418,1
128,n<=4,sr>70%,kvB<=32k,kp<=1k,1.2214,1
128,n<=4,sr>70%,kvB<=32k,kp<=2k,1.1468,1
128,n<=4,sr>70%,kvB<=32k,kp<=4k,0.7395,1
128,n<=4,sr>70%,kvB<=32k,kp<=512,1.078,1
128,n<=4,sr>70%,kvB<=32k,kp<=8k,0.2401,1
128,n<=4,sr>70%,kvB<=32k,kp=0,1.062,1
128,n<=4,sr>70%,kvB<=4k,kp<=16k,-0.44,2
128,n<=4,sr>70%,kvB<=4k,kp<=1k,0.0306,2
128,n<=4,sr>70%,kvB<=4k,kp<=2k,-0.4812,2
128,n<=4,sr>70%,kvB<=4k,kp<=4k,-0.8123,2
128,n<=4,sr>70%,kvB<=4k,kp<=512,0.591,2
128,n<=4,sr>70%,kvB<=4k,kp<=8k,-0.3013,2
128,n<=4,sr>70%,kvB<=4k,kp=0,0.893,2
128,n<=64,sr<=15%,kvB<=16k,kp<=16k,0.0009,4
128,n<=64,sr<=15%,kvB<=16k,kp<=1k,0.0083,4
128,n<=64,sr<=15%,kvB<=16k,kp<=2k,0.0081,4
128,n<=64,sr<=15%,kvB<=16k,kp<=4k,0.0093,4
128,n<=64,sr<=15%,kvB<=16k,kp<=512,0.0081,4
128,n<=64,sr<=15%,kvB<=16k,kp<=8k,0.0073,4
128,n<=64,sr<=15%,kvB<=16k,kp=0,0.0103,4
128,n<=64,sr<=15%,kvB<=1k,kp<=16k,0.0146,4
128,n<=64,sr<=15%,kvB<=1k,kp<=1k,0.0094,4
128,n<=64,sr<=15%,kvB<=1k,kp<=2k,0.0065,4
128,n<=64,sr<=15%,kvB<=1k,kp<=4k,0.003,4
128,n<=64,sr<=15%,kvB<=1k,kp<=512,0.0177,4
128,n<=64,sr<=15%,kvB<=1k,kp<=8k,0.0122,4
128,n<=64,sr<=15%,kvB<=1k,kp=0,0.0201,4
128,n<=64,sr<=15%,kvB<=32k,kp<=16k,0.0084,2
128,n<=64,sr<=15%,kvB<=32k,kp<=1k,0.0066,2
128,n<=64,sr<=15%,kvB<=32k,kp<=2k,0.0086,2
128,n<=64,sr<=15%,kvB<=32k,kp<=4k,0.0064,2
128,n<=64,sr<=15%,kvB<=32k,kp<=512,0.0085,2
128,n<=64,sr<=15%,kvB<=32k,kp<=8k,0.007,2
128,n<=64,sr<=15%,kvB<=32k,kp=0,0.0082,2
128,n<=64,sr<=15%,kvB<=4k,kp<=16k,0.0029,4
128,n<=64,sr<=15%,kvB<=4k,kp<=1k,0.0134,4
128,n<=64,sr<=15%,kvB<=4k,kp<=2k,0.0101,4
128,n<=64,sr<=15%,kvB<=4k,kp<=4k,0.0031,4
128,n<=64,sr<=15%,kvB<=4k,kp<=512,0.0116,4
128,n<=64,sr<=15%,kvB<=4k,kp<=8k,0.0038,4
128,n<=64,sr<=15%,kvB<=4k,kp=0,0.0156,4
128,n<=64,sr<=40%,kvB<=16k,kp<=16k,-0.0035,2
128,n<=64,sr<=40%,kvB<=16k,kp<=1k,-0.0006,2
128,n<=64,sr<=40%,kvB<=16k,kp<=2k,-0.001,2
128,n<=64,sr<=40%,kvB<=16k,kp<=4k,0.0011,2
128,n<=64,sr<=40%,kvB<=16k,kp<=512,-0.0005,2
128,n<=64,sr<=40%,kvB<=16k,kp<=8k,0.0014,2
128,n<=64,sr<=40%,kvB<=16k,kp=0,0.0033,2
128,n<=64,sr<=40%,kvB<=1k,kp<=16k,-0.0142,2
128,n<=64,sr<=40%,kvB<=1k,kp<=1k,-0.0064,2
128,n<=64,sr<=40%,kvB<=1k,kp<=2k,-0.0138,2
128,n<=64,sr<=40%,kvB<=1k,kp<=4k,-0.012,2
128,n<=64,sr<=40%,kvB<=1k,kp<=512,-0.0029,2
128,n<=64,sr<=40%,kvB<=1k,kp<=8k,-0.011,2
128,n<=64,sr<=40%,kvB<=1k,kp=0,0.0055,2
128,n<=64,sr<=40%,kvB<=32k,kp<=16k,-0.0048,1
128,n<=64,sr<=40%,kvB<=32k,kp<=1k,-0.0036,1
128,n<=64,sr<=40%,kvB<=32k,kp<=2k,-0.002,1
128,n<=64,sr<=40%,kvB<=32k,kp<=4k,-0.0043,1
128,n<=64,sr<=40%,kvB<=32k,kp<=512,-0.0022,1
128,n<=64,sr<=40%,kvB<=32k,kp<=8k,-0.0044,1
128,n<=64,sr<=40%,kvB<=32k,kp=0,-0.0041,1
128,n<=64,sr<=40%,kvB<=4k,kp<=16k,-0.0001,2
128,n<=64,sr<=40%,kvB<=4k,kp<=1k,0.0077,2
128,n<=64,sr<=40%,kvB<=4k,kp<=2k,0.0103,2
128,n<=64,sr<=40%,kvB<=4k,kp<=4k,0.003,2
128,n<=64,sr<=40%,kvB<=4k,kp<=512,0.0058,2
128,n<=64,sr<=40%,kvB<=4k,kp<=8k,-0.002,2
128,n<=64,sr<=40%,kvB<=4k,kp=0,0.0203,2
128,n<=64,sr<=5%,kvB<=16k,kp<=16k,0.0003,6
128,n<=64,sr<=5%,kvB<=16k,kp<=1k,0.0106,6
128,n<=64,sr<=5%,kvB<=16k,kp<=2k,0.0101,6
128,n<=64,sr<=5%,kvB<=16k,kp<=4k,0.0096,6
128,n<=64,sr<=5%,kvB<=16k,kp<=512,0.0105,6
128,n<=64,sr<=5%,kvB<=16k,kp<=8k,0.0081,6
128,n<=64,sr<=5%,kvB<=16k,kp=0,0.0107,6
128,n<=64,sr<=5%,kvB<=1k,kp<=16k,0.0104,6
128,n<=64,sr<=5%,kvB<=1k,kp<=1k,0.0043,6
128,n<=64,sr<=5%,kvB<=1k,kp<=2k,0.0018,6
128,n<=64,sr<=5%,kvB<=1k,kp<=4k,0.0029,6
128,n<=64,sr<=5%,kvB<=1k,kp<=512,0.0066,6
128,n<=64,sr<=5%,kvB<=1k,kp<=8k,0.0077,6
128,n<=64,sr<=5%,kvB<=1k,kp=0,0.0113,6
128,n<=64,sr<=5%,kvB<=32k,kp<=16k,0.01,3
128,n<=64,sr<=5%,kvB<=32k,kp<=1k,0.0095,3
128,n<=64,sr<=5%,kvB<=32k,kp<=2k,0.0099,3
128,n<=64,sr<=5%,kvB<=32k,kp<=4k,0.0103,3
128,n<=64,sr<=5%,kvB<=32k,kp<=512,0.0102,3
128,n<=64,sr<=5%,kvB<=32k,kp<=8k,0.0083,3
128,n<=64,sr<=5%,kvB<=32k,kp=0,0.0086,3
128,n<=64,sr<=5%,kvB<=4k,kp<=16k,0.0027,6
128,n<=64,sr<=5%,kvB<=4k,kp<=1k,0.0125,6
128,n<=64,sr<=5%,kvB<=4k,kp<=2k,0.0089,6
128,n<=64,sr<=5%,kvB<=4k,kp<=4k,0.0021,6
128,n<=64,sr<=5%,kvB<=4k,kp<=512,0.0107,6
128,n<=64,sr<=5%,kvB<=4k,kp<=8k,0.0046,6
128,n<=64,sr<=5%,kvB<=4k,kp=0,0.0144,6
128,n<=64,sr<=70%,kvB<=16k,kp<=16k,0.0063,2
128,n<=64,sr<=70%,kvB<=16k,kp<=1k,0.002,2
128,n<=64,sr<=70%,kvB<=16k,kp<=2k,0.0008,2
128,n<=64,sr<=70%,kvB<=16k,kp<=4k,0.0028,2
128,n<=64,sr<=70%,kvB<=16k,kp<=512,0.001,2
128,n<=64,sr<=70%,kvB<=16k,kp<=8k,-0.0004,2
128,n<=64,sr<=70%,kvB<=16k,kp=0,0.0035,2
128,n<=64,sr<=70%,kvB<=1k,kp<=16k,0.0146,2
128,n<=64,sr<=70%,kvB<=1k,kp<=1k,0.01,2
128,n<=64,sr<=70%,kvB<=1k,kp<=2k,0.0052,2
128,n<=64,sr<=70%,kvB<=1k,kp<=4k,0.0127,2
128,n<=64,sr<=70%,kvB<=1k,kp<=512,0.0327,2
128,n<=64,sr<=70%,kvB<=1k,kp<=8k,-0.0111,2
128,n<=64,sr<=70%,kvB<=1k,kp=0,0.0447,2
128,n<=64,sr<=70%,kvB<=32k,kp<=16k,-0.0136,1
128,n<=64,sr<=70%,kvB<=32k,kp<=1k,-0.0061,1
128,n<=64,sr<=70%,kvB<=32k,kp<=2k,-0.0061,1
128,n<=64,sr<=70%,kvB<=32k,kp<=4k,-0.0062,1
128,n<=64,sr<=70%,kvB<=32k,kp<=512,-0.0055,1
128,n<=64,sr<=70%,kvB<=32k,kp<=8k,-0.0079,1
128,n<=64,sr<=70%,kvB<=32k,kp=0,-0.0094,1
128,n<=64,sr<=70%,kvB<=4k,kp<=16k,0.0067,2
128,n<=64,sr<=70%,kvB<=4k,kp<=1k,0.0112,2
128,n<=64,sr<=70%,kvB<=4k,kp<=2k,0.0156,2
128,n<=64,sr<=70%,kvB<=4k,kp<=4k,0.015,2
128,n<=64,sr<=70%,kvB<=4k,kp<=512,0.0117,2
128,n<=64,sr<=70%,kvB<=4k,kp<=8k,0.0146,2
128,n<=64,sr<=70%,kvB<=4k,kp=0,0.0452,2
128,n<=64,sr>70%,kvB<=16k,kp<=16k,0.0108,4
128,n<=64,sr>70%,kvB<=16k,kp<=1k,0.0112,4
128,n<=64,sr>70%,kvB<=16k,kp<=2k,0.0198,4
128,n<=64,sr>70%,kvB<=16k,kp<=4k,0.0098,4
128,n<=64,sr>70%,kvB<=16k,kp<=512,0.0102,4
128,n<=64,sr>70%,kvB<=16k,kp<=8k,0.0174,4
128,n<=64,sr>70%,kvB<=16k,kp=0,0.0272,4
128,n<=64,sr>70%,kvB<=1k,kp<=16k,0.0886,4
128,n<=64,sr>70%,kvB<=1k,kp<=1k,0.1128,4
128,n<=64,sr>70%,kvB<=1k,kp<=2k,0.0906,4
128,n<=64,sr>70%,kvB<=1k,kp<=4k,0.0572,4
128,n<=64,sr>70%,kvB<=1k,kp<=512,0.0868,4
128,n<=64,sr>70%,kvB<=1k,kp<=8k,0.0639,4
128,n<=64,sr>70%,kvB<=1k,kp=0,0.1457,4
128,n<=64,sr>70%,kvB<=32k,kp<=16k,0.0009,2
128,n<=64,sr>70%,kvB<=32k,kp<=1k,0.0037,2
128,n<=64,sr>70%,kvB<=32k,kp<=2k,0.0052,2
128,n<=64,sr>70%,kvB<=32k,kp<=4k,0.0037,2
128,n<=64,sr>70%,kvB<=32k,kp<=512,0.0045,2
128,n<=64,sr>70%,kvB<=32k,kp<=8k,0.0048,2
128,n<=64,sr>70%,kvB<=32k,kp=0,0.003,2
128,n<=64,sr>70%,kvB<=4k,kp<=16k,0.044,4
128,n<=64,sr>70%,kvB<=4k,kp<=1k,0.0465,4
128,n<=64,sr>70%,kvB<=4k,kp<=2k,0.0422,4
128,n<=64,sr>70%,kvB<=4k,kp<=4k,0.0531,4
128,n<=64,sr>70%,kvB<=4k,kp<=512,0.0387,4
128,n<=64,sr>70%,kvB<=4k,kp<=8k,0.0416,4
128,n<=64,sr>70%,kvB<=4k,kp=0,0.078,4
128,n<=8,sr<=15%,kvB<=16k,kp<=16k,0.0674,2
128,n<=8,sr<=15%,kvB<=16k,kp<=1k,0.1175,2
128,n<=8,sr<=15%,kvB<=16k,kp<=2k,0.1374,2
128,n<=8,sr<=15%,kvB<=16k,kp<=4k,0.1212,2
128,n<=8,sr<=15%,kvB<=16k,kp<=512,0.1162,2
128,n<=8,sr<=15%,kvB<=16k,kp<=8k,0.1028,2
128,n<=8,sr<=15%,kvB<=16k,kp=0,0.1191,2
128,n<=8,sr<=15%,kvB<=1k,kp<=16k,0.0715,2
128,n<=8,sr<=15%,kvB<=1k,kp<=1k,0.1052,2
128,n<=8,sr<=15%,kvB<=1k,kp<=2k,0.0976,2
128,n<=8,sr<=15%,kvB<=1k,kp<=4k,0.0858,2
128,n<=8,sr<=15%,kvB<=1k,kp<=512,0.2252,2
128,n<=8,sr<=15%,kvB<=1k,kp<=8k,0.0624,2
128,n<=8,sr<=15%,kvB<=1k,kp=0,0.2749,2
128,n<=8,sr<=15%,kvB<=32k,kp<=16k,0.074,1
128,n<=8,sr<=15%,kvB<=32k,kp<=1k,0.0839,1
128,n<=8,sr<=15%,kvB<=32k,kp<=2k,0.1123,1
128,n<=8,sr<=15%,kvB<=32k,kp<=4k,0.1147,1
128,n<=8,sr<=15%,kvB<=32k,kp<=512,0.0982,1
128,n<=8,sr<=15%,kvB<=32k,kp<=8k,0.0871,1
128,n<=8,sr<=15%,kvB<=32k,kp=0,0.1092,1
128,n<=8,sr<=15%,kvB<=4k,kp<=16k,-0.0042,2
128,n<=8,sr<=15%,kvB<=4k,kp<=1k,0.2027,2
128,n<=8,sr<=15%,kvB<=4k,kp<=2k,0.1494,2
128,n<=8,sr<=15%,kvB<=4k,kp<=4k,0.0495,2
128,n<=8,sr<=15%,kvB<=4k,kp<=512,0.1944,2
128,n<=8,sr<=15%,kvB<=4k,kp<=8k,0.0191,2
128,n<=8,sr<=15%,kvB<=4k,kp=0,0.1525,2
128,n<=8,sr<=40%,kvB<=16k,kp<=16k,-0.0338,4
128,n<=8,sr<=40%,kvB<=16k,kp<=1k,0.1626,4
128,n<=8,sr<=40%,kvB<=16k,kp<=2k,0.1041,4
128,n<=8,sr<=40%,kvB<=16k,kp<=4k,0.0924,4
128,n<=8,sr<=40%,kvB<=16k,kp<=512,0.148,4
128,n<=8,sr<=40%,kvB<=16k,kp<=8k,0.0987,4
128,n<=8,sr<=40%,kvB<=16k,kp=0,0.0855,4
128,n<=8,sr<=40%,kvB<=1k,kp<=16k,0.0415,4
128,n<=8,sr<=40%,kvB<=1k,kp<=1k,0.0294,4
128,n<=8,sr<=40%,kvB<=1k,kp<=2k,0.0438,4
128,n<=8,sr<=40%,kvB<=1k,kp<=4k,0.0786,4
128,n<=8,sr<=40%,kvB<=1k,kp<=512,0.2819,4
128,n<=8,sr<=40%,kvB<=1k,kp<=8k,0.0423,4
128,n<=8,sr<=40%,kvB<=1k,kp=0,0.2168,4
128,n<=8,sr<=40%,kvB<=32k,kp<=16k,0.1222,2
128,n<=8,sr<=40%,kvB<=32k,kp<=1k,0.1754,2
128,n<=8,sr<=40%,kvB<=32k,kp<=2k,0.1851,2
128,n<=8,sr<=40%,kvB<=32k,kp<=4k,0.1164,2
128,n<=8,sr<=40%,kvB<=32k,kp<=512,0.1113,2
128,n<=8,sr<=40%,kvB<=32k,kp<=8k,0.0927,2
128,n<=8,sr<=40%,kvB<=32k,kp=0,0.0921,2
128,n<=8,sr<=40%,kvB<=4k,kp<=16k,-0.0122,4
128,n<=8,sr<=40%,kvB<=4k,kp<=1k,0.1856,4
128,n<=8,sr<=40%,kvB<=4k,kp<=2k,0.1853,4
128,n<=8,sr<=40%,kvB<=4k,kp<=4k,-0.0483,4
128,n<=8,sr<=40%,kvB<=4k,kp<=512,0.1757,4
128,n<=8,sr<=40%,kvB<=4k,kp<=8k,0.0545,4
128,n<=8,sr<=40%,kvB<=4k,kp=0,0.1108,4
128,n<=8,sr<=70%,kvB<=16k,kp<=16k,0.1932,2
128,n<=8,sr<=70%,kvB<=16k,kp<=1k,0.279,2
128,n<=8,sr<=70%,kvB<=16k,kp<=2k,0.1455,2
128,n<=8,sr<=70%,kvB<=16k,kp<=4k,0.0356,2
128,n<=8,sr<=70%,kvB<=16k,kp<=512,0.2338,2
128,n<=8,sr<=70%,kvB<=16k,kp<=8k,0.23,2
128,n<=8,sr<=70%,kvB<=16k,kp=0,0.0495,2
128,n<=8,sr<=70%,kvB<=1k,kp<=16k,-0.0227,2
128,n<=8,sr<=70%,kvB<=1k,kp<=1k,0.0601,2
128,n<=8,sr<=70%,kvB<=1k,kp<=2k,0.0525,2
128,n<=8,sr<=70%,kvB<=1k,kp<=4k,0.0886,2
128,n<=8,sr<=70%,kvB<=1k,kp<=512,0.2752,2
128,n<=8,sr<=70%,kvB<=1k,kp<=8k,-0.0418,2
128,n<=8,sr<=70%,kvB<=1k,kp=0,0.1243,2
128,n<=8,sr<=70%,kvB<=32k,kp<=16k,0.2872,1
128,n<=8,sr<=70%,kvB<=32k,kp<=1k,0.2987,1
128,n<=8,sr<=70%,kvB<=32k,kp<=2k,0.2738,1
128,n<=8,sr<=70%,kvB<=32k,kp<=4k,0.1446,1
128,n<=8,sr<=70%,kvB<=32k,kp<=512,0.1191,1
128,n<=8,sr<=70%,kvB<=32k,kp<=8k,0.1014,1
128,n<=8,sr<=70%,kvB<=32k,kp=0,0.0547,1
128,n<=8,sr<=70%,kvB<=4k,kp<=16k,-0.0978,2
128,n<=8,sr<=70%,kvB<=4k,kp<=1k,0.2052,2
128,n<=8,sr<=70%,kvB<=4k,kp<=2k,0.2854,2
128,n<=8,sr<=70%,kvB<=4k,kp<=4k,0.1059,2
128,n<=8,sr<=70%,kvB<=4k,kp<=512,0.1379,2
128,n<=8,sr<=70%,kvB<=4k,kp<=8k,0.1871,2
128,n<=8,sr<=70%,kvB<=4k,kp=0,0.0753,2
128,n<=8,sr>70%,kvB<=16k,kp<=16k,1.2864,3
128,n<=8,sr>70%,kvB<=16k,kp<=1k,0.3262,4
128,n<=8,sr>70%,kvB<=16k,kp<=2k,0.1916,4
128,n<=8,sr>70%,kvB<=16k,kp<=4k,-0.0755,4
128,n<=8,sr>70%,kvB<=16k,kp<=512,0.1941,4
128,n<=8,sr>70%,kvB<=16k,kp<=8k,0.8735,3
128,n<=8,sr>70%,kvB<=16k,kp=0,0.0026,4
128,n<=8,sr>70%,kvB<=1k,kp<=16k,-0.0466,4
128,n<=8,sr>70%,kvB<=1k,kp<=1k,0.4344,4
128,n<=8,sr>70%,kvB<=1k,kp<=2k,-0.1299,4
128,n<=8,sr>70%,kvB<=1k,kp<=4k,0.0409,4
128,n<=8,sr>70%,kvB<=1k,kp<=512,0.5577,4
128,n<=8,sr>70%,kvB<=1k,kp<=8k,-0.0446,4
128,n<=8,sr>70%,kvB<=1k,kp=0,0.0337,4
128,n<=8,sr>70%,kvB<=32k,kp<=16k,0.5131,2
128,n<=8,sr>70%,kvB<=32k,kp<=1k,0.373,2
128,n<=8,sr>70%,kvB<=32k,kp<=2k,0.3105,2
128,n<=8,sr>70%,kvB<=32k,kp<=4k,0.0745,2
128,n<=8,sr>70%,kvB<=32k,kp<=512,0.114,2
128,n<=8,sr>70%,kvB<=32k,kp<=8k,-0.027,2
128,n<=8,sr>70%,kvB<=32k,kp=0,0.1221,2
128,n<=8,sr>70%,kvB<=4k,kp<=16k,0.3788,4
128,n<=8,sr>70%,kvB<=4k,kp<=1k,0.1205,4
128,n<=8,sr>70%,kvB<=4k,kp<=2k,0.6137,4
128,n<=8,sr>70%,kvB<=4k,kp<=4k,0.939,4
128,n<=8,sr>70%,kvB<=4k,kp<=512,0.1827,4
128,n<=8,sr>70%,kvB<=4k,kp<=8k,0.6709,4
128,n<=8,sr>70%,kvB<=4k,kp=0,-0.0715,4
256,n<=128,sr<=15%,kvB<=16k,kp<=16k,0.0006,4
256,n<=128,sr<=15%,kvB<=16k,kp<=1k,0.0023,4
256,n<=128,sr<=15%,kvB<=16k,kp<=2k,0.0019,4
256,n<=128,sr<=15%,kvB<=16k,kp<=4k,0.0024,4
256,n<=128,sr<=15%,kvB<=16k,kp<=512,0.0022,4
256,n<=128,sr<=15%,kvB<=16k,kp<=8k,0.0024,4
256,n<=128,sr<=15%,kvB<=16k,kp=0,0.0022,4
256,n<=128,sr<=15%,kvB<=1k,kp<=16k,0.0224,4
256,n<=128,sr<=15%,kvB<=1k,kp<=1k,0.0055,4
256,n<=128,sr<=15%,kvB<=1k,kp<=2k,0.0078,4
256,n<=128,sr<=15%,kvB<=1k,kp<=4k,0.0082,4
256,n<=128,sr<=15%,kvB<=1k,kp<=512,0.006,4
256,n<=128,sr<=15%,kvB<=1k,kp<=8k,0.013,4
256,n<=128,sr<=15%,kvB<=1k,kp=0,0.0052,4
256,n<=128,sr<=15%,kvB<=32k,kp<=16k,0.0017,2
256,n<=128,sr<=15%,kvB<=32k,kp<=1k,0.0022,2
256,n<=128,sr<=15%,kvB<=32k,kp<=2k,0.0019,2
256,n<=128,sr<=15%,kvB<=32k,kp<=4k,0.0019,2
256,n<=128,sr<=15%,kvB<=32k,kp<=512,0.0024,2
256,n<=128,sr<=15%,kvB<=32k,kp<=8k,0.0017,2
256,n<=128,sr<=15%,kvB<=32k,kp=0,0.0023,2
256,n<=128,sr<=15%,kvB<=4k,kp<=16k,-0.0002,4
256,n<=128,sr<=15%,kvB<=4k,kp<=1k,0.0021,4
256,n<=128,sr<=15%,kvB<=4k,kp<=2k,0.0028,4
256,n<=128,sr<=15%,kvB<=4k,kp<=4k,0.001,4
256,n<=128,sr<=15%,kvB<=4k,kp<=512,0.002,4
256,n<=128,sr<=15%,kvB<=4k,kp<=8k,-0.0005,4
256,n<=128,sr<=15%,kvB<=4k,kp=0,0.0015,4
256,n<=128,sr<=40%,kvB<=16k,kp<=16k,-0.0012,2
256,n<=128,sr<=40%,kvB<=16k,kp<=1k,0.0007,2
256,n<=128,sr<=40%,kvB<=16k,kp<=2k,0.0004,2
256,n<=128,sr<=40%,kvB<=16k,kp<=4k,0.0005,2
256,n<=128,sr<=40%,kvB<=16k,kp<=512,0.0008,2
256,n<=128,sr<=40%,kvB<=16k,kp<=8k,0.0002,2
256,n<=128,sr<=40%,kvB<=16k,kp=0,0.0007,2
256,n<=128,sr<=40%,kvB<=1k,kp<=16k,0.0473,2
256,n<=128,sr<=40%,kvB<=1k,kp<=1k,0.0056,2
256,n<=128,sr<=40%,kvB<=1k,kp<=2k,0.0091,2
256,n<=128,sr<=40%,kvB<=1k,kp<=4k,0.0163,2
256,n<=128,sr<=40%,kvB<=1k,kp<=512,0.0053,2
256,n<=128,sr<=40%,kvB<=1k,kp<=8k,0.0312,2
256,n<=128,sr<=40%,kvB<=1k,kp=0,0.0045,2
256,n<=128,sr<=40%,kvB<=32k,kp<=16k,0.0001,1
256,n<=128,sr<=40%,kvB<=32k,kp<=1k,0.0008,1
256,n<=128,sr<=40%,kvB<=32k,kp<=2k,0.0008,1
256,n<=128,sr<=40%,kvB<=32k,kp<=4k,-0.0001,1
256,n<=128,sr<=40%,kvB<=32k,kp<=512,0.0006,1
256,n<=128,sr<=40%,kvB<=32k,kp<=8k,0.0002,1
256,n<=128,sr<=40%,kvB<=32k,kp=0,0.0006,1
256,n<=128,sr<=40%,kvB<=4k,kp<=16k,0.0005,2
256,n<=128,sr<=40%,kvB<=4k,kp<=1k,0.0005,2
256,n<=128,sr<=40%,kvB<=4k,kp<=2k,0.0005,2
256,n<=128,sr<=40%,kvB<=4k,kp<=4k,0.0001,2
256,n<=128,sr<=40%,kvB<=4k,kp<=512,0.0007,2
256,n<=128,sr<=40%,kvB<=4k,kp<=8k,0.0001,2
256,n<=128,sr<=40%,kvB<=4k,kp=0,0.0008,2
256,n<=128,sr<=5%,kvB<=16k,kp<=16k,0.0004,8
256,n<=128,sr<=5%,kvB<=16k,kp<=1k,0.0033,8
256,n<=128,sr<=5%,kvB<=16k,kp<=2k,0.0034,8
256,n<=128,sr<=5%,kvB<=16k,kp<=4k,0.0034,8
256,n<=128,sr<=5%,kvB<=16k,kp<=512,0.0035,8
256,n<=128,sr<=5%,kvB<=16k,kp<=8k,0.0026,8
256,n<=128,sr<=5%,kvB<=16k,kp=0,0.0035,8
256,n<=128,sr<=5%,kvB<=1k,kp<=16k,0.003,8
256,n<=128,sr<=5%,kvB<=1k,kp<=1k,-0.0,8
256,n<=128,sr<=5%,kvB<=1k,kp<=2k,-0.0003,8
256,n<=128,sr<=5%,kvB<=1k,kp<=4k,-0.0008,8
256,n<=128,sr<=5%,kvB<=1k,kp<=512,-0.0006,8
256,n<=128,sr<=5%,kvB<=1k,kp<=8k,-0.0017,8
256,n<=128,sr<=5%,kvB<=1k,kp=0,-0.0003,8
256,n<=128,sr<=5%,kvB<=32k,kp<=16k,0.0033,4
256,n<=128,sr<=5%,kvB<=32k,kp<=1k,0.0034,4
256,n<=128,sr<=5%,kvB<=32k,kp<=2k,0.0035,4
256,n<=128,sr<=5%,kvB<=32k,kp<=4k,0.0036,4
256,n<=128,sr<=5%,kvB<=32k,kp<=512,0.0035,4
256,n<=128,sr<=5%,kvB<=32k,kp<=8k,0.0031,4
256,n<=128,sr<=5%,kvB<=32k,kp=0,0.0036,4
256,n<=128,sr<=5%,kvB<=4k,kp<=16k,0.0004,8
256,n<=128,sr<=5%,kvB<=4k,kp<=1k,0.003,8
256,n<=128,sr<=5%,kvB<=4k,kp<=2k,0.0027,8
256,n<=128,sr<=5%,kvB<=4k,kp<=4k,0.0008,8
256,n<=128,sr<=5%,kvB<=4k,kp<=512,0.0032,8
256,n<=128,sr<=5%,kvB<=4k,kp<=8k,-0.0002,8
256,n<=128,sr<=5%,kvB<=4k,kp=0,0.0033,8
256,n<=128,sr<=70%,kvB<=16k,kp<=16k,-0.0035,2
256,n<=128,sr<=70%,kvB<=16k,kp<=1k,-0.0013,2
256,n<=128,sr<=70%,kvB<=16k,kp<=2k,-0.0017,2
256,n<=128,sr<=70%,kvB<=16k,kp<=4k,-0.002,2
256,n<=128,sr<=70%,kvB<=16k,kp<=512,-0.0012,2
256,n<=128,sr<=70%,kvB<=16k,kp<=8k,-0.0025,2
256,n<=128,sr<=70%,kvB<=16k,kp=0,-0.0009,2
256,n<=128,sr<=70%,kvB<=1k,kp<=16k,0.0557,2
256,n<=128,sr<=70%,kvB<=1k,kp<=1k,0.0077,2
256,n<=128,sr<=70%,kvB<=1k,kp<=2k,0.0124,2
256,n<=128,sr<=70%,kvB<=1k,kp<=4k,0.0156,2
256,n<=128,sr<=70%,kvB<=1k,kp<=512,0.0064,2
256,n<=128,sr<=70%,kvB<=1k,kp<=8k,0.0255,2
256,n<=128,sr<=70%,kvB<=1k,kp=0,0.0065,2
256,n<=128,sr<=70%,kvB<=32k,kp<=16k,-0.0045,1
256,n<=128,sr<=70%,kvB<=32k,kp<=1k,-0.0005,1
256,n<=128,sr<=70%,kvB<=32k,kp<=2k,-0.001,1
256,n<=128,sr<=70%,kvB<=32k,kp<=4k,-0.0024,1
256,n<=128,sr<=70%,kvB<=32k,kp<=512,-0.0002,1
256,n<=128,sr<=70%,kvB<=32k,kp<=8k,-0.004,1
256,n<=128,sr<=70%,kvB<=32k,kp=0,-0.0004,1
256,n<=128,sr<=70%,kvB<=4k,kp<=16k,0.0056,2
256,n<=128,sr<=70%,kvB<=4k,kp<=1k,-0.0028,2
256,n<=128,sr<=70%,kvB<=4k,kp<=2k,-0.0021,2
256,n<=128,sr<=70%,kvB<=4k,kp<=4k,-0.0003,2
256,n<=128,sr<=70%,kvB<=4k,kp<=512,-0.0014,2
256,n<=128,sr<=70%,kvB<=4k,kp<=8k,0.0039,2
256,n<=128,sr<=70%,kvB<=4k,kp=0,-0.0013,2
256,n<=128,sr>70%,kvB<=16k,kp<=16k,0.0212,4
256,n<=128,sr>70%,kvB<=16k,kp<=1k,0.0033,4
256,n<=128,sr>70%,kvB<=16k,kp<=2k,0.0032,4
256,n<=128,sr>70%,kvB<=16k,kp<=4k,0.002,4
256,n<=128,sr>70%,kvB<=16k,kp<=512,0.0048,4
256,n<=128,sr>70%,kvB<=16k,kp<=8k,0.0063,4
256,n<=128,sr>70%,kvB<=16k,kp=0,0.0054,4
256,n<=128,sr>70%,kvB<=1k,kp<=16k,0.0846,4
256,n<=128,sr>70%,kvB<=1k,kp<=1k,0.007,4
256,n<=128,sr>70%,kvB<=1k,kp<=2k,0.0099,4
256,n<=128,sr>70%,kvB<=1k,kp<=4k,0.0015,4
256,n<=128,sr>70%,kvB<=1k,kp<=512,0.007,4
256,n<=128,sr>70%,kvB<=1k,kp<=8k,0.0117,4
256,n<=128,sr>70%,kvB<=1k,kp=0,0.0042,4
256,n<=128,sr>70%,kvB<=32k,kp<=16k,0.0114,2
256,n<=128,sr>70%,kvB<=32k,kp<=1k,0.0077,2
256,n<=128,sr>70%,kvB<=32k,kp<=2k,0.0082,2
256,n<=128,sr>70%,kvB<=32k,kp<=4k,0.0067,2
256,n<=128,sr>70%,kvB<=32k,kp<=512,0.0083,2
256,n<=128,sr>70%,kvB<=32k,kp<=8k,-0.0005,2
256,n<=128,sr>70%,kvB<=32k,kp=0,0.0084,2
256,n<=128,sr>70%,kvB<=4k,kp<=16k,0.0037,4
256,n<=128,sr>70%,kvB<=4k,kp<=1k,0.0029,4
256,n<=128,sr>70%,kvB<=4k,kp<=2k,0.0097,4
256,n<=128,sr>70%,kvB<=4k,kp<=4k,0.0082,4
256,n<=128,sr>70%,kvB<=4k,kp<=512,0.0009,4
256,n<=128,sr>70%,kvB<=4k,kp<=8k,0.0032,4
256,n<=128,sr>70%,kvB<=4k,kp=0,0.0035,4
256,n<=16,sr<=15%,kvB<=16k,kp<=16k,0.0255,4
256,n<=16,sr<=15%,kvB<=16k,kp<=1k,0.0545,4
256,n<=16,sr<=15%,kvB<=16k,kp<=2k,0.022,4
256,n<=16,sr<=15%,kvB<=16k,kp<=4k,-0.0345,4
256,n<=16,sr<=15%,kvB<=16k,kp<=512,0.0485,4
256,n<=16,sr<=15%,kvB<=16k,kp<=8k,0.0178,4
256,n<=16,sr<=15%,kvB<=16k,kp=0,0.0786,4
256,n<=16,sr<=15%,kvB<=1k,kp<=16k,0.058,4
256,n<=16,sr<=15%,kvB<=1k,kp<=1k,0.068,4
256,n<=16,sr<=15%,kvB<=1k,kp<=2k,0.0655,4
256,n<=16,sr<=15%,kvB<=1k,kp<=4k,0.0731,4
256,n<=16,sr<=15%,kvB<=1k,kp<=512,0.0996,4
256,n<=16,sr<=15%,kvB<=1k,kp<=8k,0.0593,4
256,n<=16,sr<=15%,kvB<=1k,kp=0,0.1431,4
256,n<=16,sr<=15%,kvB<=32k,kp<=16k,0.0393,2
256,n<=16,sr<=15%,kvB<=32k,kp<=1k,0.0435,2
256,n<=16,sr<=15%,kvB<=32k,kp<=2k,0.0524,2
256,n<=16,sr<=15%,kvB<=32k,kp<=4k,0.0314,2
256,n<=16,sr<=15%,kvB<=32k,kp<=512,0.052,2
256,n<=16,sr<=15%,kvB<=32k,kp<=8k,-0.0445,2
256,n<=16,sr<=15%,kvB<=32k,kp=0,0.0508,2
256,n<=16,sr<=15%,kvB<=4k,kp<=16k,0.0276,4
256,n<=16,sr<=15%,kvB<=4k,kp<=1k,0.0816,4
256,n<=16,sr<=15%,kvB<=4k,kp<=2k,0.0065,4
256,n<=16,sr<=15%,kvB<=4k,kp<=4k,0.0702,4
256,n<=16,sr<=15%,kvB<=4k,kp<=512,0.0389,4
256,n<=16,sr<=15%,kvB<=4k,kp<=8k,0.0342,4
256,n<=16,sr<=15%,kvB<=4k,kp=0,0.1158,4
256,n<=16,sr<=40%,kvB<=16k,kp<=16k,0.0221,4
256,n<=16,sr<=40%,kvB<=16k,kp<=1k,0.0663,4
256,n<=16,sr<=40%,kvB<=16k,kp<=2k,0.008,4
256,n<=16,sr<=40%,kvB<=16k,kp<=4k,-0.0326,4
256,n<=16,sr<=40%,kvB<=16k,kp<=512,0.0686,4
256,n<=16,sr<=40%,kvB<=16k,kp<=8k,0.0629,4
256,n<=16,sr<=40%,kvB<=16k,kp=0,0.0829,4
256,n<=16,sr<=40%,kvB<=1k,kp<=16k,0.0658,4
256,n<=16,sr<=40%,kvB<=1k,kp<=1k,0.0759,4
256,n<=16,sr<=40%,kvB<=1k,kp<=2k,0.0571,4
256,n<=16,sr<=40%,kvB<=1k,kp<=4k,0.0703,4
256,n<=16,sr<=40%,kvB<=1k,kp<=512,0.1055,4
256,n<=16,sr<=40%,kvB<=1k,kp<=8k,0.057,4
256,n<=16,sr<=40%,kvB<=1k,kp=0,0.1293,4
256,n<=16,sr<=40%,kvB<=32k,kp<=16k,0.0553,2
256,n<=16,sr<=40%,kvB<=32k,kp<=1k,0.0576,2
256,n<=16,sr<=40%,kvB<=32k,kp<=2k,0.0583,2
256,n<=16,sr<=40%,kvB<=32k,kp<=4k,0.0277,2
256,n<=16,sr<=40%,kvB<=32k,kp<=512,0.0534,2
256,n<=16,sr<=40%,kvB<=32k,kp<=8k,-0.0171,2
256,n<=16,sr<=40%,kvB<=32k,kp=0,0.0829,2
256,n<=16,sr<=40%,kvB<=4k,kp<=16k,0.0802,4
256,n<=16,sr<=40%,kvB<=4k,kp<=1k,0.0748,4
256,n<=16,sr<=40%,kvB<=4k,kp<=2k,0.1072,4
256,n<=16,sr<=40%,kvB<=4k,kp<=4k,0.0433,4
256,n<=16,sr<=40%,kvB<=4k,kp<=512,0.038,4
256,n<=16,sr<=40%,kvB<=4k,kp<=8k,0.1011,4
256,n<=16,sr<=40%,kvB<=4k,kp=0,0.178,4
256,n<=16,sr<=70%,kvB<=16k,kp<=16k,0.187,2
256,n<=16,sr<=70%,kvB<=16k,kp<=1k,0.1413,2
256,n<=16,sr<=70%,kvB<=16k,kp<=2k,0.037,2
256,n<=16,sr<=70%,kvB<=16k,kp<=4k,0.0273,2
256,n<=16,sr<=70%,kvB<=16k,kp<=512,0.1349,2
256,n<=16,sr<=70%,kvB<=16k,kp<=8k,0.1278,2
256,n<=16,sr<=70%,kvB<=16k,kp=0,0.3074,2
256,n<=16,sr<=70%,kvB<=1k,kp<=16k,0.0001,2
256,n<=16,sr<=70%,kvB<=1k,kp<=1k,0.0504,2
256,n<=16,sr<=70%,kvB<=1k,kp<=2k,0.0349,2
256,n<=16,sr<=70%,kvB<=1k,kp<=4k,0.0103,2
256,n<=16,sr<=70%,kvB<=1k,kp<=512,0.0857,2
256,n<=16,sr<=70%,kvB<=1k,kp<=8k,0.005,2
256,n<=16,sr<=70%,kvB<=1k,kp=0,0.0642,2
256,n<=16,sr<=70%,kvB<=32k,kp<=16k,0.1052,1
256,n<=16,sr<=70%,kvB<=32k,kp<=1k,0.1291,1
256,n<=16,sr<=70%,kvB<=32k,kp<=2k,0.1139,1
256,n<=16,sr<=70%,kvB<=32k,kp<=4k,0.08,1
256,n<=16,sr<=70%,kvB<=32k,kp<=512,0.0597,1
256,n<=16,sr<=70%,kvB<=32k,kp<=8k,-0.0445,1
256,n<=16,sr<=70%,kvB<=32k,kp=0,0.2162,1
256,n<=16,sr<=70%,kvB<=4k,kp<=16k,0.3151,2
256,n<=16,sr<=70%,kvB<=4k,kp<=1k,0.1094,2
256,n<=16,sr<=70%,kvB<=4k,kp<=2k,0.3073,2
256,n<=16,sr<=70%,kvB<=4k,kp<=4k,0.7103,2
256,n<=16,sr<=70%,kvB<=4k,kp<=512,0.0066,2
256,n<=16,sr<=70%,kvB<=4k,kp<=8k,0.5098,2
256,n<=16,sr<=70%,kvB<=4k,kp=0,0.4822,2
256,n<=16,sr>70%,kvB<=16k,kp<=16k,0.7602,3
256,n<=16,sr>70%,kvB<=16k,kp<=1k,0.4585,4
256,n<=16,sr>70%,kvB<=16k,kp<=2k,0.4111,4
256,n<=16,sr>70%,kvB<=16k,kp<=4k,0.0796,4
256,n<=16,sr>70%,kvB<=16k,kp<=512,0.5005,4
256,n<=16,sr>70%,kvB<=16k,kp<=8k,0.4404,3
256,n<=16,sr>70%,kvB<=16k,kp=0,0.887,4
256,n<=16,sr>70%,kvB<=1k,kp<=16k,0.2619,4
256,n<=16,sr>70%,kvB<=1k,kp<=1k,0.6585,4
256,n<=16,sr>70%,kvB<=1k,kp<=2k,0.5547,4
256,n<=16,sr>70%,kvB<=1k,kp<=4k,0.4379,4
256,n<=16,sr>70%,kvB<=1k,kp<=512,0.53,4
256,n<=16,sr>70%,kvB<=1k,kp<=8k,0.2678,4
256,n<=16,sr>70%,kvB<=1k,kp=0,0.4533,4
256,n<=16,sr>70%,kvB<=32k,kp<=16k,0.3826,2
256,n<=16,sr>70%,kvB<=32k,kp<=1k,0.3883,2
256,n<=16,sr>70%,kvB<=32k,kp<=2k,0.3589,2
256,n<=16,sr>70%,kvB<=32k,kp<=4k,0.3585,2
256,n<=16,sr>70%,kvB<=32k,kp<=512,0.2965,2
256,n<=16,sr>70%,kvB<=32k,kp<=8k,0.0074,2
256,n<=16,sr>70%,kvB<=32k,kp=0,0.8103,2
256,n<=16,sr>70%,kvB<=4k,kp<=16k,0.6601,4
256,n<=16,sr>70%,kvB<=4k,kp<=1k,0.3507,4
256,n<=16,sr>70%,kvB<=4k,kp<=2k,0.3684,4
256,n<=16,sr>70%,kvB<=4k,kp<=4k,3.687,3
256,n<=16,sr>70%,kvB<=4k,kp<=512,0.3923,4
256,n<=16,sr>70%,kvB<=4k,kp<=8k,0.7046,3
256,n<=16,sr>70%,kvB<=4k,kp=0,1.5597,4
256,n<=2,sr<=70%,kvB<=16k,kp<=16k,-0.9251,2
256,n<=2,sr<=70%,kvB<=16k,kp<=1k,0.8187,2
256,n<=2,sr<=70%,kvB<=16k,kp<=2k,0.5416,2
256,n<=2,sr<=70%,kvB<=16k,kp<=4k,0.5188,2
256,n<=2,sr<=70%,kvB<=16k,kp<=512,0.9562,2
256,n<=2,sr<=70%,kvB<=16k,kp<=8k,0.6021,2
256,n<=2,sr<=70%,kvB<=16k,kp=0,0.9717,2
256,n<=2,sr<=70%,kvB<=1k,kp<=16k,-0.4337,2
256,n<=2,sr<=70%,kvB<=1k,kp<=1k,-0.6049,2
256,n<=2,sr<=70%,kvB<=1k,kp<=2k,-0.762,2
256,n<=2,sr<=70%,kvB<=1k,kp<=4k,-0.6914,2
256,n<=2,sr<=70%,kvB<=1k,kp<=512,0.2677,2
256,n<=2,sr<=70%,kvB<=1k,kp<=8k,-0.5791,2
256,n<=2,sr<=70%,kvB<=1k,kp=0,0.5747,2
256,n<=2,sr<=70%,kvB<=32k,kp<=16k,0.9103,1
256,n<=2,sr<=70%,kvB<=32k,kp<=1k,0.889,1
256,n<=2,sr<=70%,kvB<=32k,kp<=2k,0.9673,1
256,n<=2,sr<=70%,kvB<=32k,kp<=4k,0.6455,1
256,n<=2,sr<=70%,kvB<=32k,kp<=512,0.9793,1
256,n<=2,sr<=70%,kvB<=32k,kp<=8k,0.4659,1
256,n<=2,sr<=70%,kvB<=32k,kp=0,0.9828,1
256,n<=2,sr<=70%,kvB<=4k,kp<=16k,-0.943,2
256,n<=2,sr<=70%,kvB<=4k,kp<=1k,0.5075,2
256,n<=2,sr<=70%,kvB<=4k,kp<=2k,0.4769,2
256,n<=2,sr<=70%,kvB<=4k,kp<=4k,-0.8754,2
256,n<=2,sr<=70%,kvB<=4k,kp<=512,0.5066,2
256,n<=2,sr<=70%,kvB<=4k,kp<=8k,-0.8012,2
256,n<=2,sr<=70%,kvB<=4k,kp=0,0.9053,2
256,n<=32,sr<=15%,kvB<=16k,kp<=16k,0.0125,6
256,n<=32,sr<=15%,kvB<=16k,kp<=1k,0.0215,6
256,n<=32,sr<=15%,kvB<=16k,kp<=2k,0.016,6
256,n<=32,sr<=15%,kvB<=16k,kp<=4k,0.0069,6
256,n<=32,sr<=15%,kvB<=16k,kp<=512,0.0238,6
256,n<=32,sr<=15%,kvB<=16k,kp<=8k,0.0109,6
256,n<=32,sr<=15%,kvB<=16k,kp=0,0.0426,6
256,n<=32,sr<=15%,kvB<=1k,kp<=16k,0.0454,6
256,n<=32,sr<=15%,kvB<=1k,kp<=1k,0.0382,6
256,n<=32,sr<=15%,kvB<=1k,kp<=2k,0.0354,6
256,n<=32,sr<=15%,kvB<=1k,kp<=4k,0.0282,6
256,n<=32,sr<=15%,kvB<=1k,kp<=512,0.0399,6
256,n<=32,sr<=15%,kvB<=1k,kp<=8k,0.0426,6
256,n<=32,sr<=15%,kvB<=1k,kp=0,0.0482,6
256,n<=32,sr<=15%,kvB<=32k,kp<=16k,0.009,3
256,n<=32,sr<=15%,kvB<=32k,kp<=1k,0.0187,3
256,n<=32,sr<=15%,kvB<=32k,kp<=2k,0.0254,3
256,n<=32,sr<=15%,kvB<=32k,kp<=4k,0.0198,3
256,n<=32,sr<=15%,kvB<=32k,kp<=512,0.0192,3
256,n<=32,sr<=15%,kvB<=32k,kp<=8k,0.015,3
256,n<=32,sr<=15%,kvB<=32k,kp=0,0.0381,3
256,n<=32,sr<=15%,kvB<=4k,kp<=16k,0.0282,6
256,n<=32,sr<=15%,kvB<=4k,kp<=1k,0.0398,6
256,n<=32,sr<=15%,kvB<=4k,kp<=2k,0.0292,6
256,n<=32,sr<=15%,kvB<=4k,kp<=4k,0.0788,6
256,n<=32,sr<=15%,kvB<=4k,kp<=512,0.0302,6
256,n<=32,sr<=15%,kvB<=4k,kp<=8k,0.0231,6
256,n<=32,sr<=15%,kvB<=4k,kp=0,0.0797,6
256,n<=32,sr<=40%,kvB<=16k,kp<=16k,0.0212,2
256,n<=32,sr<=40%,kvB<=16k,kp<=1k,0.0223,2
256,n<=32,sr<=40%,kvB<=16k,kp<=2k,0.0179,2
256,n<=32,sr<=40%,kvB<=16k,kp<=4k,0.0246,2
256,n<=32,sr<=40%,kvB<=16k,kp<=512,0.0223,2
256,n<=32,sr<=40%,kvB<=16k,kp<=8k,0.0341,2
256,n<=32,sr<=40%,kvB<=16k,kp=0,0.0887,2
256,n<=32,sr<=40%,kvB<=1k,kp<=16k,0.0472,2
256,n<=32,sr<=40%,kvB<=1k,kp<=1k,0.0907,2
256,n<=32,sr<=40%,kvB<=1k,kp<=2k,0.0671,2
256,n<=32,sr<=40%,kvB<=1k,kp<=4k,0.0297,2
256,n<=32,sr<=40%,kvB<=1k,kp<=512,0.0336,2
256,n<=32,sr<=40%,kvB<=1k,kp<=8k,0.0575,2
256,n<=32,sr<=40%,kvB<=1k,kp=0,0.0188,2
256,n<=32,sr<=40%,kvB<=32k,kp<=16k,0.0345,1
256,n<=32,sr<=40%,kvB<=32k,kp<=1k,0.0075,1
256,n<=32,sr<=40%,kvB<=32k,kp<=2k,0.0131,1
256,n<=32,sr<=40%,kvB<=32k,kp<=4k,0.0094,1
256,n<=32,sr<=40%,kvB<=32k,kp<=512,0.0175,1
256,n<=32,sr<=40%,kvB<=32k,kp<=8k,0.0029,1
256,n<=32,sr<=40%,kvB<=32k,kp=0,0.0654,1
256,n<=32,sr<=40%,kvB<=4k,kp<=16k,0.0528,2
256,n<=32,sr<=40%,kvB<=4k,kp<=1k,0.0883,2
256,n<=32,sr<=40%,kvB<=4k,kp<=2k,0.2037,2
256,n<=32,sr<=40%,kvB<=4k,kp<=4k,0.1489,2
256,n<=32,sr<=40%,kvB<=4k,kp<=512,0.0323,2
256,n<=32,sr<=40%,kvB<=4k,kp<=8k,0.0433,2
256,n<=32,sr<=40%,kvB<=4k,kp=0,0.1536,2
256,n<=32,sr<=5%,kvB<=16k,kp<=16k,0.0037,2
256,n<=32,sr<=5%,kvB<=16k,kp<=1k,0.024,2
256,n<=32,sr<=5%,kvB<=16k,kp<=2k,0.0243,2
256,n<=32,sr<=5%,kvB<=16k,kp<=4k,0.0234,2
256,n<=32,sr<=5%,kvB<=16k,kp<=512,0.0208,2
256,n<=32,sr<=5%,kvB<=16k,kp<=8k,0.0047,2
256,n<=32,sr<=5%,kvB<=16k,kp=0,0.0207,2
256,n<=32,sr<=5%,kvB<=1k,kp<=16k,0.011,2
256,n<=32,sr<=5%,kvB<=1k,kp<=1k,0.0111,2
256,n<=32,sr<=5%,kvB<=1k,kp<=2k,0.0071,2
256,n<=32,sr<=5%,kvB<=1k,kp<=4k,0.0079,2
256,n<=32,sr<=5%,kvB<=1k,kp<=512,0.023,2
256,n<=32,sr<=5%,kvB<=1k,kp<=8k,0.0119,2
256,n<=32,sr<=5%,kvB<=1k,kp=0,0.0353,2
256,n<=32,sr<=5%,kvB<=32k,kp<=16k,0.0189,1
256,n<=32,sr<=5%,kvB<=32k,kp<=1k,0.0228,1
256,n<=32,sr<=5%,kvB<=32k,kp<=2k,0.0253,1
256,n<=32,sr<=5%,kvB<=32k,kp<=4k,0.0209,1
256,n<=32,sr<=5%,kvB<=32k,kp<=512,0.0266,1
256,n<=32,sr<=5%,kvB<=32k,kp<=8k,0.0214,1
256,n<=32,sr<=5%,kvB<=32k,kp=0,0.0349,1
256,n<=32,sr<=5%,kvB<=4k,kp<=16k,0.0217,2
256,n<=32,sr<=5%,kvB<=4k,kp<=1k,0.0301,2
256,n<=32,sr<=5%,kvB<=4k,kp<=2k,-0.0087,2
256,n<=32,sr<=5%,kvB<=4k,kp<=4k,0.0097,2
256,n<=32,sr<=5%,kvB<=4k,kp<=512,0.0295,2
256,n<=32,sr<=5%,kvB<=4k,kp<=8k,0.0161,2
256,n<=32,sr<=5%,kvB<=4k,kp=0,0.0404,2
256,n<=32,sr<=70%,kvB<=16k,kp<=16k,0.0816,2
256,n<=32,sr<=70%,kvB<=16k,kp<=1k,0.0368,2
256,n<=32,sr<=70%,kvB<=16k,kp<=2k,0.0359,2
256,n<=32,sr<=70%,kvB<=16k,kp<=4k,0.0333,2
256,n<=32,sr<=70%,kvB<=16k,kp<=512,0.0335,2
256,n<=32,sr<=70%,kvB<=16k,kp<=8k,0.0731,2
256,n<=32,sr<=70%,kvB<=16k,kp=0,0.1384,2
256,n<=32,sr<=70%,kvB<=1k,kp<=16k,0.1064,2
256,n<=32,sr<=70%,kvB<=1k,kp<=1k,0.1896,2
256,n<=32,sr<=70%,kvB<=1k,kp<=2k,0.3611,2
256,n<=32,sr<=70%,kvB<=1k,kp<=4k,0.1268,2
256,n<=32,sr<=70%,kvB<=1k,kp<=512,0.3332,2
256,n<=32,sr<=70%,kvB<=1k,kp<=8k,0.088,2
256,n<=32,sr<=70%,kvB<=1k,kp=0,0.2024,2
256,n<=32,sr<=70%,kvB<=32k,kp<=16k,0.0604,1
256,n<=32,sr<=70%,kvB<=32k,kp<=1k,0.0177,1
256,n<=32,sr<=70%,kvB<=32k,kp<=2k,0.0337,1
256,n<=32,sr<=70%,kvB<=32k,kp<=4k,0.0257,1
256,n<=32,sr<=70%,kvB<=32k,kp<=512,0.0308,1
256,n<=32,sr<=70%,kvB<=32k,kp<=8k,0.0177,1
256,n<=32,sr<=70%,kvB<=32k,kp=0,0.1025,1
256,n<=32,sr<=70%,kvB<=4k,kp<=16k,0.1585,2
256,n<=32,sr<=70%,kvB<=4k,kp<=1k,0.0966,2
256,n<=32,sr<=70%,kvB<=4k,kp<=2k,0.1358,2
256,n<=32,sr<=70%,kvB<=4k,kp<=4k,0.1302,2
256,n<=32,sr<=70%,kvB<=4k,kp<=512,0.0425,2
256,n<=32,sr<=70%,kvB<=4k,kp<=8k,0.2589,2
256,n<=32,sr<=70%,kvB<=4k,kp=0,0.273,2
256,n<=32,sr>70%,kvB<=16k,kp<=16k,0.217,4
256,n<=32,sr>70%,kvB<=16k,kp<=1k,0.0507,4
256,n<=32,sr>70%,kvB<=16k,kp<=2k,0.105,4
256,n<=32,sr>70%,kvB<=16k,kp<=4k,0.1079,4
256,n<=32,sr>70%,kvB<=16k,kp<=512,0.0953,4
256,n<=32,sr>70%,kvB<=16k,kp<=8k,0.1869,4
256,n<=32,sr>70%,kvB<=16k,kp=0,0.2257,4
256,n<=32,sr>70%,kvB<=1k,kp<=16k,0.3906,4
256,n<=32,sr>70%,kvB<=1k,kp<=1k,1.2245,4
256,n<=32,sr>70%,kvB<=1k,kp<=2k,0.9599,4
256,n<=32,sr>70%,kvB<=1k,kp<=4k,0.3066,4
256,n<=32,sr>70%,kvB<=1k,kp<=512,0.9062,4
256,n<=32,sr>70%,kvB<=1k,kp<=8k,0.2086,4
256,n<=32,sr>70%,kvB<=1k,kp=0,0.7068,4
256,n<=32,sr>70%,kvB<=32k,kp<=16k,0.1437,2
256,n<=32,sr>70%,kvB<=32k,kp<=1k,0.0671,2
256,n<=32,sr>70%,kvB<=32k,kp<=2k,0.0849,2
256,n<=32,sr>70%,kvB<=32k,kp<=4k,0.0969,2
256,n<=32,sr>70%,kvB<=32k,kp<=512,0.0819,2
256,n<=32,sr>70%,kvB<=32k,kp<=8k,0.1165,2
256,n<=32,sr>70%,kvB<=32k,kp=0,0.184,2
256,n<=32,sr>70%,kvB<=4k,kp<=16k,0.3539,4
256,n<=32,sr>70%,kvB<=4k,kp<=1k,0.1926,4
256,n<=32,sr>70%,kvB<=4k,kp<=2k,0.4102,4
256,n<=32,sr>70%,kvB<=4k,kp<=4k,0.615,4
256,n<=32,sr>70%,kvB<=4k,kp<=512,0.2023,4
256,n<=32,sr>70%,kvB<=4k,kp<=8k,0.3831,4
256,n<=32,sr>70%,kvB<=4k,kp=0,0.7049,4
256,n<=4,sr<=40%,kvB<=16k,kp<=16k,-0.0751,2
256,n<=4,sr<=40%,kvB<=16k,kp<=1k,0.2806,2
256,n<=4,sr<=40%,kvB<=16k,kp<=2k,0.2965,2
256,n<=4,sr<=40%,kvB<=16k,kp<=4k,0.2949,2
256,n<=4,sr<=40%,kvB<=16k,kp<=512,0.3367,2
256,n<=4,sr<=40%,kvB<=16k,kp<=8k,0.1577,2
256,n<=4,sr<=40%,kvB<=16k,kp=0,0.3215,2
256,n<=4,sr<=40%,kvB<=1k,kp<=16k,0.222,2
256,n<=4,sr<=40%,kvB<=1k,kp<=1k,0.0232,2
256,n<=4,sr<=40%,kvB<=1k,kp<=2k,0.0019,2
256,n<=4,sr<=40%,kvB<=1k,kp<=4k,0.1377,2
256,n<=4,sr<=40%,kvB<=1k,kp<=512,0.2877,2
256,n<=4,sr<=40%,kvB<=1k,kp<=8k,0.3642,2
256,n<=4,sr<=40%,kvB<=1k,kp=0,0.483,2
256,n<=4,sr<=40%,kvB<=32k,kp<=16k,0.1844,1
256,n<=4,sr<=40%,kvB<=32k,kp<=1k,0.299,1
256,n<=4,sr<=40%,kvB<=32k,kp<=2k,0.281,1
256,n<=4,sr<=40%,kvB<=32k,kp<=4k,0.2815,1
256,n<=4,sr<=40%,kvB<=32k,kp<=512,0.3258,1
256,n<=4,sr<=40%,kvB<=32k,kp<=8k,0.2997,1
256,n<=4,sr<=40%,kvB<=32k,kp=0,0.3224,1
256,n<=4,sr<=40%,kvB<=4k,kp<=16k,0.0691,2
256,n<=4,sr<=40%,kvB<=4k,kp<=1k,0.3557,2
256,n<=4,sr<=40%,kvB<=4k,kp<=2k,0.1835,2
256,n<=4,sr<=40%,kvB<=4k,kp<=4k,-0.0695,2
256,n<=4,sr<=40%,kvB<=4k,kp<=512,0.3538,2
256,n<=4,sr<=40%,kvB<=4k,kp<=8k,-0.1821,2
256,n<=4,sr<=40%,kvB<=4k,kp=0,0.3796,2
256,n<=4,sr<=70%,kvB<=16k,kp<=16k,0.1169,2
256,n<=4,sr<=70%,kvB<=16k,kp<=1k,0.2188,2
256,n<=4,sr<=70%,kvB<=16k,kp<=2k,0.2933,2
256,n<=4,sr<=70%,kvB<=16k,kp<=4k,0.224,2
256,n<=4,sr<=70%,kvB<=16k,kp<=512,0.2906,2
256,n<=4,sr<=70%,kvB<=16k,kp<=8k,0.1492,2
256,n<=4,sr<=70%,kvB<=16k,kp=0,0.2167,2
256,n<=4,sr<=70%,kvB<=1k,kp<=16k,0.5359,2
256,n<=4,sr<=70%,kvB<=1k,kp<=1k,-0.032,2
256,n<=4,sr<=70%,kvB<=1k,kp<=2k,-0.2332,2
256,n<=4,sr<=70%,kvB<=1k,kp<=4k,0.1838,2
256,n<=4,sr<=70%,kvB<=1k,kp<=512,0.0959,2
256,n<=4,sr<=70%,kvB<=1k,kp<=8k,0.6201,2
256,n<=4,sr<=70%,kvB<=1k,kp=0,0.422,2
256,n<=4,sr<=70%,kvB<=32k,kp<=16k,0.1845,1
256,n<=4,sr<=70%,kvB<=32k,kp<=1k,0.2902,1
256,n<=4,sr<=70%,kvB<=32k,kp<=2k,0.2411,1
256,n<=4,sr<=70%,kvB<=32k,kp<=4k,0.275,1
256,n<=4,sr<=70%,kvB<=32k,kp<=512,0.3114,1
256,n<=4,sr<=70%,kvB<=32k,kp<=8k,0.2002,1
256,n<=4,sr<=70%,kvB<=32k,kp=0,0.1107,1
256,n<=4,sr<=70%,kvB<=4k,kp<=16k,0.2641,2
256,n<=4,sr<=70%,kvB<=4k,kp<=1k,0.3166,2
256,n<=4,sr<=70%,kvB<=4k,kp<=2k,0.1622,2
256,n<=4,sr<=70%,kvB<=4k,kp<=4k,-0.0089,2
256,n<=4,sr<=70%,kvB<=4k,kp<=512,0.4237,2
256,n<=4,sr<=70%,kvB<=4k,kp<=8k,-0.0595,2
256,n<=4,sr<=70%,kvB<=4k,kp=0,0.3389,2
256,n<=4,sr>70%,kvB<=16k,kp<=16k,-0.2894,2
256,n<=4,sr>70%,kvB<=16k,kp<=1k,0.9152,2
256,n<=4,sr>70%,kvB<=16k,kp<=2k,0.5647,2
256,n<=4,sr>70%,kvB<=16k,kp<=4k,0.2057,2
256,n<=4,sr>70%,kvB<=16k,kp<=512,1.0503,2
256,n<=4,sr>70%,kvB<=16k,kp<=8k,-0.07,2
256,n<=4,sr>70%,kvB<=16k,kp=0,1.0477,2
256,n<=4,sr>70%,kvB<=1k,kp<=16k,0.9924,2
256,n<=4,sr>70%,kvB<=1k,kp<=1k,-0.0121,2
256,n<=4,sr>70%,kvB<=1k,kp<=2k,-0.4547,2
256,n<=4,sr>70%,kvB<=1k,kp<=4k,-0.0815,2
256,n<=4,sr>70%,kvB<=1k,kp<=512,0.2626,2
256,n<=4,sr>70%,kvB<=1k,kp<=8k,0.6065,2
256,n<=4,sr>70%,kvB<=1k,kp=0,0.4724,2
256,n<=4,sr>70%,kvB<=32k,kp<=16k,0.3834,1
256,n<=4,sr>70%,kvB<=32k,kp<=1k,1.2443,1
256,n<=4,sr>70%,kvB<=32k,kp<=2k,1.0976,1
256,n<=4,sr>70%,kvB<=32k,kp<=4k,0.615,1
256,n<=4,sr>70%,kvB<=32k,kp<=512,1.1494,1
256,n<=4,sr>70%,kvB<=32k,kp<=8k,0.3396,1
256,n<=4,sr>70%,kvB<=32k,kp=0,1.0685,1
256,n<=4,sr>70%,kvB<=4k,kp<=16k,-0.063,2
256,n<=4,sr>70%,kvB<=4k,kp<=1k,0.1923,2
256,n<=4,sr>70%,kvB<=4k,kp<=2k,0.0624,2
256,n<=4,sr>70%,kvB<=4k,kp<=4k,-0.354,2
256,n<=4,sr>70%,kvB<=4k,kp<=512,0.533,2
256,n<=4,sr>70%,kvB<=4k,kp<=8k,-0.4489,2
256,n<=4,sr>70%,kvB<=4k,kp=0,0.7235,2
256,n<=64,sr<=15%,kvB<=16k,kp<=16k,-0.002,4
256,n<=64,sr<=15%,kvB<=16k,kp<=1k,0.0068,4
256,n<=64,sr<=15%,kvB<=16k,kp<=2k,0.0073,4
256,n<=64,sr<=15%,kvB<=16k,kp<=4k,0.0071,4
256,n<=64,sr<=15%,kvB<=16k,kp<=512,0.0065,4
256,n<=64,sr<=15%,kvB<=16k,kp<=8k,0.0061,4
256,n<=64,sr<=15%,kvB<=16k,kp=0,0.0081,4
256,n<=64,sr<=15%,kvB<=1k,kp<=16k,0.025,4
256,n<=64,sr<=15%,kvB<=1k,kp<=1k,0.0062,4
256,n<=64,sr<=15%,kvB<=1k,kp<=2k,0.0063,4
256,n<=64,sr<=15%,kvB<=1k,kp<=4k,0.0059,4
256,n<=64,sr<=15%,kvB<=1k,kp<=512,0.0101,4
256,n<=64,sr<=15%,kvB<=1k,kp<=8k,0.0119,4
256,n<=64,sr<=15%,kvB<=1k,kp=0,0.0097,4
256,n<=64,sr<=15%,kvB<=32k,kp<=16k,0.007,2
256,n<=64,sr<=15%,kvB<=32k,kp<=1k,0.0063,2
256,n<=64,sr<=15%,kvB<=32k,kp<=2k,0.0066,2
256,n<=64,sr<=15%,kvB<=32k,kp<=4k,0.0057,2
256,n<=64,sr<=15%,kvB<=32k,kp<=512,0.0064,2
256,n<=64,sr<=15%,kvB<=32k,kp<=8k,0.0066,2
256,n<=64,sr<=15%,kvB<=32k,kp=0,0.0072,2
256,n<=64,sr<=15%,kvB<=4k,kp<=16k,-0.0005,4
256,n<=64,sr<=15%,kvB<=4k,kp<=1k,0.0091,4
256,n<=64,sr<=15%,kvB<=4k,kp<=2k,0.0064,4
256,n<=64,sr<=15%,kvB<=4k,kp<=4k,0.0003,4
256,n<=64,sr<=15%,kvB<=4k,kp<=512,0.0071,4
256,n<=64,sr<=15%,kvB<=4k,kp<=8k,-0.0039,4
256,n<=64,sr<=15%,kvB<=4k,kp=0,0.0071,4
256,n<=64,sr<=40%,kvB<=16k,kp<=16k,-0.0037,2
256,n<=64,sr<=40%,kvB<=16k,kp<=1k,-0.0005,2
256,n<=64,sr<=40%,kvB<=16k,kp<=2k,0.0002,2
256,n<=64,sr<=40%,kvB<=16k,kp<=4k,-0.0002,2
256,n<=64,sr<=40%,kvB<=16k,kp<=512,0.0004,2
256,n<=64,sr<=40%,kvB<=16k,kp<=8k,0.0,2
256,n<=64,sr<=40%,kvB<=16k,kp=0,0.0018,2
256,n<=64,sr<=40%,kvB<=1k,kp<=16k,0.0519,2
256,n<=64,sr<=40%,kvB<=1k,kp<=1k,-0.0039,2
256,n<=64,sr<=40%,kvB<=1k,kp<=2k,-0.0042,2
256,n<=64,sr<=40%,kvB<=1k,kp<=4k,0.0028,2
256,n<=64,sr<=40%,kvB<=1k,kp<=512,-0.0013,2
256,n<=64,sr<=40%,kvB<=1k,kp<=8k,0.0195,2
256,n<=64,sr<=40%,kvB<=1k,kp=0,0.0002,2
256,n<=64,sr<=40%,kvB<=32k,kp<=16k,-0.0008,1
256,n<=64,sr<=40%,kvB<=32k,kp<=1k,-0.0025,1
256,n<=64,sr<=40%,kvB<=32k,kp<=2k,-0.0026,1
256,n<=64,sr<=40%,kvB<=32k,kp<=4k,-0.0036,1
256,n<=64,sr<=40%,kvB<=32k,kp<=512,-0.0031,1
256,n<=64,sr<=40%,kvB<=32k,kp<=8k,-0.0035,1
256,n<=64,sr<=40%,kvB<=32k,kp=0,-0.0047,1
256,n<=64,sr<=40%,kvB<=4k,kp<=16k,-0.0089,2
256,n<=64,sr<=40%,kvB<=4k,kp<=1k,0.0019,2
256,n<=64,sr<=40%,kvB<=4k,kp<=2k,0.0066,2
256,n<=64,sr<=40%,kvB<=4k,kp<=4k,-0.0017,2
256,n<=64,sr<=40%,kvB<=4k,kp<=512,0.0001,2
256,n<=64,sr<=40%,kvB<=4k,kp<=8k,-0.0073,2
256,n<=64,sr<=40%,kvB<=4k,kp=0,0.0018,2
256,n<=64,sr<=5%,kvB<=16k,kp<=16k,0.0091,6
256,n<=64,sr<=5%,kvB<=16k,kp<=1k,0.0093,6
256,n<=64,sr<=5%,kvB<=16k,kp<=2k,0.01,6
256,n<=64,sr<=5%,kvB<=16k,kp<=4k,0.0093,6
256,n<=64,sr<=5%,kvB<=16k,kp<=512,0.0095,6
256,n<=64,sr<=5%,kvB<=16k,kp<=8k,0.0085,6
256,n<=64,sr<=5%,kvB<=16k,kp=0,0.0095,6
256,n<=64,sr<=5%,kvB<=1k,kp<=16k,0.0041,6
256,n<=64,sr<=5%,kvB<=1k,kp<=1k,0.0044,6
256,n<=64,sr<=5%,kvB<=1k,kp<=2k,0.0023,6
256,n<=64,sr<=5%,kvB<=1k,kp<=4k,0.0032,6
256,n<=64,sr<=5%,kvB<=1k,kp<=512,0.0073,6
256,n<=64,sr<=5%,kvB<=1k,kp<=8k,0.0051,6
256,n<=64,sr<=5%,kvB<=1k,kp=0,0.0091,6
256,n<=64,sr<=5%,kvB<=32k,kp<=16k,0.0081,3
256,n<=64,sr<=5%,kvB<=32k,kp<=1k,0.0091,3
256,n<=64,sr<=5%,kvB<=32k,kp<=2k,0.0096,3
256,n<=64,sr<=5%,kvB<=32k,kp<=4k,0.0096,3
256,n<=64,sr<=5%,kvB<=32k,kp<=512,0.0094,3
256,n<=64,sr<=5%,kvB<=32k,kp<=8k,0.0091,3
256,n<=64,sr<=5%,kvB<=32k,kp=0,0.0091,3
256,n<=64,sr<=5%,kvB<=4k,kp<=16k,0.0004,6
256,n<=64,sr<=5%,kvB<=4k,kp<=1k,0.0103,6
256,n<=64,sr<=5%,kvB<=4k,kp<=2k,0.0076,6
256,n<=64,sr<=5%,kvB<=4k,kp<=4k,0.0025,6
256,n<=64,sr<=5%,kvB<=4k,kp<=512,0.0085,6
256,n<=64,sr<=5%,kvB<=4k,kp<=8k,-0.0004,6
256,n<=64,sr<=5%,kvB<=4k,kp=0,0.0088,6
256,n<=64,sr<=70%,kvB<=16k,kp<=16k,-0.0094,2
256,n<=64,sr<=70%,kvB<=16k,kp<=1k,-0.0018,2
256,n<=64,sr<=70%,kvB<=16k,kp<=2k,-0.0034,2
256,n<=64,sr<=70%,kvB<=16k,kp<=4k,-0.005,2
256,n<=64,sr<=70%,kvB<=16k,kp<=512,-0.0036,2
256,n<=64,sr<=70%,kvB<=16k,kp<=8k,-0.0024,2
256,n<=64,sr<=70%,kvB<=16k,kp=0,-0.0004,2
256,n<=64,sr<=70%,kvB<=1k,kp<=16k,0.0553,2
256,n<=64,sr<=70%,kvB<=1k,kp<=1k,0.0006,2
256,n<=64,sr<=70%,kvB<=1k,kp<=2k,-0.0122,2
256,n<=64,sr<=70%,kvB<=1k,kp<=4k,0.011,2
256,n<=64,sr<=70%,kvB<=1k,kp<=512,0.0105,2
256,n<=64,sr<=70%,kvB<=1k,kp<=8k,0.0161,2
256,n<=64,sr<=70%,kvB<=1k,kp=0,0.0024,2
256,n<=64,sr<=70%,kvB<=32k,kp<=16k,-0.0041,1
256,n<=64,sr<=70%,kvB<=32k,kp<=1k,-0.0042,1
256,n<=64,sr<=70%,kvB<=32k,kp<=2k,-0.006,1
256,n<=64,sr<=70%,kvB<=32k,kp<=4k,-0.0063,1
256,n<=64,sr<=70%,kvB<=32k,kp<=512,-0.0048,1
256,n<=64,sr<=70%,kvB<=32k,kp<=8k,-0.0098,1
256,n<=64,sr<=70%,kvB<=32k,kp=0,-0.0087,1
256,n<=64,sr<=70%,kvB<=4k,kp<=16k,-0.015,2
256,n<=64,sr<=70%,kvB<=4k,kp<=1k,-0.0009,2
256,n<=64,sr<=70%,kvB<=4k,kp<=2k,0.0035,2
256,n<=64,sr<=70%,kvB<=4k,kp<=4k,-0.0032,2
256,n<=64,sr<=70%,kvB<=4k,kp<=512,-0.0028,2
256,n<=64,sr<=70%,kvB<=4k,kp<=8k,-0.0052,2
256,n<=64,sr<=70%,kvB<=4k,kp=0,0.0045,2
256,n<=64,sr>70%,kvB<=16k,kp<=16k,0.0321,4
256,n<=64,sr>70%,kvB<=16k,kp<=1k,0.0048,4
256,n<=64,sr>70%,kvB<=16k,kp<=2k,0.0079,4
256,n<=64,sr>70%,kvB<=16k,kp<=4k,0.0072,4
256,n<=64,sr>70%,kvB<=16k,kp<=512,0.0045,4
256,n<=64,sr>70%,kvB<=16k,kp<=8k,0.0136,4
256,n<=64,sr>70%,kvB<=16k,kp=0,0.0212,4
256,n<=64,sr>70%,kvB<=1k,kp<=16k,0.0926,4
256,n<=64,sr>70%,kvB<=1k,kp<=1k,0.0385,4
256,n<=64,sr>70%,kvB<=1k,kp<=2k,0.0372,4
256,n<=64,sr>70%,kvB<=1k,kp<=4k,0.0446,4
256,n<=64,sr>70%,kvB<=1k,kp<=512,0.0235,4
256,n<=64,sr>70%,kvB<=1k,kp<=8k,0.06,4
256,n<=64,sr>70%,kvB<=1k,kp=0,0.0085,4
256,n<=64,sr>70%,kvB<=32k,kp<=16k,0.0116,2
256,n<=64,sr>70%,kvB<=32k,kp<=1k,0.0094,2
256,n<=64,sr>70%,kvB<=32k,kp<=2k,0.0069,2
256,n<=64,sr>70%,kvB<=32k,kp<=4k,0.0096,2
256,n<=64,sr>70%,kvB<=32k,kp<=512,0.0066,2
256,n<=64,sr>70%,kvB<=32k,kp<=8k,0.0005,2
256,n<=64,sr>70%,kvB<=32k,kp=0,0.003,2
256,n<=64,sr>70%,kvB<=4k,kp<=16k,0.0592,4
256,n<=64,sr>70%,kvB<=4k,kp<=1k,0.0025,4
256,n<=64,sr>70%,kvB<=4k,kp<=2k,0.0168,4
256,n<=64,sr>70%,kvB<=4k,kp<=4k,0.0106,4
256,n<=64,sr>70%,kvB<=4k,kp<=512,0.0076,4
256,n<=64,sr>70%,kvB<=4k,kp<=8k,0.0118,4
256,n<=64,sr>70%,kvB<=4k,kp=0,0.0365,4
256,n<=8,sr<=15%,kvB<=16k,kp<=16k,0.1132,2
256,n<=8,sr<=15%,kvB<=16k,kp<=1k,0.1351,2
256,n<=8,sr<=15%,kvB<=16k,kp<=2k,0.1004,2
256,n<=8,sr<=15%,kvB<=16k,kp<=4k,0.0325,2
256,n<=8,sr<=15%,kvB<=16k,kp<=512,0.1446,2
256,n<=8,sr<=15%,kvB<=16k,kp<=8k,0.0633,2
256,n<=8,sr<=15%,kvB<=16k,kp=0,0.1194,2
256,n<=8,sr<=15%,kvB<=1k,kp<=16k,0.1445,2
256,n<=8,sr<=15%,kvB<=1k,kp<=1k,0.0967,2
256,n<=8,sr<=15%,kvB<=1k,kp<=2k,0.1388,2
256,n<=8,sr<=15%,kvB<=1k,kp<=4k,0.1306,2
256,n<=8,sr<=15%,kvB<=1k,kp<=512,0.1852,2
256,n<=8,sr<=15%,kvB<=1k,kp<=8k,0.1296,2
256,n<=8,sr<=15%,kvB<=1k,kp=0,0.2903,2
256,n<=8,sr<=15%,kvB<=32k,kp<=16k,0.0439,1
256,n<=8,sr<=15%,kvB<=32k,kp<=1k,0.1193,1
256,n<=8,sr<=15%,kvB<=32k,kp<=2k,0.1558,1
256,n<=8,sr<=15%,kvB<=32k,kp<=4k,0.1114,1
256,n<=8,sr<=15%,kvB<=32k,kp<=512,0.1293,1
256,n<=8,sr<=15%,kvB<=32k,kp<=8k,0.0367,1
256,n<=8,sr<=15%,kvB<=32k,kp=0,0.1175,1
256,n<=8,sr<=15%,kvB<=4k,kp<=16k,0.012,2
256,n<=8,sr<=15%,kvB<=4k,kp<=1k,0.1683,2
256,n<=8,sr<=15%,kvB<=4k,kp<=2k,0.1255,2
256,n<=8,sr<=15%,kvB<=4k,kp<=4k,0.0148,2
256,n<=8,sr<=15%,kvB<=4k,kp<=512,0.1453,2
256,n<=8,sr<=15%,kvB<=4k,kp<=8k,0.0279,2
256,n<=8,sr<=15%,kvB<=4k,kp=0,0.1799,2
256,n<=8,sr<=40%,kvB<=16k,kp<=16k,0.1234,4
256,n<=8,sr<=40%,kvB<=16k,kp<=1k,0.1372,4
256,n<=8,sr<=40%,kvB<=16k,kp<=2k,0.0498,4
256,n<=8,sr<=40%,kvB<=16k,kp<=4k,-0.0375,4
256,n<=8,sr<=40%,kvB<=16k,kp<=512,0.1701,4
256,n<=8,sr<=40%,kvB<=16k,kp<=8k,0.1851,4
256,n<=8,sr<=40%,kvB<=16k,kp=0,0.1104,4
256,n<=8,sr<=40%,kvB<=1k,kp<=16k,0.1002,4
256,n<=8,sr<=40%,kvB<=1k,kp<=1k,0.1048,4
256,n<=8,sr<=40%,kvB<=1k,kp<=2k,0.1367,4
256,n<=8,sr<=40%,kvB<=1k,kp<=4k,0.1374,4
256,n<=8,sr<=40%,kvB<=1k,kp<=512,0.1938,4
256,n<=8,sr<=40%,kvB<=1k,kp<=8k,0.1005,4
256,n<=8,sr<=40%,kvB<=1k,kp=0,0.2713,4
256,n<=8,sr<=40%,kvB<=32k,kp<=16k,0.2016,2
256,n<=8,sr<=40%,kvB<=32k,kp<=1k,0.1432,2
256,n<=8,sr<=40%,kvB<=32k,kp<=2k,0.1672,2
256,n<=8,sr<=40%,kvB<=32k,kp<=4k,0.0705,2
256,n<=8,sr<=40%,kvB<=32k,kp<=512,0.1588,2
256,n<=8,sr<=40%,kvB<=32k,kp<=8k,-0.0589,2
256,n<=8,sr<=40%,kvB<=32k,kp=0,0.1011,2
256,n<=8,sr<=40%,kvB<=4k,kp<=16k,0.0792,4
256,n<=8,sr<=40%,kvB<=4k,kp<=1k,0.1094,4
256,n<=8,sr<=40%,kvB<=4k,kp<=2k,0.1796,4
256,n<=8,sr<=40%,kvB<=4k,kp<=4k,0.0888,4
256,n<=8,sr<=40%,kvB<=4k,kp<=512,0.1347,4
256,n<=8,sr<=40%,kvB<=4k,kp<=8k,0.0875,4
256,n<=8,sr<=40%,kvB<=4k,kp=0,0.162,4
256,n<=8,sr<=70%,kvB<=16k,kp<=16k,0.3804,2
256,n<=8,sr<=70%,kvB<=16k,kp<=1k,0.2001,2
256,n<=8,sr<=70%,kvB<=16k,kp<=2k,0.0628,2
256,n<=8,sr<=70%,kvB<=16k,kp<=4k,-0.3012,2
256,n<=8,sr<=70%,kvB<=16k,kp<=512,0.3062,2
256,n<=8,sr<=70%,kvB<=16k,kp<=8k,0.1143,2
256,n<=8,sr<=70%,kvB<=16k,kp=0,0.1927,2
256,n<=8,sr<=70%,kvB<=1k,kp<=16k,0.0912,2
256,n<=8,sr<=70%,kvB<=1k,kp<=1k,0.0241,2
256,n<=8,sr<=70%,kvB<=1k,kp<=2k,0.0996,2
256,n<=8,sr<=70%,kvB<=1k,kp<=4k,0.1031,2
256,n<=8,sr<=70%,kvB<=1k,kp<=512,0.2145,2
256,n<=8,sr<=70%,kvB<=1k,kp<=8k,0.0719,2
256,n<=8,sr<=70%,kvB<=1k,kp=0,0.2202,2
256,n<=8,sr<=70%,kvB<=32k,kp<=16k,0.1997,1
256,n<=8,sr<=70%,kvB<=32k,kp<=1k,0.2702,1
256,n<=8,sr<=70%,kvB<=32k,kp<=2k,0.2861,1
256,n<=8,sr<=70%,kvB<=32k,kp<=4k,0.1639,1
256,n<=8,sr<=70%,kvB<=32k,kp<=512,0.2312,1
256,n<=8,sr<=70%,kvB<=32k,kp<=8k,-0.0671,1
256,n<=8,sr<=70%,kvB<=32k,kp=0,0.1314,1
256,n<=8,sr<=70%,kvB<=4k,kp<=16k,0.0642,2
256,n<=8,sr<=70%,kvB<=4k,kp<=1k,0.023,2
256,n<=8,sr<=70%,kvB<=4k,kp<=2k,0.2767,2
256,n<=8,sr<=70%,kvB<=4k,kp<=4k,0.0496,2
256,n<=8,sr<=70%,kvB<=4k,kp<=512,0.0667,2
256,n<=8,sr<=70%,kvB<=4k,kp<=8k,0.2734,2
256,n<=8,sr<=70%,kvB<=4k,kp=0,0.2056,2
256,n<=8,sr>70%,kvB<=16k,kp<=16k,1.711,4
256,n<=8,sr>70%,kvB<=16k,kp<=1k,0.1164,4
256,n<=8,sr>70%,kvB<=16k,kp<=2k,-0.1204,4
256,n<=8,sr>70%,kvB<=16k,kp<=4k,-0.3737,4
256,n<=8,sr>70%,kvB<=16k,kp<=512,0.4225,4
256,n<=8,sr>70%,kvB<=16k,kp<=8k,-0.0312,4
256,n<=8,sr>70%,kvB<=16k,kp=0,0.2556,4
256,n<=8,sr>70%,kvB<=1k,kp<=16k,0.3239,4
256,n<=8,sr>70%,kvB<=1k,kp<=1k,0.2971,4
256,n<=8,sr>70%,kvB<=1k,kp<=2k,0.4583,4
256,n<=8,sr>70%,kvB<=1k,kp<=4k,0.4382,4
256,n<=8,sr>70%,kvB<=1k,kp<=512,0.2966,4
256,n<=8,sr>70%,kvB<=1k,kp<=8k,0.5335,4
256,n<=8,sr>70%,kvB<=1k,kp=0,0.3599,4
256,n<=8,sr>70%,kvB<=32k,kp<=16k,-0.1744,2
256,n<=8,sr>70%,kvB<=32k,kp<=1k,0.3003,2
256,n<=8,sr>70%,kvB<=32k,kp<=2k,0.2862,2
256,n<=8,sr>70%,kvB<=32k,kp<=4k,0.0359,2
256,n<=8,sr>70%,kvB<=32k,kp<=512,0.4978,2
256,n<=8,sr>70%,kvB<=32k,kp<=8k,0.0034,2
256,n<=8,sr>70%,kvB<=32k,kp=0,0.2548,2
256,n<=8,sr>70%,kvB<=4k,kp<=16k,1.3978,4
256,n<=8,sr>70%,kvB<=4k,kp<=1k,-0.1756,4
256,n<=8,sr>70%,kvB<=4k,kp<=2k,-0.3148,3
256,n<=8,sr>70%,kvB<=4k,kp<=4k,0.237,4
256,n<=8,sr>70%,kvB<=4k,kp<=512,-0.0188,4
256,n<=8,sr>70%,kvB<=4k,kp<=8k,0.9231,4
256,n<=8,sr>70%,kvB<=4k,kp=0,0.1206,4
512,n<=128,sr<=15%,kvB<=16k,kp<=16k,-0.0014,4
512,n<=128,sr<=15%,kvB<=16k,kp<=1k,0.0023,4
512,n<=128,sr<=15%,kvB<=16k,kp<=2k,0.0024,4
512,n<=128,sr<=15%,kvB<=16k,kp<=4k,0.0027,4
512,n<=128,sr<=15%,kvB<=16k,kp<=512,0.0025,4
512,n<=128,sr<=15%,kvB<=16k,kp<=8k,0.0018,4
512,n<=128,sr<=15%,kvB<=16k,kp=0,0.0022,4
512,n<=128,sr<=15%,kvB<=1k,kp<=16k,0.0449,4
512,n<=128,sr<=15%,kvB<=1k,kp<=1k,0.0105,4
512,n<=128,sr<=15%,kvB<=1k,kp<=2k,0.0126,4
512,n<=128,sr<=15%,kvB<=1k,kp<=4k,0.0192,4
512,n<=128,sr<=15%,kvB<=1k,kp<=512,0.0095,4
512,n<=128,sr<=15%,kvB<=1k,kp<=8k,0.035,4
512,n<=128,sr<=15%,kvB<=1k,kp=0,0.0082,4
512,n<=128,sr<=15%,kvB<=32k,kp<=16k,0.0023,2
512,n<=128,sr<=15%,kvB<=32k,kp<=1k,0.0022,2
512,n<=128,sr<=15%,kvB<=32k,kp<=2k,0.0021,2
512,n<=128,sr<=15%,kvB<=32k,kp<=4k,0.0023,2
512,n<=128,sr<=15%,kvB<=32k,kp<=512,0.0022,2
512,n<=128,sr<=15%,kvB<=32k,kp<=8k,0.0022,2
512,n<=128,sr<=15%,kvB<=32k,kp=0,0.0023,2
512,n<=128,sr<=15%,kvB<=4k,kp<=16k,0.0029,4
512,n<=128,sr<=15%,kvB<=4k,kp<=1k,0.0028,4
512,n<=128,sr<=15%,kvB<=4k,kp<=2k,0.0017,4
512,n<=128,sr<=15%,kvB<=4k,kp<=4k,0.0019,4
512,n<=128,sr<=15%,kvB<=4k,kp<=512,0.0024,4
512,n<=128,sr<=15%,kvB<=4k,kp<=8k,-0.0032,4
512,n<=128,sr<=15%,kvB<=4k,kp=0,0.002,4
512,n<=128,sr<=40%,kvB<=16k,kp<=16k,0.0034,2
512,n<=128,sr<=40%,kvB<=16k,kp<=1k,0.0005,2
512,n<=128,sr<=40%,kvB<=16k,kp<=2k,-0.0009,2
512,n<=128,sr<=40%,kvB<=16k,kp<=4k,0.0005,2
512,n<=128,sr<=40%,kvB<=16k,kp<=512,0.0005,2
512,n<=128,sr<=40%,kvB<=16k,kp<=8k,0.0005,2
512,n<=128,sr<=40%,kvB<=16k,kp=0,0.0003,2
512,n<=128,sr<=40%,kvB<=1k,kp<=16k,0.0935,2
512,n<=128,sr<=40%,kvB<=1k,kp<=1k,0.0273,2
512,n<=128,sr<=40%,kvB<=1k,kp<=2k,0.0372,2
512,n<=128,sr<=40%,kvB<=1k,kp<=4k,0.0477,2
512,n<=128,sr<=40%,kvB<=1k,kp<=512,0.0263,2
512,n<=128,sr<=40%,kvB<=1k,kp<=8k,0.0828,2
512,n<=128,sr<=40%,kvB<=1k,kp=0,0.0241,2
512,n<=128,sr<=40%,kvB<=32k,kp<=16k,0.0008,1
512,n<=128,sr<=40%,kvB<=32k,kp<=1k,0.0009,1
512,n<=128,sr<=40%,kvB<=32k,kp<=2k,0.0008,1
512,n<=128,sr<=40%,kvB<=32k,kp<=4k,-0.0005,1
512,n<=128,sr<=40%,kvB<=32k,kp<=512,0.0009,1
512,n<=128,sr<=40%,kvB<=32k,kp<=8k,-0.0013,1
512,n<=128,sr<=40%,kvB<=32k,kp=0,0.0007,1
512,n<=128,sr<=40%,kvB<=4k,kp<=16k,-0.0008,2
512,n<=128,sr<=40%,kvB<=4k,kp<=1k,0.0021,2
512,n<=128,sr<=40%,kvB<=4k,kp<=2k,-0.0008,2
512,n<=128,sr<=40%,kvB<=4k,kp<=4k,0.0018,2
512,n<=128,sr<=40%,kvB<=4k,kp<=512,-0.0005,2
512,n<=128,sr<=40%,kvB<=4k,kp<=8k,-0.0002,2
512,n<=128,sr<=40%,kvB<=4k,kp=0,0.0005,2
512,n<=128,sr<=5%,kvB<=16k,kp<=16k,0.0049,8
512,n<=128,sr<=5%,kvB<=16k,kp<=1k,0.0034,8
512,n<=128,sr<=5%,kvB<=16k,kp<=2k,0.0031,8
512,n<=128,sr<=5%,kvB<=16k,kp<=4k,0.0034,8
512,n<=128,sr<=5%,kvB<=16k,kp<=512,0.0034,8
512,n<=128,sr<=5%,kvB<=16k,kp<=8k,0.0038,8
512,n<=128,sr<=5%,kvB<=16k,kp=0,0.0034,8
512,n<=128,sr<=5%,kvB<=1k,kp<=16k,-0.0093,8
512,n<=128,sr<=5%,kvB<=1k,kp<=1k,0.0008,8
512,n<=128,sr<=5%,kvB<=1k,kp<=2k,0.0018,8
512,n<=128,sr<=5%,kvB<=1k,kp<=4k,0.0032,8
512,n<=128,sr<=5%,kvB<=1k,kp<=512,-0.0006,8
512,n<=128,sr<=5%,kvB<=1k,kp<=8k,0.0033,8
512,n<=128,sr<=5%,kvB<=1k,kp=0,-0.0005,8
512,n<=128,sr<=5%,kvB<=32k,kp<=16k,0.003,4
512,n<=128,sr<=5%,kvB<=32k,kp<=1k,0.0036,4
512,n<=128,sr<=5%,kvB<=32k,kp<=2k,0.0035,4
512,n<=128,sr<=5%,kvB<=32k,kp<=4k,0.0034,4
512,n<=128,sr<=5%,kvB<=32k,kp<=512,0.0036,4
512,n<=128,sr<=5%,kvB<=32k,kp<=8k,0.0033,4
512,n<=128,sr<=5%,kvB<=32k,kp=0,0.0035,4
512,n<=128,sr<=5%,kvB<=4k,kp<=16k,-0.0007,8
512,n<=128,sr<=5%,kvB<=4k,kp<=1k,0.0027,8
512,n<=128,sr<=5%,kvB<=4k,kp<=2k,0.002,8
512,n<=128,sr<=5%,kvB<=4k,kp<=4k,0.0019,8
512,n<=128,sr<=5%,kvB<=4k,kp<=512,0.0025,8
512,n<=128,sr<=5%,kvB<=4k,kp<=8k,-0.0031,8
512,n<=128,sr<=5%,kvB<=4k,kp=0,0.0028,8
512,n<=128,sr<=70%,kvB<=16k,kp<=16k,-0.0164,2
512,n<=128,sr<=70%,kvB<=16k,kp<=1k,-0.0018,2
512,n<=128,sr<=70%,kvB<=16k,kp<=2k,-0.0031,2
512,n<=128,sr<=70%,kvB<=16k,kp<=4k,-0.0039,2
512,n<=128,sr<=70%,kvB<=16k,kp<=512,-0.0009,2
512,n<=128,sr<=70%,kvB<=16k,kp<=8k,-0.0098,2
512,n<=128,sr<=70%,kvB<=16k,kp=0,-0.0011,2
512,n<=128,sr<=70%,kvB<=1k,kp<=16k,0.1086,2
512,n<=128,sr<=70%,kvB<=1k,kp<=1k,0.0319,2
512,n<=128,sr<=70%,kvB<=1k,kp<=2k,0.0356,2
512,n<=128,sr<=70%,kvB<=1k,kp<=4k,0.0644,2
512,n<=128,sr<=70%,kvB<=1k,kp<=512,0.0225,2
512,n<=128,sr<=70%,kvB<=1k,kp<=8k,0.0699,2
512,n<=128,sr<=70%,kvB<=1k,kp=0,0.025,2
512,n<=128,sr<=70%,kvB<=32k,kp<=16k,-0.0086,1
512,n<=128,sr<=70%,kvB<=32k,kp<=1k,-0.0011,1
512,n<=128,sr<=70%,kvB<=32k,kp<=2k,-0.0015,1
512,n<=128,sr<=70%,kvB<=32k,kp<=4k,-0.0037,1
512,n<=128,sr<=70%,kvB<=32k,kp<=512,-0.0007,1
512,n<=128,sr<=70%,kvB<=32k,kp<=8k,-0.0043,1
512,n<=128,sr<=70%,kvB<=32k,kp=0,-0.0001,1
512,n<=128,sr<=70%,kvB<=4k,kp<=16k,-0.0269,2
512,n<=128,sr<=70%,kvB<=4k,kp<=1k,-0.0042,2
512,n<=128,sr<=70%,kvB<=4k,kp<=2k,-0.01,2
512,n<=128,sr<=70%,kvB<=4k,kp<=4k,-0.0153,2
512,n<=128,sr<=70%,kvB<=4k,kp<=512,-0.0034,2
512,n<=128,sr<=70%,kvB<=4k,kp<=8k,-0.0106,2
512,n<=128,sr<=70%,kvB<=4k,kp=0,-0.0023,2
512,n<=128,sr>70%,kvB<=16k,kp<=16k,-0.0031,4
512,n<=128,sr>70%,kvB<=16k,kp<=1k,0.0066,4
512,n<=128,sr>70%,kvB<=16k,kp<=2k,0.0064,4
512,n<=128,sr>70%,kvB<=16k,kp<=4k,0.0048,4
512,n<=128,sr>70%,kvB<=16k,kp<=512,0.0056,4
512,n<=128,sr>70%,kvB<=16k,kp<=8k,0.0137,4
512,n<=128,sr>70%,kvB<=16k,kp=0,0.0053,4
512,n<=128,sr>70%,kvB<=1k,kp<=16k,0.2223,4
512,n<=128,sr>70%,kvB<=1k,kp<=1k,0.0106,4
512,n<=128,sr>70%,kvB<=1k,kp<=2k,0.0099,4
512,n<=128,sr>70%,kvB<=1k,kp<=4k,0.0361,4
512,n<=128,sr>70%,kvB<=1k,kp<=512,0.009,4
512,n<=128,sr>70%,kvB<=1k,kp<=8k,0.0944,4
512,n<=128,sr>70%,kvB<=1k,kp=0,0.0044,4
512,n<=128,sr>70%,kvB<=32k,kp<=16k,0.0174,2
512,n<=128,sr>70%,kvB<=32k,kp<=1k,0.0085,2
512,n<=128,sr>70%,kvB<=32k,kp<=2k,0.0063,2
512,n<=128,sr>70%,kvB<=32k,kp<=4k,0.0069,2
512,n<=128,sr>70%,kvB<=32k,kp<=512,0.0085,2
512,n<=128,sr>70%,kvB<=32k,kp<=8k,0.0046,2
512,n<=128,sr>70%,kvB<=32k,kp=0,0.0074,2
512,n<=128,sr>70%,kvB<=4k,kp<=16k,-0.067,4
512,n<=128,sr>70%,kvB<=4k,kp<=1k,0.0003,4
512,n<=128,sr>70%,kvB<=4k,kp<=2k,0.0202,4
512,n<=128,sr>70%,kvB<=4k,kp<=4k,-0.0044,4
512,n<=128,sr>70%,kvB<=4k,kp<=512,0.0022,4
512,n<=128,sr>70%,kvB<=4k,kp<=8k,-0.0314,4
512,n<=128,sr>70%,kvB<=4k,kp=0,0.0031,4
512,n<=16,sr<=15%,kvB<=16k,kp<=16k,0.0466,4
512,n<=16,sr<=15%,kvB<=16k,kp<=1k,0.0501,4
512,n<=16,sr<=15%,kvB<=16k,kp<=2k,0.0021,4
512,n<=16,sr<=15%,kvB<=16k,kp<=4k,-0.0551,4
512,n<=16,sr<=15%,kvB<=16k,kp<=512,0.0469,4
512,n<=16,sr<=15%,kvB<=16k,kp<=8k,0.0118,4
512,n<=16,sr<=15%,kvB<=16k,kp=0,0.0817,4
512,n<=16,sr<=15%,kvB<=1k,kp<=16k,0.0119,4
512,n<=16,sr<=15%,kvB<=1k,kp<=1k,0.0659,4
512,n<=16,sr<=15%,kvB<=1k,kp<=2k,0.0694,4
512,n<=16,sr<=15%,kvB<=1k,kp<=4k,0.0615,4
512,n<=16,sr<=15%,kvB<=1k,kp<=512,0.0583,4
512,n<=16,sr<=15%,kvB<=1k,kp<=8k,0.0657,4
512,n<=16,sr<=15%,kvB<=1k,kp=0,0.1138,4
512,n<=16,sr<=15%,kvB<=32k,kp<=16k,0.0167,2
512,n<=16,sr<=15%,kvB<=32k,kp<=1k,0.0487,2
512,n<=16,sr<=15%,kvB<=32k,kp<=2k,0.0391,2
512,n<=16,sr<=15%,kvB<=32k,kp<=4k,0.0366,2
512,n<=16,sr<=15%,kvB<=32k,kp<=512,0.0457,2
512,n<=16,sr<=15%,kvB<=32k,kp<=8k,0.0131,2
512,n<=16,sr<=15%,kvB<=32k,kp=0,0.0787,2
512,n<=16,sr<=15%,kvB<=4k,kp<=16k,-0.0143,4
512,n<=16,sr<=15%,kvB<=4k,kp<=1k,0.0559,4
512,n<=16,sr<=15%,kvB<=4k,kp<=2k,0.0181,4
512,n<=16,sr<=15%,kvB<=4k,kp<=4k,0.0088,4
512,n<=16,sr<=15%,kvB<=4k,kp<=512,0.0605,4
512,n<=16,sr<=15%,kvB<=4k,kp<=8k,0.0002,4
512,n<=16,sr<=15%,kvB<=4k,kp=0,0.0824,4
512,n<=16,sr<=40%,kvB<=16k,kp<=16k,0.1118,4
512,n<=16,sr<=40%,kvB<=16k,kp<=1k,0.0248,4
512,n<=16,sr<=40%,kvB<=16k,kp<=2k,-0.0103,4
512,n<=16,sr<=40%,kvB<=16k,kp<=4k,-0.0074,4
512,n<=16,sr<=40%,kvB<=16k,kp<=512,0.0428,4
512,n<=16,sr<=40%,kvB<=16k,kp<=8k,0.1099,4
512,n<=16,sr<=40%,kvB<=16k,kp=0,0.1058,4
512,n<=16,sr<=40%,kvB<=1k,kp<=16k,-0.0257,4
512,n<=16,sr<=40%,kvB<=1k,kp<=1k,0.0668,4
512,n<=16,sr<=40%,kvB<=1k,kp<=2k,0.0738,4
512,n<=16,sr<=40%,kvB<=1k,kp<=4k,0.0541,4
512,n<=16,sr<=40%,kvB<=1k,kp<=512,0.0583,4
512,n<=16,sr<=40%,kvB<=1k,kp<=8k,0.0292,4
512,n<=16,sr<=40%,kvB<=1k,kp=0,0.101,4
512,n<=16,sr<=40%,kvB<=32k,kp<=16k,0.0647,2
512,n<=16,sr<=40%,kvB<=32k,kp<=1k,0.0394,2
512,n<=16,sr<=40%,kvB<=32k,kp<=2k,0.0303,2
512,n<=16,sr<=40%,kvB<=32k,kp<=4k,0.0371,2
512,n<=16,sr<=40%,kvB<=32k,kp<=512,0.0585,2
512,n<=16,sr<=40%,kvB<=32k,kp<=8k,0.0297,2
512,n<=16,sr<=40%,kvB<=32k,kp=0,0.0979,2
512,n<=16,sr<=40%,kvB<=4k,kp<=16k,0.0034,4
512,n<=16,sr<=40%,kvB<=4k,kp<=1k,-0.0092,4
512,n<=16,sr<=40%,kvB<=4k,kp<=2k,0.083,4
512,n<=16,sr<=40%,kvB<=4k,kp<=4k,0.0588,4
512,n<=16,sr<=40%,kvB<=4k,kp<=512,0.0466,4
512,n<=16,sr<=40%,kvB<=4k,kp<=8k,0.0373,4
512,n<=16,sr<=40%,kvB<=4k,kp=0,0.1367,4
512,n<=16,sr<=70%,kvB<=16k,kp<=16k,0.0326,2
512,n<=16,sr<=70%,kvB<=16k,kp<=1k,0.0665,2
512,n<=16,sr<=70%,kvB<=16k,kp<=2k,0.034,2
512,n<=16,sr<=70%,kvB<=16k,kp<=4k,-0.0275,2
512,n<=16,sr<=70%,kvB<=16k,kp<=512,0.1081,2
512,n<=16,sr<=70%,kvB<=16k,kp<=8k,0.0476,2
512,n<=16,sr<=70%,kvB<=16k,kp=0,0.2712,2
512,n<=16,sr<=70%,kvB<=1k,kp<=16k,-0.0513,2
512,n<=16,sr<=70%,kvB<=1k,kp<=1k,0.0278,2
512,n<=16,sr<=70%,kvB<=1k,kp<=2k,0.0387,2
512,n<=16,sr<=70%,kvB<=1k,kp<=4k,0.0476,2
512,n<=16,sr<=70%,kvB<=1k,kp<=512,0.0301,2
512,n<=16,sr<=70%,kvB<=1k,kp<=8k,-0.0057,2
512,n<=16,sr<=70%,kvB<=1k,kp=0,0.0634,2
512,n<=16,sr<=70%,kvB<=32k,kp<=16k,0.0402,1
512,n<=16,sr<=70%,kvB<=32k,kp<=1k,0.0713,1
512,n<=16,sr<=70%,kvB<=32k,kp<=2k,0.0503,1
512,n<=16,sr<=70%,kvB<=32k,kp<=4k,0.0679,1
512,n<=16,sr<=70%,kvB<=32k,kp<=512,0.0547,1
512,n<=16,sr<=70%,kvB<=32k,kp<=8k,0.0057,1
512,n<=16,sr<=70%,kvB<=32k,kp=0,0.1467,1
512,n<=16,sr<=70%,kvB<=4k,kp<=16k,0.0611,2
512,n<=16,sr<=70%,kvB<=4k,kp<=1k,0.1461,2
512,n<=16,sr<=70%,kvB<=4k,kp<=2k,0.2715,2
512,n<=16,sr<=70%,kvB<=4k,kp<=4k,0.1515,2
512,n<=16,sr<=70%,kvB<=4k,kp<=512,-0.0199,2
512,n<=16,sr<=70%,kvB<=4k,kp<=8k,0.1806,2
512,n<=16,sr<=70%,kvB<=4k,kp=0,0.156,2
512,n<=16,sr>70%,kvB<=16k,kp<=16k,0.4791,4
512,n<=16,sr>70%,kvB<=16k,kp<=1k,0.0991,4
512,n<=16,sr>70%,kvB<=16k,kp<=2k,0.084,4
512,n<=16,sr>70%,kvB<=16k,kp<=4k,0.0413,4
512,n<=16,sr>70%,kvB<=16k,kp<=512,0.1913,4
512,n<=16,sr>70%,kvB<=16k,kp<=8k,0.2342,4
512,n<=16,sr>70%,kvB<=16k,kp=0,0.6775,4
512,n<=16,sr>70%,kvB<=1k,kp<=16k,0.1609,4
512,n<=16,sr>70%,kvB<=1k,kp<=1k,-0.0147,4
512,n<=16,sr>70%,kvB<=1k,kp<=2k,0.1459,4
512,n<=16,sr>70%,kvB<=1k,kp<=4k,0.2524,4
512,n<=16,sr>70%,kvB<=1k,kp<=512,0.1917,4
512,n<=16,sr>70%,kvB<=1k,kp<=8k,0.1755,4
512,n<=16,sr>70%,kvB<=1k,kp=0,0.2702,4
512,n<=16,sr>70%,kvB<=32k,kp<=16k,0.1232,2
512,n<=16,sr>70%,kvB<=32k,kp<=1k,0.0781,2
512,n<=16,sr>70%,kvB<=32k,kp<=2k,0.097,2
512,n<=16,sr>70%,kvB<=32k,kp<=4k,0.1174,2
512,n<=16,sr>70%,kvB<=32k,kp<=512,0.1673,2
512,n<=16,sr>70%,kvB<=32k,kp<=8k,0.0786,2
512,n<=16,sr>70%,kvB<=32k,kp=0,0.5506,2
512,n<=16,sr>70%,kvB<=4k,kp<=16k,0.5424,4
512,n<=16,sr>70%,kvB<=4k,kp<=1k,-0.0337,4
512,n<=16,sr>70%,kvB<=4k,kp<=2k,-0.0004,4
512,n<=16,sr>70%,kvB<=4k,kp<=4k,1.347,4
512,n<=16,sr>70%,kvB<=4k,kp<=512,0.2309,4
512,n<=16,sr>70%,kvB<=4k,kp<=8k,0.6903,4
512,n<=16,sr>70%,kvB<=4k,kp=0,0.8195,4
512,n<=2,sr<=70%,kvB<=16k,kp<=16k,0.4126,2
512,n<=2,sr<=70%,kvB<=16k,kp<=1k,0.5766,2
512,n<=2,sr<=70%,kvB<=16k,kp<=2k,0.4469,2
512,n<=2,sr<=70%,kvB<=16k,kp<=4k,0.5568,2
512,n<=2,sr<=70%,kvB<=16k,kp<=512,0.8183,2
512,n<=2,sr<=70%,kvB<=16k,kp<=8k,0.6493,2
512,n<=2,sr<=70%,kvB<=16k,kp=0,0.9344,2
512,n<=2,sr<=70%,kvB<=1k,kp<=16k,2.835,1
512,n<=2,sr<=70%,kvB<=1k,kp<=1k,0.1798,2
512,n<=2,sr<=70%,kvB<=1k,kp<=2k,0.0421,2
512,n<=2,sr<=70%,kvB<=1k,kp<=4k,-0.2777,1
512,n<=2,sr<=70%,kvB<=1k,kp<=512,0.3995,2
512,n<=2,sr<=70%,kvB<=1k,kp=0,0.5556,2
512,n<=2,sr<=70%,kvB<=32k,kp<=16k,0.684,1
512,n<=2,sr<=70%,kvB<=32k,kp<=1k,0.9052,1
512,n<=2,sr<=70%,kvB<=32k,kp<=2k,0.713,1
512,n<=2,sr<=70%,kvB<=32k,kp<=4k,0.4717,1
512,n<=2,sr<=70%,kvB<=32k,kp<=512,0.9765,1
512,n<=2,sr<=70%,kvB<=32k,kp<=8k,0.5886,1
512,n<=2,sr<=70%,kvB<=32k,kp=0,0.9704,1
512,n<=2,sr<=70%,kvB<=4k,kp<=16k,1.5158,1
512,n<=2,sr<=70%,kvB<=4k,kp<=1k,0.6758,2
512,n<=2,sr<=70%,kvB<=4k,kp<=2k,0.5411,2
512,n<=2,sr<=70%,kvB<=4k,kp<=4k,-0.2827,2
512,n<=2,sr<=70%,kvB<=4k,kp<=512,0.5742,2
512,n<=2,sr<=70%,kvB<=4k,kp<=8k,0.2094,2
512,n<=2,sr<=70%,kvB<=4k,kp=0,0.5991,2
512,n<=32,sr<=15%,kvB<=16k,kp<=16k,0.0148,6
512,n<=32,sr<=15%,kvB<=16k,kp<=1k,0.0243,6
512,n<=32,sr<=15%,kvB<=16k,kp<=2k,0.0191,6
512,n<=32,sr<=15%,kvB<=16k,kp<=4k,0.0003,6
512,n<=32,sr<=15%,kvB<=16k,kp<=512,0.0227,6
512,n<=32,sr<=15%,kvB<=16k,kp<=8k,0.0057,6
512,n<=32,sr<=15%,kvB<=16k,kp=0,0.0289,6
512,n<=32,sr<=15%,kvB<=1k,kp<=16k,0.0654,6
512,n<=32,sr<=15%,kvB<=1k,kp<=1k,0.039,6
512,n<=32,sr<=15%,kvB<=1k,kp<=2k,0.035,6
512,n<=32,sr<=15%,kvB<=1k,kp<=4k,0.0441,6
512,n<=32,sr<=15%,kvB<=1k,kp<=512,0.0322,6
512,n<=32,sr<=15%,kvB<=1k,kp<=8k,0.0501,6
512,n<=32,sr<=15%,kvB<=1k,kp=0,0.0442,6
512,n<=32,sr<=15%,kvB<=32k,kp<=16k,0.0119,3
512,n<=32,sr<=15%,kvB<=32k,kp<=1k,0.0215,3
512,n<=32,sr<=15%,kvB<=32k,kp<=2k,0.0243,3
512,n<=32,sr<=15%,kvB<=32k,kp<=4k,0.0229,3
512,n<=32,sr<=15%,kvB<=32k,kp<=512,0.0174,3
512,n<=32,sr<=15%,kvB<=32k,kp<=8k,-0.0029,3
512,n<=32,sr<=15%,kvB<=32k,kp=0,0.0193,3
512,n<=32,sr<=15%,kvB<=4k,kp<=16k,0.0016,6
512,n<=32,sr<=15%,kvB<=4k,kp<=1k,0.0458,6
512,n<=32,sr<=15%,kvB<=4k,kp<=2k,0.0149,6
512,n<=32,sr<=15%,kvB<=4k,kp<=4k,0.0116,6
512,n<=32,sr<=15%,kvB<=4k,kp<=512,-0.0043,6
512,n<=32,sr<=15%,kvB<=4k,kp<=8k,0.0304,6
512,n<=32,sr<=15%,kvB<=4k,kp=0,0.037,6
512,n<=32,sr<=40%,kvB<=16k,kp<=16k,0.047,2
512,n<=32,sr<=40%,kvB<=16k,kp<=1k,0.0165,2
512,n<=32,sr<=40%,kvB<=16k,kp<=2k,0.0135,2
512,n<=32,sr<=40%,kvB<=16k,kp<=4k,0.0257,2
512,n<=32,sr<=40%,kvB<=16k,kp<=512,0.0179,2
512,n<=32,sr<=40%,kvB<=16k,kp<=8k,0.031,2
512,n<=32,sr<=40%,kvB<=16k,kp=0,0.0319,2
512,n<=32,sr<=40%,kvB<=1k,kp<=16k,0.0621,2
512,n<=32,sr<=40%,kvB<=1k,kp<=1k,0.0275,2
512,n<=32,sr<=40%,kvB<=1k,kp<=2k,0.0669,2
512,n<=32,sr<=40%,kvB<=1k,kp<=4k,0.0565,2
512,n<=32,sr<=40%,kvB<=1k,kp<=512,0.0314,2
512,n<=32,sr<=40%,kvB<=1k,kp<=8k,0.0745,2
512,n<=32,sr<=40%,kvB<=1k,kp=0,0.0261,2
512,n<=32,sr<=40%,kvB<=32k,kp<=16k,0.0187,1
512,n<=32,sr<=40%,kvB<=32k,kp<=1k,0.0156,1
512,n<=32,sr<=40%,kvB<=32k,kp<=2k,0.0175,1
512,n<=32,sr<=40%,kvB<=32k,kp<=4k,0.0162,1
512,n<=32,sr<=40%,kvB<=32k,kp<=512,0.0157,1
512,n<=32,sr<=40%,kvB<=32k,kp<=8k,0.0009,1
512,n<=32,sr<=40%,kvB<=32k,kp=0,0.0336,1
512,n<=32,sr<=40%,kvB<=4k,kp<=16k,-0.0831,2
512,n<=32,sr<=40%,kvB<=4k,kp<=1k,0.0305,2
512,n<=32,sr<=40%,kvB<=4k,kp<=2k,0.1358,2
512,n<=32,sr<=40%,kvB<=4k,kp<=4k,0.0745,2
512,n<=32,sr<=40%,kvB<=4k,kp<=512,0.024,2
512,n<=32,sr<=40%,kvB<=4k,kp<=8k,0.0228,2
512,n<=32,sr<=40%,kvB<=4k,kp=0,0.0622,2
512,n<=32,sr<=5%,kvB<=16k,kp<=16k,0.0041,2
512,n<=32,sr<=5%,kvB<=16k,kp<=1k,0.0245,2
512,n<=32,sr<=5%,kvB<=16k,kp<=2k,0.0198,2
512,n<=32,sr<=5%,kvB<=16k,kp<=4k,0.0087,2
512,n<=32,sr<=5%,kvB<=16k,kp<=512,0.0238,2
512,n<=32,sr<=5%,kvB<=16k,kp<=8k,0.0081,2
512,n<=32,sr<=5%,kvB<=16k,kp=0,0.0256,2
512,n<=32,sr<=5%,kvB<=1k,kp<=16k,0.0068,2
512,n<=32,sr<=5%,kvB<=1k,kp<=1k,0.0095,2
512,n<=32,sr<=5%,kvB<=1k,kp<=2k,0.0072,2
512,n<=32,sr<=5%,kvB<=1k,kp<=4k,0.0109,2
512,n<=32,sr<=5%,kvB<=1k,kp<=512,0.0104,2
512,n<=32,sr<=5%,kvB<=1k,kp<=8k,0.014,2
512,n<=32,sr<=5%,kvB<=1k,kp=0,0.0265,2
512,n<=32,sr<=5%,kvB<=32k,kp<=16k,0.0151,1
512,n<=32,sr<=5%,kvB<=32k,kp<=1k,0.0239,1
512,n<=32,sr<=5%,kvB<=32k,kp<=2k,0.022,1
512,n<=32,sr<=5%,kvB<=32k,kp<=4k,0.0229,1
512,n<=32,sr<=5%,kvB<=32k,kp<=512,0.0196,1
512,n<=32,sr<=5%,kvB<=32k,kp<=8k,0.0237,1
512,n<=32,sr<=5%,kvB<=32k,kp=0,0.0247,1
512,n<=32,sr<=5%,kvB<=4k,kp<=16k,0.0101,2
512,n<=32,sr<=5%,kvB<=4k,kp<=1k,-0.0062,2
512,n<=32,sr<=5%,kvB<=4k,kp<=2k,0.0204,2
512,n<=32,sr<=5%,kvB<=4k,kp<=4k,0.0069,2
512,n<=32,sr<=5%,kvB<=4k,kp<=512,0.0005,2
512,n<=32,sr<=5%,kvB<=4k,kp<=8k,0.0024,2
512,n<=32,sr<=5%,kvB<=4k,kp=0,0.027,2
512,n<=32,sr<=70%,kvB<=16k,kp<=16k,0.0505,2
512,n<=32,sr<=70%,kvB<=16k,kp<=1k,0.0281,2
512,n<=32,sr<=70%,kvB<=16k,kp<=2k,0.0289,2
512,n<=32,sr<=70%,kvB<=16k,kp<=4k,0.0243,2
512,n<=32,sr<=70%,kvB<=16k,kp<=512,0.0259,2
512,n<=32,sr<=70%,kvB<=16k,kp<=8k,0.0524,2
512,n<=32,sr<=70%,kvB<=16k,kp=0,0.0602,2
512,n<=32,sr<=70%,kvB<=1k,kp<=16k,0.0313,2
512,n<=32,sr<=70%,kvB<=1k,kp<=1k,0.0921,2
512,n<=32,sr<=70%,kvB<=1k,kp<=2k,0.0108,2
512,n<=32,sr<=70%,kvB<=1k,kp<=4k,0.0306,2
512,n<=32,sr<=70%,kvB<=1k,kp<=512,0.1823,2
512,n<=32,sr<=70%,kvB<=1k,kp<=8k,0.0482,2
512,n<=32,sr<=70%,kvB<=1k,kp=0,0.0766,2
512,n<=32,sr<=70%,kvB<=32k,kp<=16k,0.039,1
512,n<=32,sr<=70%,kvB<=32k,kp<=1k,0.0199,1
512,n<=32,sr<=70%,kvB<=32k,kp<=2k,0.0227,1
512,n<=32,sr<=70%,kvB<=32k,kp<=4k,0.0318,1
512,n<=32,sr<=70%,kvB<=32k,kp<=512,0.0075,1
512,n<=32,sr<=70%,kvB<=32k,kp<=8k,0.0132,1
512,n<=32,sr<=70%,kvB<=32k,kp=0,0.0613,1
512,n<=32,sr<=70%,kvB<=4k,kp<=16k,0.0455,2
512,n<=32,sr<=70%,kvB<=4k,kp<=1k,0.0827,2
512,n<=32,sr<=70%,kvB<=4k,kp<=2k,0.1258,2
512,n<=32,sr<=70%,kvB<=4k,kp<=4k,0.0789,2
512,n<=32,sr<=70%,kvB<=4k,kp<=512,-0.0002,2
512,n<=32,sr<=70%,kvB<=4k,kp<=8k,0.0982,2
512,n<=32,sr<=70%,kvB<=4k,kp=0,0.0563,2
512,n<=32,sr>70%,kvB<=16k,kp<=16k,0.075,4
512,n<=32,sr>70%,kvB<=16k,kp<=1k,0.0561,4
512,n<=32,sr>70%,kvB<=16k,kp<=2k,0.0737,4
512,n<=32,sr>70%,kvB<=16k,kp<=4k,0.0781,4
512,n<=32,sr>70%,kvB<=16k,kp<=512,0.0378,4
512,n<=32,sr>70%,kvB<=16k,kp<=8k,0.0831,4
512,n<=32,sr>70%,kvB<=16k,kp=0,0.0831,4
512,n<=32,sr>70%,kvB<=1k,kp<=16k,0.2034,4
512,n<=32,sr>70%,kvB<=1k,kp<=1k,0.5446,4
512,n<=32,sr>70%,kvB<=1k,kp<=2k,0.3596,4
512,n<=32,sr>70%,kvB<=1k,kp<=4k,0.0996,4
512,n<=32,sr>70%,kvB<=1k,kp<=512,0.4825,4
512,n<=32,sr>70%,kvB<=1k,kp<=8k,0.1713,4
512,n<=32,sr>70%,kvB<=1k,kp=0,0.0147,4
512,n<=32,sr>70%,kvB<=32k,kp<=16k,0.0673,2
512,n<=32,sr>70%,kvB<=32k,kp<=1k,0.0305,2
512,n<=32,sr>70%,kvB<=32k,kp<=2k,0.0317,2
512,n<=32,sr>70%,kvB<=32k,kp<=4k,0.0348,2
512,n<=32,sr>70%,kvB<=32k,kp<=512,0.0227,2
512,n<=32,sr>70%,kvB<=32k,kp<=8k,0.0723,2
512,n<=32,sr>70%,kvB<=32k,kp=0,0.1208,2
512,n<=32,sr>70%,kvB<=4k,kp<=16k,0.0941,4
512,n<=32,sr>70%,kvB<=4k,kp<=1k,0.1029,4
512,n<=32,sr>70%,kvB<=4k,kp<=2k,0.2168,4
512,n<=32,sr>70%,kvB<=4k,kp<=4k,0.6322,4
512,n<=32,sr>70%,kvB<=4k,kp<=512,0.0929,4
512,n<=32,sr>70%,kvB<=4k,kp<=8k,0.2496,4
512,n<=32,sr>70%,kvB<=4k,kp=0,0.2004,4
512,n<=4,sr<=40%,kvB<=16k,kp<=16k,-0.0468,2
512,n<=4,sr<=40%,kvB<=16k,kp<=1k,0.2191,2
512,n<=4,sr<=40%,kvB<=16k,kp<=2k,0.304,2
512,n<=4,sr<=40%,kvB<=16k,kp<=4k,0.4726,2
512,n<=4,sr<=40%,kvB<=16k,kp<=512,0.2999,2
512,n<=4,sr<=40%,kvB<=16k,kp<=8k,0.4429,2
512,n<=4,sr<=40%,kvB<=16k,kp=0,0.3578,2
512,n<=4,sr<=40%,kvB<=1k,kp<=16k,0.1234,1
512,n<=4,sr<=40%,kvB<=1k,kp<=1k,0.0933,2
512,n<=4,sr<=40%,kvB<=1k,kp<=2k,0.1602,2
512,n<=4,sr<=40%,kvB<=1k,kp<=4k,-0.3671,1
512,n<=4,sr<=40%,kvB<=1k,kp<=512,0.1332,2
512,n<=4,sr<=40%,kvB<=1k,kp<=8k,1.2772,1
512,n<=4,sr<=40%,kvB<=1k,kp=0,0.422,2
512,n<=4,sr<=40%,kvB<=32k,kp<=16k,0.4509,1
512,n<=4,sr<=40%,kvB<=32k,kp<=1k,0.2292,1
512,n<=4,sr<=40%,kvB<=32k,kp<=2k,0.2365,1
512,n<=4,sr<=40%,kvB<=32k,kp<=4k,0.2411,1
512,n<=4,sr<=40%,kvB<=32k,kp<=512,0.338,1
512,n<=4,sr<=40%,kvB<=32k,kp<=8k,0.3841,1
512,n<=4,sr<=40%,kvB<=32k,kp=0,0.3208,1
512,n<=4,sr<=40%,kvB<=4k,kp<=16k,-0.1521,1
512,n<=4,sr<=40%,kvB<=4k,kp<=1k,0.4022,2
512,n<=4,sr<=40%,kvB<=4k,kp<=2k,0.2712,2
512,n<=4,sr<=40%,kvB<=4k,kp<=4k,-0.1399,2
512,n<=4,sr<=40%,kvB<=4k,kp<=512,0.3669,2
512,n<=4,sr<=40%,kvB<=4k,kp<=8k,0.0157,2
512,n<=4,sr<=40%,kvB<=4k,kp=0,0.394,2
512,n<=4,sr<=70%,kvB<=16k,kp<=16k,-0.1653,2
512,n<=4,sr<=70%,kvB<=16k,kp<=1k,0.27,2
512,n<=4,sr<=70%,kvB<=16k,kp<=2k,0.2457,2
512,n<=4,sr<=70%,kvB<=16k,kp<=4k,0.4604,2
512,n<=4,sr<=70%,kvB<=16k,kp<=512,0.3191,2
512,n<=4,sr<=70%,kvB<=16k,kp<=8k,0.2386,2
512,n<=4,sr<=70%,kvB<=16k,kp=0,0.368,2
512,n<=4,sr<=70%,kvB<=1k,kp<=1k,-0.0119,2
512,n<=4,sr<=70%,kvB<=1k,kp<=2k,0.0071,2
512,n<=4,sr<=70%,kvB<=1k,kp<=4k,-0.296,1
512,n<=4,sr<=70%,kvB<=1k,kp<=512,0.1263,2
512,n<=4,sr<=70%,kvB<=1k,kp<=8k,0.2466,1
512,n<=4,sr<=70%,kvB<=1k,kp=0,0.3749,2
512,n<=4,sr<=70%,kvB<=32k,kp<=16k,0.3846,1
512,n<=4,sr<=70%,kvB<=32k,kp<=1k,0.3676,1
512,n<=4,sr<=70%,kvB<=32k,kp<=2k,0.314,1
512,n<=4,sr<=70%,kvB<=32k,kp<=4k,0.1233,1
512,n<=4,sr<=70%,kvB<=32k,kp<=512,0.3902,1
512,n<=4,sr<=70%,kvB<=32k,kp<=8k,0.3277,1
512,n<=4,sr<=70%,kvB<=32k,kp=0,0.3367,1
512,n<=4,sr<=70%,kvB<=4k,kp<=16k,-0.4614,1
512,n<=4,sr<=70%,kvB<=4k,kp<=1k,0.3861,2
512,n<=4,sr<=70%,kvB<=4k,kp<=2k,0.3467,2
512,n<=4,sr<=70%,kvB<=4k,kp<=4k,-0.2561,2
512,n<=4,sr<=70%,kvB<=4k,kp<=512,0.33,2
512,n<=4,sr<=70%,kvB<=4k,kp<=8k,0.0176,2
512,n<=4,sr<=70%,kvB<=4k,kp=0,0.458,2
512,n<=4,sr>70%,kvB<=16k,kp<=16k,0.0451,2
512,n<=4,sr>70%,kvB<=16k,kp<=1k,0.3808,2
512,n<=4,sr>70%,kvB<=16k,kp<=2k,0.2371,2
512,n<=4,sr>70%,kvB<=16k,kp<=4k,0.8578,2
512,n<=4,sr>70%,kvB<=16k,kp<=512,0.9373,2
512,n<=4,sr>70%,kvB<=16k,kp<=8k,0.9675,2
512,n<=4,sr>70%,kvB<=16k,kp=0,1.1278,2
512,n<=4,sr>70%,kvB<=1k,kp<=16k,35.9928,1
512,n<=4,sr>70%,kvB<=1k,kp<=1k,0.213,2
512,n<=4,sr>70%,kvB<=1k,kp<=2k,-0.1324,2
512,n<=4,sr>70%,kvB<=1k,kp<=4k,0.3574,1
512,n<=4,sr>70%,kvB<=1k,kp<=512,0.4199,2
512,n<=4,sr>70%,kvB<=1k,kp=0,0.4674,2
512,n<=4,sr>70%,kvB<=32k,kp<=16k,0.8275,1
512,n<=4,sr>70%,kvB<=32k,kp<=1k,1.154,1
512,n<=4,sr>70%,kvB<=32k,kp<=2k,0.6871,1
512,n<=4,sr>70%,kvB<=32k,kp<=4k,0.0708,1
512,n<=4,sr>70%,kvB<=32k,kp<=512,1.569,1
512,n<=4,sr>70%,kvB<=32k,kp<=8k,0.3671,1
512,n<=4,sr>70%,kvB<=32k,kp=0,1.1648,1
512,n<=4,sr>70%,kvB<=4k,kp<=16k,0.175,2
512,n<=4,sr>70%,kvB<=4k,kp<=1k,0.3899,2
512,n<=4,sr>70%,kvB<=4k,kp<=2k,0.4752,2
512,n<=4,sr>70%,kvB<=4k,kp<=4k,-0.0009,2
512,n<=4,sr>70%,kvB<=4k,kp<=512,0.2122,2
512,n<=4,sr>70%,kvB<=4k,kp<=8k,-0.7321,2
512,n<=4,sr>70%,kvB<=4k,kp=0,0.5347,2
512,n<=64,sr<=15%,kvB<=16k,kp<=16k,-0.0112,4
512,n<=64,sr<=15%,kvB<=16k,kp<=1k,0.0082,4
512,n<=64,sr<=15%,kvB<=16k,kp<=2k,0.0093,4
512,n<=64,sr<=15%,kvB<=16k,kp<=4k,0.0107,4
512,n<=64,sr<=15%,kvB<=16k,kp<=512,0.0077,4
512,n<=64,sr<=15%,kvB<=16k,kp<=8k,0.0078,4
512,n<=64,sr<=15%,kvB<=16k,kp=0,0.0061,4
512,n<=64,sr<=15%,kvB<=1k,kp<=16k,0.0552,4
512,n<=64,sr<=15%,kvB<=1k,kp<=1k,0.0087,4
512,n<=64,sr<=15%,kvB<=1k,kp<=2k,0.012,4
512,n<=64,sr<=15%,kvB<=1k,kp<=4k,0.0319,4
512,n<=64,sr<=15%,kvB<=1k,kp<=512,0.0118,4
512,n<=64,sr<=15%,kvB<=1k,kp<=8k,0.0411,4
512,n<=64,sr<=15%,kvB<=1k,kp=0,0.0115,4
512,n<=64,sr<=15%,kvB<=32k,kp<=16k,0.0093,2
512,n<=64,sr<=15%,kvB<=32k,kp<=1k,0.0071,2
512,n<=64,sr<=15%,kvB<=32k,kp<=2k,0.0075,2
512,n<=64,sr<=15%,kvB<=32k,kp<=4k,0.0087,2
512,n<=64,sr<=15%,kvB<=32k,kp<=512,0.0066,2
512,n<=64,sr<=15%,kvB<=32k,kp<=8k,0.0069,2
512,n<=64,sr<=15%,kvB<=32k,kp=0,0.0064,2
512,n<=64,sr<=15%,kvB<=4k,kp<=16k,0.0049,4
512,n<=64,sr<=15%,kvB<=4k,kp<=1k,0.0081,4
512,n<=64,sr<=15%,kvB<=4k,kp<=2k,0.0092,4
512,n<=64,sr<=15%,kvB<=4k,kp<=4k,-0.0205,4
512,n<=64,sr<=15%,kvB<=4k,kp<=512,0.0089,4
512,n<=64,sr<=15%,kvB<=4k,kp<=8k,-0.0046,4
512,n<=64,sr<=15%,kvB<=4k,kp=0,0.0066,4
512,n<=64,sr<=40%,kvB<=16k,kp<=16k,-0.0015,2
512,n<=64,sr<=40%,kvB<=16k,kp<=1k,0.0009,2
512,n<=64,sr<=40%,kvB<=16k,kp<=2k,0.0012,2
512,n<=64,sr<=40%,kvB<=16k,kp<=4k,0.0021,2
512,n<=64,sr<=40%,kvB<=16k,kp<=512,0.0018,2
512,n<=64,sr<=40%,kvB<=16k,kp<=8k,0.0066,2
512,n<=64,sr<=40%,kvB<=16k,kp=0,-0.0029,2
512,n<=64,sr<=40%,kvB<=1k,kp<=16k,0.0785,2
512,n<=64,sr<=40%,kvB<=1k,kp<=1k,0.0218,2
512,n<=64,sr<=40%,kvB<=1k,kp<=2k,0.018,2
512,n<=64,sr<=40%,kvB<=1k,kp<=4k,0.0331,2
512,n<=64,sr<=40%,kvB<=1k,kp<=512,0.0184,2
512,n<=64,sr<=40%,kvB<=1k,kp<=8k,0.0625,2
512,n<=64,sr<=40%,kvB<=1k,kp=0,0.0166,2
512,n<=64,sr<=40%,kvB<=32k,kp<=16k,0.0094,1
512,n<=64,sr<=40%,kvB<=32k,kp<=1k,0.0009,1
512,n<=64,sr<=40%,kvB<=32k,kp<=2k,0.0006,1
512,n<=64,sr<=40%,kvB<=32k,kp<=4k,0.0001,1
512,n<=64,sr<=40%,kvB<=32k,kp<=512,0.0012,1
512,n<=64,sr<=40%,kvB<=32k,kp<=8k,0.0013,1
512,n<=64,sr<=40%,kvB<=32k,kp=0,-0.0033,1
512,n<=64,sr<=40%,kvB<=4k,kp<=16k,0.0032,2
512,n<=64,sr<=40%,kvB<=4k,kp<=1k,0.0048,2
512,n<=64,sr<=40%,kvB<=4k,kp<=2k,0.0015,2
512,n<=64,sr<=40%,kvB<=4k,kp<=4k,-0.0028,2
512,n<=64,sr<=40%,kvB<=4k,kp<=512,0.0053,2
512,n<=64,sr<=40%,kvB<=4k,kp<=8k,-0.0092,2
512,n<=64,sr<=40%,kvB<=4k,kp=0,-0.0002,2
512,n<=64,sr<=5%,kvB<=16k,kp<=16k,-0.0014,6
512,n<=64,sr<=5%,kvB<=16k,kp<=1k,0.0087,6
512,n<=64,sr<=5%,kvB<=16k,kp<=2k,0.0088,6
512,n<=64,sr<=5%,kvB<=16k,kp<=4k,0.01,6
512,n<=64,sr<=5%,kvB<=16k,kp<=512,0.009,6
512,n<=64,sr<=5%,kvB<=16k,kp<=8k,0.0183,6
512,n<=64,sr<=5%,kvB<=16k,kp=0,0.0092,6
512,n<=64,sr<=5%,kvB<=1k,kp<=16k,0.0129,6
512,n<=64,sr<=5%,kvB<=1k,kp<=1k,0.0039,6
512,n<=64,sr<=5%,kvB<=1k,kp<=2k,0.006,6
512,n<=64,sr<=5%,kvB<=1k,kp<=4k,0.0086,6
512,n<=64,sr<=5%,kvB<=1k,kp<=512,0.008,6
512,n<=64,sr<=5%,kvB<=1k,kp<=8k,0.0093,6
512,n<=64,sr<=5%,kvB<=1k,kp=0,0.0059,6
512,n<=64,sr<=5%,kvB<=32k,kp<=16k,0.0199,3
512,n<=64,sr<=5%,kvB<=32k,kp<=1k,0.0092,3
512,n<=64,sr<=5%,kvB<=32k,kp<=2k,0.009,3
512,n<=64,sr<=5%,kvB<=32k,kp<=4k,0.0097,3
512,n<=64,sr<=5%,kvB<=32k,kp<=512,0.0089,3
512,n<=64,sr<=5%,kvB<=32k,kp<=8k,0.0079,3
512,n<=64,sr<=5%,kvB<=32k,kp=0,0.009,3
512,n<=64,sr<=5%,kvB<=4k,kp<=16k,0.0054,6
512,n<=64,sr<=5%,kvB<=4k,kp<=1k,0.0082,6
512,n<=64,sr<=5%,kvB<=4k,kp<=2k,0.012,6
512,n<=64,sr<=5%,kvB<=4k,kp<=4k,-0.0058,6
512,n<=64,sr<=5%,kvB<=4k,kp<=512,0.0083,6
512,n<=64,sr<=5%,kvB<=4k,kp<=8k,0.0022,6
512,n<=64,sr<=5%,kvB<=4k,kp=0,0.0082,6
512,n<=64,sr<=70%,kvB<=16k,kp<=16k,-0.0136,2
512,n<=64,sr<=70%,kvB<=16k,kp<=1k,-0.0031,2
512,n<=64,sr<=70%,kvB<=16k,kp<=2k,-0.0076,2
512,n<=64,sr<=70%,kvB<=16k,kp<=4k,-0.0097,2
512,n<=64,sr<=70%,kvB<=16k,kp<=512,-0.0021,2
512,n<=64,sr<=70%,kvB<=16k,kp<=8k,0.0013,2
512,n<=64,sr<=70%,kvB<=16k,kp=0,-0.0069,2
512,n<=64,sr<=70%,kvB<=1k,kp<=16k,0.065,2
512,n<=64,sr<=70%,kvB<=1k,kp<=1k,0.0152,2
512,n<=64,sr<=70%,kvB<=1k,kp<=2k,0.0424,2
512,n<=64,sr<=70%,kvB<=1k,kp<=4k,0.0409,2
512,n<=64,sr<=70%,kvB<=1k,kp<=512,0.0052,2
512,n<=64,sr<=70%,kvB<=1k,kp<=8k,0.1154,2
512,n<=64,sr<=70%,kvB<=1k,kp=0,0.0041,2
512,n<=64,sr<=70%,kvB<=32k,kp<=16k,0.0018,1
512,n<=64,sr<=70%,kvB<=32k,kp<=1k,-0.0001,1
512,n<=64,sr<=70%,kvB<=32k,kp<=2k,0.0003,1
512,n<=64,sr<=70%,kvB<=32k,kp<=4k,-0.0064,1
512,n<=64,sr<=70%,kvB<=32k,kp<=512,-0.0004,1
512,n<=64,sr<=70%,kvB<=32k,kp<=8k,-0.0059,1
512,n<=64,sr<=70%,kvB<=32k,kp=0,-0.0053,1
512,n<=64,sr<=70%,kvB<=4k,kp<=16k,0.0244,2
512,n<=64,sr<=70%,kvB<=4k,kp<=1k,-0.0063,2
512,n<=64,sr<=70%,kvB<=4k,kp<=2k,-0.006,2
512,n<=64,sr<=70%,kvB<=4k,kp<=4k,-0.0352,2
512,n<=64,sr<=70%,kvB<=4k,kp<=512,-0.0045,2
512,n<=64,sr<=70%,kvB<=4k,kp<=8k,-0.0743,2
512,n<=64,sr<=70%,kvB<=4k,kp=0,-0.0069,2
512,n<=64,sr>70%,kvB<=16k,kp<=16k,0.0318,4
512,n<=64,sr>70%,kvB<=16k,kp<=1k,0.0126,4
512,n<=64,sr>70%,kvB<=16k,kp<=2k,0.0122,4
512,n<=64,sr>70%,kvB<=16k,kp<=4k,0.0088,4
512,n<=64,sr>70%,kvB<=16k,kp<=512,0.0099,4
512,n<=64,sr>70%,kvB<=16k,kp<=8k,0.0112,4
512,n<=64,sr>70%,kvB<=16k,kp=0,-0.0009,4
512,n<=64,sr>70%,kvB<=1k,kp<=16k,0.2433,4
512,n<=64,sr>70%,kvB<=1k,kp<=1k,0.0106,4
512,n<=64,sr>70%,kvB<=1k,kp<=2k,0.0527,4
512,n<=64,sr>70%,kvB<=1k,kp<=4k,0.1383,4
512,n<=64,sr>70%,kvB<=1k,kp<=512,-0.0071,4
512,n<=64,sr>70%,kvB<=1k,kp<=8k,0.173,4
512,n<=64,sr>70%,kvB<=1k,kp=0,-0.0046,4
512,n<=64,sr>70%,kvB<=32k,kp<=16k,-0.0079,2
512,n<=64,sr>70%,kvB<=32k,kp<=1k,0.0142,2
512,n<=64,sr>70%,kvB<=32k,kp<=2k,0.0185,2
512,n<=64,sr>70%,kvB<=32k,kp<=4k,0.0118,2
512,n<=64,sr>70%,kvB<=32k,kp<=512,0.0131,2
512,n<=64,sr>70%,kvB<=32k,kp<=8k,0.005,2
512,n<=64,sr>70%,kvB<=32k,kp=0,0.0055,2
512,n<=64,sr>70%,kvB<=4k,kp<=16k,0.0743,4
512,n<=64,sr>70%,kvB<=4k,kp<=1k,0.0051,4
512,n<=64,sr>70%,kvB<=4k,kp<=2k,0.0156,4
512,n<=64,sr>70%,kvB<=4k,kp<=4k,-0.0113,4
512,n<=64,sr>70%,kvB<=4k,kp<=512,0.0081,4
512,n<=64,sr>70%,kvB<=4k,kp<=8k,0.0012,4
512,n<=64,sr>70%,kvB<=4k,kp=0,-0.0011,4
512,n<=8,sr<=15%,kvB<=16k,kp<=16k,0.0119,2
512,n<=8,sr<=15%,kvB<=16k,kp<=1k,0.1023,2
512,n<=8,sr<=15%,kvB<=16k,kp<=2k,0.0623,2
512,n<=8,sr<=15%,kvB<=16k,kp<=4k,0.0387,2
512,n<=8,sr<=15%,kvB<=16k,kp<=512,0.1245,2
512,n<=8,sr<=15%,kvB<=16k,kp<=8k,0.0825,2
512,n<=8,sr<=15%,kvB<=16k,kp=0,0.1399,2
512,n<=8,sr<=15%,kvB<=1k,kp<=16k,-0.3569,2
512,n<=8,sr<=15%,kvB<=1k,kp<=1k,0.1034,2
512,n<=8,sr<=15%,kvB<=1k,kp<=2k,0.0863,2
512,n<=8,sr<=15%,kvB<=1k,kp<=4k,0.086,2
512,n<=8,sr<=15%,kvB<=1k,kp<=512,0.1133,2
512,n<=8,sr<=15%,kvB<=1k,kp<=8k,0.0047,1
512,n<=8,sr<=15%,kvB<=1k,kp=0,0.268,2
512,n<=8,sr<=15%,kvB<=32k,kp<=16k,0.1624,1
512,n<=8,sr<=15%,kvB<=32k,kp<=1k,0.1214,1
512,n<=8,sr<=15%,kvB<=32k,kp<=2k,0.0908,1
512,n<=8,sr<=15%,kvB<=32k,kp<=4k,0.0773,1
512,n<=8,sr<=15%,kvB<=32k,kp<=512,0.1304,1
512,n<=8,sr<=15%,kvB<=32k,kp<=8k,0.0071,1
512,n<=8,sr<=15%,kvB<=32k,kp=0,0.1291,1
512,n<=8,sr<=15%,kvB<=4k,kp<=16k,0.0013,2
512,n<=8,sr<=15%,kvB<=4k,kp<=1k,0.15,2
512,n<=8,sr<=15%,kvB<=4k,kp<=2k,0.1259,2
512,n<=8,sr<=15%,kvB<=4k,kp<=4k,-0.0202,2
512,n<=8,sr<=15%,kvB<=4k,kp<=512,0.137,2
512,n<=8,sr<=15%,kvB<=4k,kp<=8k,-0.01,2
512,n<=8,sr<=15%,kvB<=4k,kp=0,0.1534,2
512,n<=8,sr<=40%,kvB<=16k,kp<=16k,0.1475,4
512,n<=8,sr<=40%,kvB<=16k,kp<=1k,0.097,4
512,n<=8,sr<=40%,kvB<=16k,kp<=2k,0.0511,4
512,n<=8,sr<=40%,kvB<=16k,kp<=4k,0.0249,4
512,n<=8,sr<=40%,kvB<=16k,kp<=512,0.1057,4
512,n<=8,sr<=40%,kvB<=16k,kp<=8k,0.2106,4
512,n<=8,sr<=40%,kvB<=16k,kp=0,0.1178,4
512,n<=8,sr<=40%,kvB<=1k,kp<=16k,0.4199,4
512,n<=8,sr<=40%,kvB<=1k,kp<=1k,0.0791,4
512,n<=8,sr<=40%,kvB<=1k,kp<=2k,0.0686,4
512,n<=8,sr<=40%,kvB<=1k,kp<=4k,0.0281,4
512,n<=8,sr<=40%,kvB<=1k,kp<=512,0.1129,4
512,n<=8,sr<=40%,kvB<=1k,kp<=8k,-0.0307,4
512,n<=8,sr<=40%,kvB<=1k,kp=0,0.2572,4
512,n<=8,sr<=40%,kvB<=32k,kp<=16k,0.2501,2
512,n<=8,sr<=40%,kvB<=32k,kp<=1k,0.0865,2
512,n<=8,sr<=40%,kvB<=32k,kp<=2k,0.0721,2
512,n<=8,sr<=40%,kvB<=32k,kp<=4k,0.0252,2
512,n<=8,sr<=40%,kvB<=32k,kp<=512,0.1653,2
512,n<=8,sr<=40%,kvB<=32k,kp<=8k,0.0338,2
512,n<=8,sr<=40%,kvB<=32k,kp=0,0.1357,2
512,n<=8,sr<=40%,kvB<=4k,kp<=16k,-0.0096,4
512,n<=8,sr<=40%,kvB<=4k,kp<=1k,0.1366,4
512,n<=8,sr<=40%,kvB<=4k,kp<=2k,0.1371,4
512,n<=8,sr<=40%,kvB<=4k,kp<=4k,0.023,4
512,n<=8,sr<=40%,kvB<=4k,kp<=512,0.1351,4
512,n<=8,sr<=40%,kvB<=4k,kp<=8k,0.002,4
512,n<=8,sr<=40%,kvB<=4k,kp=0,0.139,4
512,n<=8,sr<=70%,kvB<=16k,kp<=16k,0.4441,2
512,n<=8,sr<=70%,kvB<=16k,kp<=1k,0.1161,2
512,n<=8,sr<=70%,kvB<=16k,kp<=2k,0.0237,2
512,n<=8,sr<=70%,kvB<=16k,kp<=4k,-0.2492,2
512,n<=8,sr<=70%,kvB<=16k,kp<=512,0.219,2
512,n<=8,sr<=70%,kvB<=16k,kp<=8k,0.4597,2
512,n<=8,sr<=70%,kvB<=16k,kp=0,0.2102,2
512,n<=8,sr<=70%,kvB<=1k,kp<=16k,0.9023,2
512,n<=8,sr<=70%,kvB<=1k,kp<=1k,0.0327,2
512,n<=8,sr<=70%,kvB<=1k,kp<=2k,-0.0075,2
512,n<=8,sr<=70%,kvB<=1k,kp<=4k,0.0449,2
512,n<=8,sr<=70%,kvB<=1k,kp<=512,0.1227,2
512,n<=8,sr<=70%,kvB<=1k,kp<=8k,-0.0331,2
512,n<=8,sr<=70%,kvB<=1k,kp=0,0.2152,2
512,n<=8,sr<=70%,kvB<=32k,kp<=16k,0.2785,1
512,n<=8,sr<=70%,kvB<=32k,kp<=1k,0.1056,1
512,n<=8,sr<=70%,kvB<=32k,kp<=2k,0.1589,1
512,n<=8,sr<=70%,kvB<=32k,kp<=4k,0.0156,1
512,n<=8,sr<=70%,kvB<=32k,kp<=512,0.164,1
512,n<=8,sr<=70%,kvB<=32k,kp<=8k,0.0166,1
512,n<=8,sr<=70%,kvB<=32k,kp=0,0.1667,1
512,n<=8,sr<=70%,kvB<=4k,kp<=16k,-0.2085,2
512,n<=8,sr<=70%,kvB<=4k,kp<=1k,0.1525,2
512,n<=8,sr<=70%,kvB<=4k,kp<=2k,0.2307,2
512,n<=8,sr<=70%,kvB<=4k,kp<=4k,-0.0322,2
512,n<=8,sr<=70%,kvB<=4k,kp<=512,0.249,2
512,n<=8,sr<=70%,kvB<=4k,kp<=8k,-0.1667,2
512,n<=8,sr<=70%,kvB<=4k,kp=0,0.1888,2
512,n<=8,sr>70%,kvB<=16k,kp<=16k,0.8235,4
512,n<=8,sr>70%,kvB<=16k,kp<=1k,0.0825,4
512,n<=8,sr>70%,kvB<=16k,kp<=2k,0.1316,4
512,n<=8,sr>70%,kvB<=16k,kp<=4k,-0.0851,3
512,n<=8,sr>70%,kvB<=16k,kp<=512,0.2246,4
512,n<=8,sr>70%,kvB<=16k,kp<=8k,0.7452,4
512,n<=8,sr>70%,kvB<=16k,kp=0,0.1224,4
512,n<=8,sr>70%,kvB<=1k,kp<=16k,-0.9715,3
512,n<=8,sr>70%,kvB<=1k,kp<=1k,0.1565,4
512,n<=8,sr>70%,kvB<=1k,kp<=2k,0.3506,4
512,n<=8,sr>70%,kvB<=1k,kp<=4k,0.2311,4
512,n<=8,sr>70%,kvB<=1k,kp<=512,0.28,4
512,n<=8,sr>70%,kvB<=1k,kp<=8k,0.239,2
512,n<=8,sr>70%,kvB<=1k,kp=0,0.3564,4
512,n<=8,sr>70%,kvB<=32k,kp<=16k,0.7137,2
512,n<=8,sr>70%,kvB<=32k,kp<=1k,0.1323,2
512,n<=8,sr>70%,kvB<=32k,kp<=2k,0.1746,2
512,n<=8,sr>70%,kvB<=32k,kp<=4k,-0.0412,2
512,n<=8,sr>70%,kvB<=32k,kp<=512,0.3713,2
512,n<=8,sr>70%,kvB<=32k,kp<=8k,0.1231,2
512,n<=8,sr>70%,kvB<=32k,kp=0,0.1018,2
512,n<=8,sr>70%,kvB<=4k,kp<=16k,0.27,4
512,n<=8,sr>70%,kvB<=4k,kp<=1k,0.107,4
512,n<=8,sr>70%,kvB<=4k,kp<=2k,0.0188,3
512,n<=8,sr>70%,kvB<=4k,kp<=4k,-0.1513,4
512,n<=8,sr>70%,kvB<=4k,kp<=512,0.2357,4
512,n<=8,sr>70%,kvB<=4k,kp<=8k,0.6077,4
512,n<=8,sr>70%,kvB<=4k,kp=0,0.1168,4
1024,n<=128,sr<=15%,kvB<=16k,kp<=16k,-0.0058,4
1024,n<=128,sr<=15%,kvB<=16k,kp<=1k,0.0033,4
1024,n<=128,sr<=15%,kvB<=16k,kp<=2k,0.0032,4
1024,n<=128,sr<=15%,kvB<=16k,kp<=4k,0.0026,4
1024,n<=128,sr<=15%,kvB<=16k,kp<=512,0.0029,4
1024,n<=128,sr<=15%,kvB<=16k,kp<=8k,0.002,4
1024,n<=128,sr<=15%,kvB<=16k,kp=0,0.0026,4
1024,n<=128,sr<=15%,kvB<=1k,kp<=16k,0.0702,4
1024,n<=128,sr<=15%,kvB<=1k,kp<=1k,0.0334,4
1024,n<=128,sr<=15%,kvB<=1k,kp<=2k,0.0334,4
1024,n<=128,sr<=15%,kvB<=1k,kp<=4k,0.0404,4
1024,n<=128,sr<=15%,kvB<=1k,kp<=512,0.0237,4
1024,n<=128,sr<=15%,kvB<=1k,kp<=8k,0.0578,4
1024,n<=128,sr<=15%,kvB<=1k,kp=0,0.0211,4
1024,n<=128,sr<=15%,kvB<=32k,kp<=16k,0.0024,2
1024,n<=128,sr<=15%,kvB<=32k,kp<=1k,0.0024,2
1024,n<=128,sr<=15%,kvB<=32k,kp<=2k,0.003,2
1024,n<=128,sr<=15%,kvB<=32k,kp<=4k,0.0024,2
1024,n<=128,sr<=15%,kvB<=32k,kp<=512,0.0023,2
1024,n<=128,sr<=15%,kvB<=32k,kp<=8k,0.0018,2
1024,n<=128,sr<=15%,kvB<=32k,kp=0,0.0022,2
1024,n<=128,sr<=15%,kvB<=4k,kp<=16k,-0.0005,4
1024,n<=128,sr<=15%,kvB<=4k,kp<=1k,0.0035,4
1024,n<=128,sr<=15%,kvB<=4k,kp<=2k,0.0031,4
1024,n<=128,sr<=15%,kvB<=4k,kp<=4k,-0.0049,4
1024,n<=128,sr<=15%,kvB<=4k,kp<=512,0.0025,4
1024,n<=128,sr<=15%,kvB<=4k,kp<=8k,-0.002,4
1024,n<=128,sr<=15%,kvB<=4k,kp=0,0.0025,4
1024,n<=128,sr<=40%,kvB<=16k,kp<=16k,-0.0027,2
1024,n<=128,sr<=40%,kvB<=16k,kp<=1k,0.0003,2
1024,n<=128,sr<=40%,kvB<=16k,kp<=2k,-0.0002,2
1024,n<=128,sr<=40%,kvB<=16k,kp<=4k,0.0026,2
1024,n<=128,sr<=40%,kvB<=16k,kp<=512,0.0003,2
1024,n<=128,sr<=40%,kvB<=16k,kp<=8k,0.0075,2
1024,n<=128,sr<=40%,kvB<=16k,kp=0,0.0007,2
1024,n<=128,sr<=40%,kvB<=1k,kp<=16k,0.1127,2
1024,n<=128,sr<=40%,kvB<=1k,kp<=1k,0.059,2
1024,n<=128,sr<=40%,kvB<=1k,kp<=2k,0.086,2
1024,n<=128,sr<=40%,kvB<=1k,kp<=4k,0.0856,2
1024,n<=128,sr<=40%,kvB<=1k,kp<=512,0.0529,2
1024,n<=128,sr<=40%,kvB<=1k,kp<=8k,0.0881,2
1024,n<=128,sr<=40%,kvB<=1k,kp=0,0.0551,2
1024,n<=128,sr<=40%,kvB<=32k,kp<=16k,0.013,1
1024,n<=128,sr<=40%,kvB<=32k,kp<=1k,0.0007,1
1024,n<=128,sr<=40%,kvB<=32k,kp<=2k,0.0009,1
1024,n<=128,sr<=40%,kvB<=32k,kp<=4k,-0.0011,1
1024,n<=128,sr<=40%,kvB<=32k,kp<=512,0.0009,1
1024,n<=128,sr<=40%,kvB<=32k,kp<=8k,-0.0007,1
1024,n<=128,sr<=40%,kvB<=32k,kp=0,0.0009,1
1024,n<=128,sr<=40%,kvB<=4k,kp<=16k,0.0041,2
1024,n<=128,sr<=40%,kvB<=4k,kp<=1k,0.0029,2
1024,n<=128,sr<=40%,kvB<=4k,kp<=2k,0.0004,2
1024,n<=128,sr<=40%,kvB<=4k,kp<=4k,0.0032,2
1024,n<=128,sr<=40%,kvB<=4k,kp<=512,0.0036,2
1024,n<=128,sr<=40%,kvB<=4k,kp<=8k,0.0044,2
1024,n<=128,sr<=40%,kvB<=4k,kp=0,0.001,2
1024,n<=128,sr<=5%,kvB<=16k,kp<=16k,0.0008,8
1024,n<=128,sr<=5%,kvB<=16k,kp<=1k,0.0031,8
1024,n<=128,sr<=5%,kvB<=16k,kp<=2k,0.0031,8
1024,n<=128,sr<=5%,kvB<=16k,kp<=4k,0.003,8
1024,n<=128,sr<=5%,kvB<=16k,kp<=512,0.0036,8
1024,n<=128,sr<=5%,kvB<=16k,kp<=8k,0.005,8
1024,n<=128,sr<=5%,kvB<=16k,kp=0,0.0034,8
1024,n<=128,sr<=5%,kvB<=1k,kp<=16k,0.0037,8
1024,n<=128,sr<=5%,kvB<=1k,kp<=1k,0.0025,8
1024,n<=128,sr<=5%,kvB<=1k,kp<=2k,0.0034,8
1024,n<=128,sr<=5%,kvB<=1k,kp<=4k,0.0043,8
1024,n<=128,sr<=5%,kvB<=1k,kp<=512,0.0024,8
1024,n<=128,sr<=5%,kvB<=1k,kp<=8k,0.0055,8
1024,n<=128,sr<=5%,kvB<=1k,kp=0,0.0019,8
1024,n<=128,sr<=5%,kvB<=32k,kp<=16k,0.006,4
1024,n<=128,sr<=5%,kvB<=32k,kp<=1k,0.0036,4
1024,n<=128,sr<=5%,kvB<=32k,kp<=2k,0.0038,4
1024,n<=128,sr<=5%,kvB<=32k,kp<=4k,0.0032,4
1024,n<=128,sr<=5%,kvB<=32k,kp<=512,0.0035,4
1024,n<=128,sr<=5%,kvB<=32k,kp<=8k,0.0019,4
1024,n<=128,sr<=5%,kvB<=32k,kp=0,0.0035,4
1024,n<=128,sr<=5%,kvB<=4k,kp<=16k,0.0075,8
1024,n<=128,sr<=5%,kvB<=4k,kp<=1k,0.0017,8
1024,n<=128,sr<=5%,kvB<=4k,kp<=2k,0.0035,8
1024,n<=128,sr<=5%,kvB<=4k,kp<=4k,0.0005,8
1024,n<=128,sr<=5%,kvB<=4k,kp<=512,0.002,8
1024,n<=128,sr<=5%,kvB<=4k,kp<=8k,0.0007,8
1024,n<=128,sr<=5%,kvB<=4k,kp=0,0.0021,8
1024,n<=128,sr<=70%,kvB<=16k,kp<=16k,-0.0357,2
1024,n<=128,sr<=70%,kvB<=16k,kp<=1k,-0.0014,2
1024,n<=128,sr<=70%,kvB<=16k,kp<=2k,-0.0045,2
1024,n<=128,sr<=70%,kvB<=16k,kp<=4k,-0.0094,2
1024,n<=128,sr<=70%,kvB<=16k,kp<=512,-0.0018,2
1024,n<=128,sr<=70%,kvB<=16k,kp<=8k,-0.0214,2
1024,n<=128,sr<=70%,kvB<=16k,kp=0,-0.0011,2
1024,n<=128,sr<=70%,kvB<=1k,kp<=16k,0.0918,2
1024,n<=128,sr<=70%,kvB<=1k,kp<=1k,0.0796,2
1024,n<=128,sr<=70%,kvB<=1k,kp<=2k,0.093,2
1024,n<=128,sr<=70%,kvB<=1k,kp<=4k,0.0595,2
1024,n<=128,sr<=70%,kvB<=1k,kp<=512,0.0767,2
1024,n<=128,sr<=70%,kvB<=1k,kp<=8k,0.0736,2
1024,n<=128,sr<=70%,kvB<=1k,kp=0,0.0821,2
1024,n<=128,sr<=70%,kvB<=32k,kp<=16k,-0.0251,1
1024,n<=128,sr<=70%,kvB<=32k,kp<=1k,-0.002,1
1024,n<=128,sr<=70%,kvB<=32k,kp<=2k,-0.0004,1
1024,n<=128,sr<=70%,kvB<=32k,kp<=4k,-0.0039,1
1024,n<=128,sr<=70%,kvB<=32k,kp<=512,-0.0004,1
1024,n<=128,sr<=70%,kvB<=32k,kp<=8k,-0.0022,1
1024,n<=128,sr<=70%,kvB<=32k,kp=0,-0.0007,1
1024,n<=128,sr<=70%,kvB<=4k,kp<=16k,-0.0161,2
1024,n<=128,sr<=70%,kvB<=4k,kp<=1k,-0.0077,2
1024,n<=128,sr<=70%,kvB<=4k,kp<=2k,-0.0168,2
1024,n<=128,sr<=70%,kvB<=4k,kp<=4k,-0.0321,2
1024,n<=128,sr<=70%,kvB<=4k,kp<=512,-0.0067,2
1024,n<=128,sr<=70%,kvB<=4k,kp<=8k,-0.0997,2
1024,n<=128,sr<=70%,kvB<=4k,kp=0,-0.0055,2
1024,n<=128,sr>70%,kvB<=16k,kp<=16k,-0.0373,4
1024,n<=128,sr>70%,kvB<=16k,kp<=1k,0.0103,4
1024,n<=128,sr>70%,kvB<=16k,kp<=2k,0.014,4
1024,n<=128,sr>70%,kvB<=16k,kp<=4k,0.0046,4
1024,n<=128,sr>70%,kvB<=16k,kp<=512,0.005,4
1024,n<=128,sr>70%,kvB<=16k,kp<=8k,-0.0156,4
1024,n<=128,sr>70%,kvB<=16k,kp=0,0.0052,4
1024,n<=128,sr>70%,kvB<=1k,kp<=16k,0.2091,4
1024,n<=128,sr>70%,kvB<=1k,kp<=1k,0.0468,4
1024,n<=128,sr>70%,kvB<=1k,kp<=2k,0.052,4
1024,n<=128,sr>70%,kvB<=1k,kp<=4k,0.1641,4
1024,n<=128,sr>70%,kvB<=1k,kp<=512,0.0536,4
1024,n<=128,sr>70%,kvB<=1k,kp<=8k,0.2486,4
1024,n<=128,sr>70%,kvB<=1k,kp=0,0.0547,4
1024,n<=128,sr>70%,kvB<=32k,kp<=16k,-0.0028,2
1024,n<=128,sr>70%,kvB<=32k,kp<=1k,0.0084,2
1024,n<=128,sr>70%,kvB<=32k,kp<=2k,0.0094,2
1024,n<=128,sr>70%,kvB<=32k,kp<=4k,0.0087,2
1024,n<=128,sr>70%,kvB<=32k,kp<=512,0.0088,2
1024,n<=128,sr>70%,kvB<=32k,kp<=8k,-0.0019,2
1024,n<=128,sr>70%,kvB<=32k,kp=0,0.0083,2
1024,n<=128,sr>70%,kvB<=4k,kp<=16k,-0.0157,4
1024,n<=128,sr>70%,kvB<=4k,kp<=1k,0.0029,4
1024,n<=128,sr>70%,kvB<=4k,kp<=2k,-0.0016,4
1024,n<=128,sr>70%,kvB<=4k,kp<=4k,-0.0384,4
1024,n<=128,sr>70%,kvB<=4k,kp<=512,0.0025,4
1024,n<=128,sr>70%,kvB<=4k,kp<=8k,-0.0256,4
1024,n<=128,sr>70%,kvB<=4k,kp=0,0.005,4
1024,n<=16,sr<=15%,kvB<=16k,kp<=16k,0.0126,4
1024,n<=16,sr<=15%,kvB<=16k,kp<=1k,0.043,4
1024,n<=16,sr<=15%,kvB<=16k,kp<=2k,0.0361,4
1024,n<=16,sr<=15%,kvB<=16k,kp<=4k,0.0203,4
1024,n<=16,sr<=15%,kvB<=16k,kp<=512,0.0456,4
1024,n<=16,sr<=15%,kvB<=16k,kp<=8k,0.0455,4
1024,n<=16,sr<=15%,kvB<=16k,kp=0,0.0417,4
1024,n<=16,sr<=15%,kvB<=1k,kp<=16k,0.2925,4
1024,n<=16,sr<=15%,kvB<=1k,kp<=1k,0.0706,4
1024,n<=16,sr<=15%,kvB<=1k,kp<=2k,0.0776,4
1024,n<=16,sr<=15%,kvB<=1k,kp<=4k,0.1107,4
1024,n<=16,sr<=15%,kvB<=1k,kp<=512,0.0498,4
1024,n<=16,sr<=15%,kvB<=1k,kp<=8k,0.0749,4
1024,n<=16,sr<=15%,kvB<=1k,kp=0,0.045,4
1024,n<=16,sr<=15%,kvB<=32k,kp<=16k,0.0361,2
1024,n<=16,sr<=15%,kvB<=32k,kp<=1k,0.0432,2
1024,n<=16,sr<=15%,kvB<=32k,kp<=2k,0.0461,2
1024,n<=16,sr<=15%,kvB<=32k,kp<=4k,0.0329,2
1024,n<=16,sr<=15%,kvB<=32k,kp<=512,0.044,2
1024,n<=16,sr<=15%,kvB<=32k,kp<=8k,0.0157,2
1024,n<=16,sr<=15%,kvB<=32k,kp=0,0.0449,2
1024,n<=16,sr<=15%,kvB<=4k,kp<=16k,0.0301,4
1024,n<=16,sr<=15%,kvB<=4k,kp<=1k,0.0462,4
1024,n<=16,sr<=15%,kvB<=4k,kp<=2k,0.0334,4
1024,n<=16,sr<=15%,kvB<=4k,kp<=4k,0.0066,4
1024,n<=16,sr<=15%,kvB<=4k,kp<=512,0.0411,4
1024,n<=16,sr<=15%,kvB<=4k,kp<=8k,0.0196,4
1024,n<=16,sr<=15%,kvB<=4k,kp=0,0.0486,4
1024,n<=16,sr<=40%,kvB<=16k,kp<=16k,0.0277,4
1024,n<=16,sr<=40%,kvB<=16k,kp<=1k,0.0345,4
1024,n<=16,sr<=40%,kvB<=16k,kp<=2k,0.017,4
1024,n<=16,sr<=40%,kvB<=16k,kp<=4k,0.024,4
1024,n<=16,sr<=40%,kvB<=16k,kp<=512,0.0258,4
1024,n<=16,sr<=40%,kvB<=16k,kp<=8k,0.0958,4
1024,n<=16,sr<=40%,kvB<=16k,kp=0,0.0313,4
1024,n<=16,sr<=40%,kvB<=1k,kp<=16k,0.1351,4
1024,n<=16,sr<=40%,kvB<=1k,kp<=1k,0.0573,4
1024,n<=16,sr<=40%,kvB<=1k,kp<=2k,0.0942,4
1024,n<=16,sr<=40%,kvB<=1k,kp<=4k,0.0406,4
1024,n<=16,sr<=40%,kvB<=1k,kp<=512,0.0614,4
1024,n<=16,sr<=40%,kvB<=1k,kp<=8k,0.0829,4
1024,n<=16,sr<=40%,kvB<=1k,kp=0,0.0493,4
1024,n<=16,sr<=40%,kvB<=32k,kp<=16k,0.0931,2
1024,n<=16,sr<=40%,kvB<=32k,kp<=1k,0.0366,2
1024,n<=16,sr<=40%,kvB<=32k,kp<=2k,0.046,2
1024,n<=16,sr<=40%,kvB<=32k,kp<=4k,0.0258,2
1024,n<=16,sr<=40%,kvB<=32k,kp<=512,0.0361,2
1024,n<=16,sr<=40%,kvB<=32k,kp<=8k,0.0434,2
1024,n<=16,sr<=40%,kvB<=32k,kp=0,0.0458,2
1024,n<=16,sr<=40%,kvB<=4k,kp<=16k,0.0257,4
1024,n<=16,sr<=40%,kvB<=4k,kp<=1k,0.023,4
1024,n<=16,sr<=40%,kvB<=4k,kp<=2k,0.0326,4
1024,n<=16,sr<=40%,kvB<=4k,kp<=4k,0.0033,4
1024,n<=16,sr<=40%,kvB<=4k,kp<=512,0.0129,4
1024,n<=16,sr<=40%,kvB<=4k,kp<=8k,-0.016,4
1024,n<=16,sr<=40%,kvB<=4k,kp=0,0.0343,4
1024,n<=16,sr<=70%,kvB<=16k,kp<=16k,0.0873,2
1024,n<=16,sr<=70%,kvB<=16k,kp<=1k,0.0318,2
1024,n<=16,sr<=70%,kvB<=16k,kp<=2k,0.0283,2
1024,n<=16,sr<=70%,kvB<=16k,kp<=4k,0.006,2
1024,n<=16,sr<=70%,kvB<=16k,kp<=512,0.0218,2
1024,n<=16,sr<=70%,kvB<=16k,kp<=8k,0.0441,2
1024,n<=16,sr<=70%,kvB<=16k,kp=0,0.0492,2
1024,n<=16,sr<=70%,kvB<=1k,kp<=16k,-0.5057,2
1024,n<=16,sr<=70%,kvB<=1k,kp<=1k,0.0586,2
1024,n<=16,sr<=70%,kvB<=1k,kp<=2k,0.091,2
1024,n<=16,sr<=70%,kvB<=1k,kp<=4k,0.1189,2
1024,n<=16,sr<=70%,kvB<=1k,kp<=512,0.0425,2
1024,n<=16,sr<=70%,kvB<=1k,kp<=8k,0.0286,2
1024,n<=16,sr<=70%,kvB<=1k,kp=0,0.0227,2
1024,n<=16,sr<=70%,kvB<=32k,kp<=16k,0.0977,1
1024,n<=16,sr<=70%,kvB<=32k,kp<=1k,0.0238,1
1024,n<=16,sr<=70%,kvB<=32k,kp<=2k,0.0278,1
1024,n<=16,sr<=70%,kvB<=32k,kp<=4k,0.0178,1
1024,n<=16,sr<=70%,kvB<=32k,kp<=512,0.0185,1
1024,n<=16,sr<=70%,kvB<=32k,kp<=8k,0.0312,1
1024,n<=16,sr<=70%,kvB<=32k,kp=0,0.0616,1
1024,n<=16,sr<=70%,kvB<=4k,kp<=16k,0.1424,2
1024,n<=16,sr<=70%,kvB<=4k,kp<=1k,0.0417,2
1024,n<=16,sr<=70%,kvB<=4k,kp<=2k,0.1484,2
1024,n<=16,sr<=70%,kvB<=4k,kp<=4k,0.0373,2
1024,n<=16,sr<=70%,kvB<=4k,kp<=512,0.0552,2
1024,n<=16,sr<=70%,kvB<=4k,kp<=8k,0.0627,2
1024,n<=16,sr<=70%,kvB<=4k,kp=0,0.0158,2
1024,n<=16,sr>70%,kvB<=16k,kp<=16k,0.3994,4
1024,n<=16,sr>70%,kvB<=16k,kp<=1k,0.0244,4
1024,n<=16,sr>70%,kvB<=16k,kp<=2k,0.062,4
1024,n<=16,sr>70%,kvB<=16k,kp<=4k,0.0576,4
1024,n<=16,sr>70%,kvB<=16k,kp<=512,0.0259,4
1024,n<=16,sr>70%,kvB<=16k,kp<=8k,0.2451,4
1024,n<=16,sr>70%,kvB<=16k,kp=0,0.0728,4
1024,n<=16,sr>70%,kvB<=1k,kp<=16k,0.7792,3
1024,n<=16,sr>70%,kvB<=1k,kp<=1k,0.298,4
1024,n<=16,sr>70%,kvB<=1k,kp<=2k,0.3118,4
1024,n<=16,sr>70%,kvB<=1k,kp<=4k,0.3207,4
1024,n<=16,sr>70%,kvB<=1k,kp<=512,0.0706,4
1024,n<=16,sr>70%,kvB<=1k,kp<=8k,0.1775,4
1024,n<=16,sr>70%,kvB<=1k,kp=0,0.0414,4
1024,n<=16,sr>70%,kvB<=32k,kp<=16k,0.2616,2
1024,n<=16,sr>70%,kvB<=32k,kp<=1k,-0.0388,2
1024,n<=16,sr>70%,kvB<=32k,kp<=2k,0.03,2
1024,n<=16,sr>70%,kvB<=32k,kp<=4k,0.0674,2
1024,n<=16,sr>70%,kvB<=32k,kp<=512,-0.044,2
1024,n<=16,sr>70%,kvB<=32k,kp<=8k,0.0911,2
1024,n<=16,sr>70%,kvB<=32k,kp=0,0.1075,2
1024,n<=16,sr>70%,kvB<=4k,kp<=16k,0.3796,4
1024,n<=16,sr>70%,kvB<=4k,kp<=1k,-0.0544,4
1024,n<=16,sr>70%,kvB<=4k,kp<=2k,-0.0693,4
1024,n<=16,sr>70%,kvB<=4k,kp<=4k,0.8477,4
1024,n<=16,sr>70%,kvB<=4k,kp<=512,-0.167,4
1024,n<=16,sr>70%,kvB<=4k,kp<=8k,0.2633,4
1024,n<=16,sr>70%,kvB<=4k,kp=0,0.0685,4
1024,n<=2,sr<=70%,kvB<=16k,kp<=16k,0.4483,2
1024,n<=2,sr<=70%,kvB<=16k,kp<=1k,0.4922,2
1024,n<=2,sr<=70%,kvB<=16k,kp<=2k,0.5978,2
1024,n<=2,sr<=70%,kvB<=16k,kp<=4k,0.5543,2
1024,n<=2,sr<=70%,kvB<=16k,kp<=512,0.4002,2
1024,n<=2,sr<=70%,kvB<=16k,kp<=8k,0.5876,2
1024,n<=2,sr<=70%,kvB<=16k,kp=0,0.6329,2
1024,n<=2,sr<=70%,kvB<=1k,kp<=16k,1.1037,1
1024,n<=2,sr<=70%,kvB<=1k,kp<=1k,-0.0955,2
1024,n<=2,sr<=70%,kvB<=1k,kp<=2k,0.3326,2
1024,n<=2,sr<=70%,kvB<=1k,kp<=4k,0.1957,2
1024,n<=2,sr<=70%,kvB<=1k,kp<=512,0.2754,2
1024,n<=2,sr<=70%,kvB<=1k,kp<=8k,3.6081,1
1024,n<=2,sr<=70%,kvB<=1k,kp=0,0.0614,2
1024,n<=2,sr<=70%,kvB<=32k,kp<=16k,0.6935,1
1024,n<=2,sr<=70%,kvB<=32k,kp<=1k,0.5268,1
1024,n<=2,sr<=70%,kvB<=32k,kp<=2k,0.4809,1
1024,n<=2,sr<=70%,kvB<=32k,kp<=4k,0.4919,1
1024,n<=2,sr<=70%,kvB<=32k,kp<=512,0.7069,1
1024,n<=2,sr<=70%,kvB<=32k,kp<=8k,0.5181,1
1024,n<=2,sr<=70%,kvB<=32k,kp=0,0.945,1
1024,n<=2,sr<=70%,kvB<=4k,kp<=16k,0.1729,2
1024,n<=2,sr<=70%,kvB<=4k,kp<=1k,0.522,2
1024,n<=2,sr<=70%,kvB<=4k,kp<=2k,0.5105,2
1024,n<=2,sr<=70%,kvB<=4k,kp<=4k,-0.5009,2
1024,n<=2,sr<=70%,kvB<=4k,kp<=512,0.5376,2
1024,n<=2,sr<=70%,kvB<=4k,kp<=8k,0.6353,2
1024,n<=2,sr<=70%,kvB<=4k,kp=0,0.512,2
1024,n<=32,sr<=15%,kvB<=16k,kp<=16k,0.0338,6
1024,n<=32,sr<=15%,kvB<=16k,kp<=1k,0.0226,6
1024,n<=32,sr<=15%,kvB<=16k,kp<=2k,0.0169,6
1024,n<=32,sr<=15%,kvB<=16k,kp<=4k,0.0077,6
1024,n<=32,sr<=15%,kvB<=16k,kp<=512,0.0202,6
1024,n<=32,sr<=15%,kvB<=16k,kp<=8k,0.0246,6
1024,n<=32,sr<=15%,kvB<=16k,kp=0,0.0221,6
1024,n<=32,sr<=15%,kvB<=1k,kp<=16k,0.0312,6
1024,n<=32,sr<=15%,kvB<=1k,kp<=1k,0.0402,6
1024,n<=32,sr<=15%,kvB<=1k,kp<=2k,0.061,6
1024,n<=32,sr<=15%,kvB<=1k,kp<=4k,0.067,6
1024,n<=32,sr<=15%,kvB<=1k,kp<=512,0.0351,6
1024,n<=32,sr<=15%,kvB<=1k,kp<=8k,0.0667,6
1024,n<=32,sr<=15%,kvB<=1k,kp=0,0.0342,6
1024,n<=32,sr<=15%,kvB<=32k,kp<=16k,0.0187,3
1024,n<=32,sr<=15%,kvB<=32k,kp<=1k,0.0207,3
1024,n<=32,sr<=15%,kvB<=32k,kp<=2k,0.02,3
1024,n<=32,sr<=15%,kvB<=32k,kp<=4k,0.0228,3
1024,n<=32,sr<=15%,kvB<=32k,kp<=512,0.02,3
1024,n<=32,sr<=15%,kvB<=32k,kp<=8k,0.009,3
1024,n<=32,sr<=15%,kvB<=32k,kp=0,0.0197,3
1024,n<=32,sr<=15%,kvB<=4k,kp<=16k,0.0014,6
1024,n<=32,sr<=15%,kvB<=4k,kp<=1k,0.017,6
1024,n<=32,sr<=15%,kvB<=4k,kp<=2k,0.0134,6
1024,n<=32,sr<=15%,kvB<=4k,kp<=4k,0.0333,6
1024,n<=32,sr<=15%,kvB<=4k,kp<=512,0.0136,6
1024,n<=32,sr<=15%,kvB<=4k,kp<=8k,-0.0008,6
1024,n<=32,sr<=15%,kvB<=4k,kp=0,0.0147,6
1024,n<=32,sr<=40%,kvB<=16k,kp<=16k,0.0178,2
1024,n<=32,sr<=40%,kvB<=16k,kp<=1k,0.0074,2
1024,n<=32,sr<=40%,kvB<=16k,kp<=2k,0.0064,2
1024,n<=32,sr<=40%,kvB<=16k,kp<=4k,0.0083,2
1024,n<=32,sr<=40%,kvB<=16k,kp<=512,0.0067,2
1024,n<=32,sr<=40%,kvB<=16k,kp<=8k,0.0536,2
1024,n<=32,sr<=40%,kvB<=16k,kp=0,0.0134,2
1024,n<=32,sr<=40%,kvB<=1k,kp<=16k,0.0685,2
1024,n<=32,sr<=40%,kvB<=1k,kp<=1k,0.0563,2
1024,n<=32,sr<=40%,kvB<=1k,kp<=2k,0.0886,2
1024,n<=32,sr<=40%,kvB<=1k,kp<=4k,0.0881,2
1024,n<=32,sr<=40%,kvB<=1k,kp<=512,0.0755,2
1024,n<=32,sr<=40%,kvB<=1k,kp<=8k,0.1019,2
1024,n<=32,sr<=40%,kvB<=1k,kp=0,0.0408,2
1024,n<=32,sr<=40%,kvB<=32k,kp<=16k,0.0535,1
1024,n<=32,sr<=40%,kvB<=32k,kp<=1k,0.0063,1
1024,n<=32,sr<=40%,kvB<=32k,kp<=2k,0.0109,1
1024,n<=32,sr<=40%,kvB<=32k,kp<=4k,0.0122,1
1024,n<=32,sr<=40%,kvB<=32k,kp<=512,0.0068,1
1024,n<=32,sr<=40%,kvB<=32k,kp<=8k,0.0005,1
1024,n<=32,sr<=40%,kvB<=32k,kp=0,0.0098,1
1024,n<=32,sr<=40%,kvB<=4k,kp<=16k,-0.0022,2
1024,n<=32,sr<=40%,kvB<=4k,kp<=1k,-0.0023,2
1024,n<=32,sr<=40%,kvB<=4k,kp<=2k,0.0496,2
1024,n<=32,sr<=40%,kvB<=4k,kp<=4k,0.0363,2
1024,n<=32,sr<=40%,kvB<=4k,kp<=512,0.0049,2
1024,n<=32,sr<=40%,kvB<=4k,kp<=8k,-0.067,2
1024,n<=32,sr<=40%,kvB<=4k,kp=0,0.0035,2
1024,n<=32,sr<=5%,kvB<=16k,kp<=16k,0.0265,2
1024,n<=32,sr<=5%,kvB<=16k,kp<=1k,0.0283,2
1024,n<=32,sr<=5%,kvB<=16k,kp<=2k,0.0232,2
1024,n<=32,sr<=5%,kvB<=16k,kp<=4k,0.0154,2
1024,n<=32,sr<=5%,kvB<=16k,kp<=512,0.0245,2
1024,n<=32,sr<=5%,kvB<=16k,kp<=8k,0.0194,2
1024,n<=32,sr<=5%,kvB<=16k,kp=0,0.0251,2
1024,n<=32,sr<=5%,kvB<=1k,kp<=16k,-0.0174,2
1024,n<=32,sr<=5%,kvB<=1k,kp<=1k,0.0084,2
1024,n<=32,sr<=5%,kvB<=1k,kp<=2k,0.0156,2
1024,n<=32,sr<=5%,kvB<=1k,kp<=4k,0.0144,2
1024,n<=32,sr<=5%,kvB<=1k,kp<=512,0.005,2
1024,n<=32,sr<=5%,kvB<=1k,kp<=8k,-0.0022,2
1024,n<=32,sr<=5%,kvB<=1k,kp=0,0.0125,2
1024,n<=32,sr<=5%,kvB<=32k,kp<=16k,0.0256,1
1024,n<=32,sr<=5%,kvB<=32k,kp<=1k,0.0241,1
1024,n<=32,sr<=5%,kvB<=32k,kp<=2k,0.0267,1
1024,n<=32,sr<=5%,kvB<=32k,kp<=4k,0.0273,1
1024,n<=32,sr<=5%,kvB<=32k,kp<=512,0.0231,1
1024,n<=32,sr<=5%,kvB<=32k,kp<=8k,0.0126,1
1024,n<=32,sr<=5%,kvB<=32k,kp=0,0.0227,1
1024,n<=32,sr<=5%,kvB<=4k,kp<=16k,0.0162,2
1024,n<=32,sr<=5%,kvB<=4k,kp<=1k,0.0162,2
1024,n<=32,sr<=5%,kvB<=4k,kp<=2k,0.0137,2
1024,n<=32,sr<=5%,kvB<=4k,kp<=4k,0.0182,2
1024,n<=32,sr<=5%,kvB<=4k,kp<=512,0.0169,2
1024,n<=32,sr<=5%,kvB<=4k,kp<=8k,0.01,2
1024,n<=32,sr<=5%,kvB<=4k,kp=0,0.0175,2
1024,n<=32,sr<=70%,kvB<=16k,kp<=16k,0.0453,2
1024,n<=32,sr<=70%,kvB<=16k,kp<=1k,0.005,2
1024,n<=32,sr<=70%,kvB<=16k,kp<=2k,0.0083,2
1024,n<=32,sr<=70%,kvB<=16k,kp<=4k,0.0108,2
1024,n<=32,sr<=70%,kvB<=16k,kp<=512,-0.0018,2
1024,n<=32,sr<=70%,kvB<=16k,kp<=8k,0.013,2
1024,n<=32,sr<=70%,kvB<=16k,kp=0,0.0106,2
1024,n<=32,sr<=70%,kvB<=1k,kp<=16k,-0.1618,2
1024,n<=32,sr<=70%,kvB<=1k,kp<=1k,0.0311,2
1024,n<=32,sr<=70%,kvB<=1k,kp<=2k,0.0365,2
1024,n<=32,sr<=70%,kvB<=1k,kp<=4k,0.0228,2
1024,n<=32,sr<=70%,kvB<=1k,kp<=512,0.027,2
1024,n<=32,sr<=70%,kvB<=1k,kp<=8k,0.0421,2
1024,n<=32,sr<=70%,kvB<=1k,kp=0,0.0174,2
1024,n<=32,sr<=70%,kvB<=32k,kp<=16k,0.0015,1
1024,n<=32,sr<=70%,kvB<=32k,kp<=1k,-0.0079,1
1024,n<=32,sr<=70%,kvB<=32k,kp<=2k,-0.0026,1
1024,n<=32,sr<=70%,kvB<=32k,kp<=4k,-0.0102,1
1024,n<=32,sr<=70%,kvB<=32k,kp<=512,-0.005,1
1024,n<=32,sr<=70%,kvB<=32k,kp<=8k,0.0096,1
1024,n<=32,sr<=70%,kvB<=32k,kp=0,0.0021,1
1024,n<=32,sr<=70%,kvB<=4k,kp<=16k,-0.0146,2
1024,n<=32,sr<=70%,kvB<=4k,kp<=1k,0.0277,2
1024,n<=32,sr<=70%,kvB<=4k,kp<=2k,0.0194,2
1024,n<=32,sr<=70%,kvB<=4k,kp<=4k,0.02,2
1024,n<=32,sr<=70%,kvB<=4k,kp<=512,-0.0023,2
1024,n<=32,sr<=70%,kvB<=4k,kp<=8k,0.0179,2
1024,n<=32,sr<=70%,kvB<=4k,kp=0,0.0008,2
1024,n<=32,sr>70%,kvB<=16k,kp<=16k,0.0999,4
1024,n<=32,sr>70%,kvB<=16k,kp<=1k,-0.0069,4
1024,n<=32,sr>70%,kvB<=16k,kp<=2k,-0.0112,4
1024,n<=32,sr>70%,kvB<=16k,kp<=4k,-0.0013,4
1024,n<=32,sr>70%,kvB<=16k,kp<=512,-0.0083,4
1024,n<=32,sr>70%,kvB<=16k,kp<=8k,0.0069,4
1024,n<=32,sr>70%,kvB<=16k,kp=0,0.0006,4
1024,n<=32,sr>70%,kvB<=1k,kp<=16k,0.1799,4
1024,n<=32,sr>70%,kvB<=1k,kp<=1k,0.0077,4
1024,n<=32,sr>70%,kvB<=1k,kp<=2k,0.1914,4
1024,n<=32,sr>70%,kvB<=1k,kp<=4k,0.2671,4
1024,n<=32,sr>70%,kvB<=1k,kp<=512,0.0353,4
1024,n<=32,sr>70%,kvB<=1k,kp<=8k,0.2478,4
1024,n<=32,sr>70%,kvB<=1k,kp=0,0.0045,4
1024,n<=32,sr>70%,kvB<=32k,kp<=16k,-0.028,2
1024,n<=32,sr>70%,kvB<=32k,kp<=1k,-0.0195,2
1024,n<=32,sr>70%,kvB<=32k,kp<=2k,-0.0196,2
1024,n<=32,sr>70%,kvB<=32k,kp<=4k,-0.0241,2
1024,n<=32,sr>70%,kvB<=32k,kp<=512,-0.0286,2
1024,n<=32,sr>70%,kvB<=32k,kp<=8k,0.0059,2
1024,n<=32,sr>70%,kvB<=32k,kp=0,-0.0198,2
1024,n<=32,sr>70%,kvB<=4k,kp<=16k,0.2326,4
1024,n<=32,sr>70%,kvB<=4k,kp<=1k,0.0014,4
1024,n<=32,sr>70%,kvB<=4k,kp<=2k,-0.0157,4
1024,n<=32,sr>70%,kvB<=4k,kp<=4k,0.094,4
1024,n<=32,sr>70%,kvB<=4k,kp<=512,0.0035,4
1024,n<=32,sr>70%,kvB<=4k,kp<=8k,0.1418,4
1024,n<=32,sr>70%,kvB<=4k,kp=0,-0.0118,4
1024,n<=4,sr<=40%,kvB<=16k,kp<=16k,-0.0964,2
1024,n<=4,sr<=40%,kvB<=16k,kp<=1k,0.2487,2
1024,n<=4,sr<=40%,kvB<=16k,kp<=2k,0.2847,2
1024,n<=4,sr<=40%,kvB<=16k,kp<=4k,0.3115,2
1024,n<=4,sr<=40%,kvB<=16k,kp<=512,0.2341,2
1024,n<=4,sr<=40%,kvB<=16k,kp<=8k,0.3882,2
1024,n<=4,sr<=40%,kvB<=16k,kp=0,0.2635,2
1024,n<=4,sr<=40%,kvB<=1k,kp<=16k,3.8766,2
1024,n<=4,sr<=40%,kvB<=1k,kp<=1k,0.1664,2
1024,n<=4,sr<=40%,kvB<=1k,kp<=2k,0.0857,2
1024,n<=4,sr<=40%,kvB<=1k,kp<=4k,0.0895,2
1024,n<=4,sr<=40%,kvB<=1k,kp<=512,0.0073,2
1024,n<=4,sr<=40%,kvB<=1k,kp<=8k,-0.322,2
1024,n<=4,sr<=40%,kvB<=1k,kp=0,0.1132,2
1024,n<=4,sr<=40%,kvB<=32k,kp<=16k,0.4821,1
1024,n<=4,sr<=40%,kvB<=32k,kp<=1k,0.1536,1
1024,n<=4,sr<=40%,kvB<=32k,kp<=2k,0.2046,1
1024,n<=4,sr<=40%,kvB<=32k,kp<=4k,0.2411,1
1024,n<=4,sr<=40%,kvB<=32k,kp<=512,0.2524,1
1024,n<=4,sr<=40%,kvB<=32k,kp<=8k,0.3632,1
1024,n<=4,sr<=40%,kvB<=32k,kp=0,0.3594,1
1024,n<=4,sr<=40%,kvB<=4k,kp<=16k,-0.1205,2
1024,n<=4,sr<=40%,kvB<=4k,kp<=1k,0.324,2
1024,n<=4,sr<=40%,kvB<=4k,kp<=2k,0.2094,2
1024,n<=4,sr<=40%,kvB<=4k,kp<=4k,-0.0347,2
1024,n<=4,sr<=40%,kvB<=4k,kp<=512,0.3119,2
1024,n<=4,sr<=40%,kvB<=4k,kp<=8k,0.1387,2
1024,n<=4,sr<=40%,kvB<=4k,kp=0,0.3158,2
1024,n<=4,sr<=70%,kvB<=16k,kp<=16k,0.0951,2
1024,n<=4,sr<=70%,kvB<=16k,kp<=1k,0.2901,2
1024,n<=4,sr<=70%,kvB<=16k,kp<=2k,0.3018,2
1024,n<=4,sr<=70%,kvB<=16k,kp<=4k,0.2754,2
1024,n<=4,sr<=70%,kvB<=16k,kp<=512,0.2254,2
1024,n<=4,sr<=70%,kvB<=16k,kp<=8k,0.4327,2
1024,n<=4,sr<=70%,kvB<=16k,kp=0,0.3434,2
1024,n<=4,sr<=70%,kvB<=1k,kp<=1k,-0.1266,2
1024,n<=4,sr<=70%,kvB<=1k,kp<=2k,0.294,2
1024,n<=4,sr<=70%,kvB<=1k,kp<=4k,0.1949,2
1024,n<=4,sr<=70%,kvB<=1k,kp<=512,0.1868,2
1024,n<=4,sr<=70%,kvB<=1k,kp<=8k,0.0518,2
1024,n<=4,sr<=70%,kvB<=1k,kp=0,0.1975,2
1024,n<=4,sr<=70%,kvB<=32k,kp<=16k,0.4996,1
1024,n<=4,sr<=70%,kvB<=32k,kp<=1k,0.2094,1
1024,n<=4,sr<=70%,kvB<=32k,kp<=2k,0.2248,1
1024,n<=4,sr<=70%,kvB<=32k,kp<=4k,0.1096,1
1024,n<=4,sr<=70%,kvB<=32k,kp<=512,0.316,1
1024,n<=4,sr<=70%,kvB<=32k,kp<=8k,0.2738,1
1024,n<=4,sr<=70%,kvB<=32k,kp=0,0.3706,1
1024,n<=4,sr<=70%,kvB<=4k,kp<=16k,-0.6907,1
1024,n<=4,sr<=70%,kvB<=4k,kp<=1k,0.3218,2
1024,n<=4,sr<=70%,kvB<=4k,kp<=2k,0.2505,2
1024,n<=4,sr<=70%,kvB<=4k,kp<=4k,-0.1107,2
1024,n<=4,sr<=70%,kvB<=4k,kp<=512,0.2778,2
1024,n<=4,sr<=70%,kvB<=4k,kp<=8k,0.1186,2
1024,n<=4,sr<=70%,kvB<=4k,kp=0,0.2642,2
1024,n<=4,sr>70%,kvB<=16k,kp<=16k,0.2618,2
1024,n<=4,sr>70%,kvB<=16k,kp<=1k,0.2171,2
1024,n<=4,sr>70%,kvB<=16k,kp<=2k,0.2536,2
1024,n<=4,sr>70%,kvB<=16k,kp<=4k,0.2521,2
1024,n<=4,sr>70%,kvB<=16k,kp<=512,0.2487,2
1024,n<=4,sr>70%,kvB<=16k,kp<=8k,0.5368,2
1024,n<=4,sr>70%,kvB<=16k,kp=0,0.8796,2
1024,n<=4,sr>70%,kvB<=1k,kp<=16k,0.1204,2
1024,n<=4,sr>70%,kvB<=1k,kp<=1k,0.2455,2
1024,n<=4,sr>70%,kvB<=1k,kp<=2k,0.4517,2
1024,n<=4,sr>70%,kvB<=1k,kp<=4k,0.2764,2
1024,n<=4,sr>70%,kvB<=1k,kp<=512,0.401,2
1024,n<=4,sr>70%,kvB<=1k,kp<=8k,2.3518,2
1024,n<=4,sr>70%,kvB<=1k,kp=0,0.479,2
1024,n<=4,sr>70%,kvB<=32k,kp<=16k,0.7398,1
1024,n<=4,sr>70%,kvB<=32k,kp<=1k,0.5392,1
1024,n<=4,sr>70%,kvB<=32k,kp<=2k,0.4256,1
1024,n<=4,sr>70%,kvB<=32k,kp<=4k,0.1493,1
1024,n<=4,sr>70%,kvB<=32k,kp<=512,1.1218,1
1024,n<=4,sr>70%,kvB<=32k,kp<=8k,-0.2758,1
1024,n<=4,sr>70%,kvB<=32k,kp=0,1.5142,1
1024,n<=4,sr>70%,kvB<=4k,kp<=16k,0.9664,1
1024,n<=4,sr>70%,kvB<=4k,kp<=1k,0.3291,2
1024,n<=4,sr>70%,kvB<=4k,kp<=2k,0.4287,2
1024,n<=4,sr>70%,kvB<=4k,kp<=4k,0.2564,2
1024,n<=4,sr>70%,kvB<=4k,kp<=512,0.2871,2
1024,n<=4,sr>70%,kvB<=4k,kp<=8k,-0.6508,1
1024,n<=4,sr>70%,kvB<=4k,kp=0,0.2884,2
1024,n<=64,sr<=15%,kvB<=16k,kp<=16k,0.0101,4
1024,n<=64,sr<=15%,kvB<=16k,kp<=1k,0.0122,4
1024,n<=64,sr<=15%,kvB<=16k,kp<=2k,0.0132,4
1024,n<=64,sr<=15%,kvB<=16k,kp<=4k,0.0129,4
1024,n<=64,sr<=15%,kvB<=16k,kp<=512,0.0111,4
1024,n<=64,sr<=15%,kvB<=16k,kp<=8k,-0.0061,4
1024,n<=64,sr<=15%,kvB<=16k,kp=0,0.0102,4
1024,n<=64,sr<=15%,kvB<=1k,kp<=16k,0.0519,4
1024,n<=64,sr<=15%,kvB<=1k,kp<=1k,0.0349,4
1024,n<=64,sr<=15%,kvB<=1k,kp<=2k,0.0391,4
1024,n<=64,sr<=15%,kvB<=1k,kp<=4k,0.0531,4
1024,n<=64,sr<=15%,kvB<=1k,kp<=512,0.0305,4
1024,n<=64,sr<=15%,kvB<=1k,kp<=8k,0.0667,4
1024,n<=64,sr<=15%,kvB<=1k,kp=0,0.0212,4
1024,n<=64,sr<=15%,kvB<=32k,kp<=16k,-0.0044,2
1024,n<=64,sr<=15%,kvB<=32k,kp<=1k,0.0099,2
1024,n<=64,sr<=15%,kvB<=32k,kp<=2k,0.0096,2
1024,n<=64,sr<=15%,kvB<=32k,kp<=4k,0.0087,2
1024,n<=64,sr<=15%,kvB<=32k,kp<=512,0.0096,2
1024,n<=64,sr<=15%,kvB<=32k,kp<=8k,0.0156,2
1024,n<=64,sr<=15%,kvB<=32k,kp=0,0.0086,2
1024,n<=64,sr<=15%,kvB<=4k,kp<=16k,0.0062,4
1024,n<=64,sr<=15%,kvB<=4k,kp<=1k,0.0113,4
1024,n<=64,sr<=15%,kvB<=4k,kp<=2k,-0.0054,4
1024,n<=64,sr<=15%,kvB<=4k,kp<=4k,-0.0004,4
1024,n<=64,sr<=15%,kvB<=4k,kp<=512,0.0136,4
1024,n<=64,sr<=15%,kvB<=4k,kp<=8k,0.0173,4
1024,n<=64,sr<=15%,kvB<=4k,kp=0,0.0109,4
1024,n<=64,sr<=40%,kvB<=16k,kp<=16k,0.0019,2
1024,n<=64,sr<=40%,kvB<=16k,kp<=1k,0.001,2
1024,n<=64,sr<=40%,kvB<=16k,kp<=2k,0.0038,2
1024,n<=64,sr<=40%,kvB<=16k,kp<=4k,0.0135,2
1024,n<=64,sr<=40%,kvB<=16k,kp<=512,0.0028,2
1024,n<=64,sr<=40%,kvB<=16k,kp<=8k,-0.0047,2
1024,n<=64,sr<=40%,kvB<=16k,kp=0,0.0041,2
1024,n<=64,sr<=40%,kvB<=1k,kp<=16k,0.1006,2
1024,n<=64,sr<=40%,kvB<=1k,kp<=1k,0.0546,2
1024,n<=64,sr<=40%,kvB<=1k,kp<=2k,0.0602,2
1024,n<=64,sr<=40%,kvB<=1k,kp<=4k,0.075,2
1024,n<=64,sr<=40%,kvB<=1k,kp<=512,0.0395,2
1024,n<=64,sr<=40%,kvB<=1k,kp<=8k,0.1039,2
1024,n<=64,sr<=40%,kvB<=1k,kp=0,0.0227,2
1024,n<=64,sr<=40%,kvB<=32k,kp<=16k,-0.0014,1
1024,n<=64,sr<=40%,kvB<=32k,kp<=1k,0.0034,1
1024,n<=64,sr<=40%,kvB<=32k,kp<=2k,0.0013,1
1024,n<=64,sr<=40%,kvB<=32k,kp<=4k,-0.0006,1
1024,n<=64,sr<=40%,kvB<=32k,kp<=512,0.0031,1
1024,n<=64,sr<=40%,kvB<=32k,kp<=8k,0.013,1
1024,n<=64,sr<=40%,kvB<=32k,kp=0,0.0021,1
1024,n<=64,sr<=40%,kvB<=4k,kp<=16k,-0.0233,2
1024,n<=64,sr<=40%,kvB<=4k,kp<=1k,0.009,2
1024,n<=64,sr<=40%,kvB<=4k,kp<=2k,-0.0147,2
1024,n<=64,sr<=40%,kvB<=4k,kp<=4k,-0.0345,2
1024,n<=64,sr<=40%,kvB<=4k,kp<=512,0.0086,2
1024,n<=64,sr<=40%,kvB<=4k,kp<=8k,0.029,2
1024,n<=64,sr<=40%,kvB<=4k,kp=0,0.0047,2
1024,n<=64,sr<=5%,kvB<=16k,kp<=16k,0.0092,6
1024,n<=64,sr<=5%,kvB<=16k,kp<=1k,0.0128,6
1024,n<=64,sr<=5%,kvB<=16k,kp<=2k,0.0155,6
1024,n<=64,sr<=5%,kvB<=16k,kp<=4k,0.0171,6
1024,n<=64,sr<=5%,kvB<=16k,kp<=512,0.0119,6
1024,n<=64,sr<=5%,kvB<=16k,kp<=8k,0.0034,6
1024,n<=64,sr<=5%,kvB<=16k,kp=0,0.0107,6
1024,n<=64,sr<=5%,kvB<=1k,kp<=16k,0.0143,6
1024,n<=64,sr<=5%,kvB<=1k,kp<=1k,0.009,6
1024,n<=64,sr<=5%,kvB<=1k,kp<=2k,0.0106,6
1024,n<=64,sr<=5%,kvB<=1k,kp<=4k,0.0139,6
1024,n<=64,sr<=5%,kvB<=1k,kp<=512,0.0075,6
1024,n<=64,sr<=5%,kvB<=1k,kp<=8k,0.0173,6
1024,n<=64,sr<=5%,kvB<=1k,kp=0,0.0073,6
1024,n<=64,sr<=5%,kvB<=32k,kp<=16k,0.0072,3
1024,n<=64,sr<=5%,kvB<=32k,kp<=1k,0.0111,3
1024,n<=64,sr<=5%,kvB<=32k,kp<=2k,0.0117,3
1024,n<=64,sr<=5%,kvB<=32k,kp<=4k,0.0113,3
1024,n<=64,sr<=5%,kvB<=32k,kp<=512,0.0106,3
1024,n<=64,sr<=5%,kvB<=32k,kp<=8k,0.0178,3
1024,n<=64,sr<=5%,kvB<=32k,kp=0,0.0101,3
1024,n<=64,sr<=5%,kvB<=4k,kp<=16k,0.0053,6
1024,n<=64,sr<=5%,kvB<=4k,kp<=1k,0.0133,6
1024,n<=64,sr<=5%,kvB<=4k,kp<=2k,0.0016,6
1024,n<=64,sr<=5%,kvB<=4k,kp<=4k,0.001,6
1024,n<=64,sr<=5%,kvB<=4k,kp<=512,0.0129,6
1024,n<=64,sr<=5%,kvB<=4k,kp<=8k,0.0083,6
1024,n<=64,sr<=5%,kvB<=4k,kp=0,0.0107,6
1024,n<=64,sr<=70%,kvB<=16k,kp<=16k,0.017,2
1024,n<=64,sr<=70%,kvB<=16k,kp<=1k,-0.001,2
1024,n<=64,sr<=70%,kvB<=16k,kp<=2k,-0.0024,2
1024,n<=64,sr<=70%,kvB<=16k,kp<=4k,-0.0022,2
1024,n<=64,sr<=70%,kvB<=16k,kp<=512,0.0005,2
1024,n<=64,sr<=70%,kvB<=16k,kp<=8k,0.012,2
1024,n<=64,sr<=70%,kvB<=16k,kp=0,0.0009,2
1024,n<=64,sr<=70%,kvB<=1k,kp<=16k,0.0665,2
1024,n<=64,sr<=70%,kvB<=1k,kp<=1k,0.0384,2
1024,n<=64,sr<=70%,kvB<=1k,kp<=2k,0.096,2
1024,n<=64,sr<=70%,kvB<=1k,kp<=4k,0.0697,2
1024,n<=64,sr<=70%,kvB<=1k,kp<=512,0.0324,2
1024,n<=64,sr<=70%,kvB<=1k,kp<=8k,0.0633,2
1024,n<=64,sr<=70%,kvB<=1k,kp=0,0.0499,2
1024,n<=64,sr<=70%,kvB<=32k,kp<=16k,0.0188,1
1024,n<=64,sr<=70%,kvB<=32k,kp<=1k,0.0001,1
1024,n<=64,sr<=70%,kvB<=32k,kp<=2k,0.0014,1
1024,n<=64,sr<=70%,kvB<=32k,kp<=4k,-0.0052,1
1024,n<=64,sr<=70%,kvB<=32k,kp<=512,0.002,1
1024,n<=64,sr<=70%,kvB<=32k,kp<=8k,-0.0093,1
1024,n<=64,sr<=70%,kvB<=32k,kp=0,0.0017,1
1024,n<=64,sr<=70%,kvB<=4k,kp<=16k,-0.0268,2
1024,n<=64,sr<=70%,kvB<=4k,kp<=1k,-0.0077,2
1024,n<=64,sr<=70%,kvB<=4k,kp<=2k,-0.0048,2
1024,n<=64,sr<=70%,kvB<=4k,kp<=4k,-0.019,2
1024,n<=64,sr<=70%,kvB<=4k,kp<=512,-0.011,2
1024,n<=64,sr<=70%,kvB<=4k,kp<=8k,-0.0026,2
1024,n<=64,sr<=70%,kvB<=4k,kp=0,-0.0075,2
1024,n<=64,sr>70%,kvB<=16k,kp<=16k,-0.0141,4
1024,n<=64,sr>70%,kvB<=16k,kp<=1k,0.0133,4
1024,n<=64,sr>70%,kvB<=16k,kp<=2k,0.0149,4
1024,n<=64,sr>70%,kvB<=16k,kp<=4k,0.0119,4
1024,n<=64,sr>70%,kvB<=16k,kp<=512,0.0157,4
1024,n<=64,sr>70%,kvB<=16k,kp<=8k,0.0085,4
1024,n<=64,sr>70%,kvB<=16k,kp=0,0.0124,4
1024,n<=64,sr>70%,kvB<=1k,kp<=16k,0.2063,4
1024,n<=64,sr>70%,kvB<=1k,kp<=1k,0.1215,4
1024,n<=64,sr>70%,kvB<=1k,kp<=2k,0.1729,4
1024,n<=64,sr>70%,kvB<=1k,kp<=4k,0.4106,4
1024,n<=64,sr>70%,kvB<=1k,kp<=512,0.1054,4
1024,n<=64,sr>70%,kvB<=1k,kp<=8k,0.3024,4
1024,n<=64,sr>70%,kvB<=1k,kp=0,0.0613,4
1024,n<=64,sr>70%,kvB<=32k,kp<=16k,0.008,2
1024,n<=64,sr>70%,kvB<=32k,kp<=1k,0.0188,2
1024,n<=64,sr>70%,kvB<=32k,kp<=2k,0.0161,2
1024,n<=64,sr>70%,kvB<=32k,kp<=4k,0.0105,2
1024,n<=64,sr>70%,kvB<=32k,kp<=512,0.0147,2
1024,n<=64,sr>70%,kvB<=32k,kp<=8k,0.0109,2
1024,n<=64,sr>70%,kvB<=32k,kp=0,0.015,2
1024,n<=64,sr>70%,kvB<=4k,kp<=16k,-0.1611,4
1024,n<=64,sr>70%,kvB<=4k,kp<=1k,0.0112,4
1024,n<=64,sr>70%,kvB<=4k,kp<=2k,0.0395,4
1024,n<=64,sr>70%,kvB<=4k,kp<=4k,-0.009,4
1024,n<=64,sr>70%,kvB<=4k,kp<=512,0.0064,4
1024,n<=64,sr>70%,kvB<=4k,kp<=8k,0.0064,4
1024,n<=64,sr>70%,kvB<=4k,kp=0,0.0089,4
1024,n<=8,sr<=15%,kvB<=16k,kp<=16k,-0.0399,2
1024,n<=8,sr<=15%,kvB<=16k,kp<=1k,0.0972,2
1024,n<=8,sr<=15%,kvB<=16k,kp<=2k,0.0703,2
1024,n<=8,sr<=15%,kvB<=16k,kp<=4k,0.0356,2
1024,n<=8,sr<=15%,kvB<=16k,kp<=512,0.0607,2
1024,n<=8,sr<=15%,kvB<=16k,kp<=8k,0.0868,2
1024,n<=8,sr<=15%,kvB<=16k,kp=0,0.1194,2
1024,n<=8,sr<=15%,kvB<=1k,kp<=16k,0.7635,2
1024,n<=8,sr<=15%,kvB<=1k,kp<=1k,0.0764,2
1024,n<=8,sr<=15%,kvB<=1k,kp<=2k,0.1763,2
1024,n<=8,sr<=15%,kvB<=1k,kp<=4k,0.1555,2
1024,n<=8,sr<=15%,kvB<=1k,kp<=512,0.1054,2
1024,n<=8,sr<=15%,kvB<=1k,kp<=8k,-0.0888,2
1024,n<=8,sr<=15%,kvB<=1k,kp=0,0.1073,2
1024,n<=8,sr<=15%,kvB<=32k,kp<=16k,0.034,1
1024,n<=8,sr<=15%,kvB<=32k,kp<=1k,0.0824,1
1024,n<=8,sr<=15%,kvB<=32k,kp<=2k,0.0903,1
1024,n<=8,sr<=15%,kvB<=32k,kp<=4k,0.0474,1
1024,n<=8,sr<=15%,kvB<=32k,kp<=512,0.082,1
1024,n<=8,sr<=15%,kvB<=32k,kp<=8k,-0.0076,1
1024,n<=8,sr<=15%,kvB<=32k,kp=0,0.117,1
1024,n<=8,sr<=15%,kvB<=4k,kp<=16k,-0.0062,2
1024,n<=8,sr<=15%,kvB<=4k,kp<=1k,0.1104,2
1024,n<=8,sr<=15%,kvB<=4k,kp<=2k,0.091,2
1024,n<=8,sr<=15%,kvB<=4k,kp<=4k,0.033,2
1024,n<=8,sr<=15%,kvB<=4k,kp<=512,0.1167,2
1024,n<=8,sr<=15%,kvB<=4k,kp<=8k,-0.0035,2
1024,n<=8,sr<=15%,kvB<=4k,kp=0,0.1079,2
1024,n<=8,sr<=40%,kvB<=16k,kp<=16k,0.0556,4
1024,n<=8,sr<=40%,kvB<=16k,kp<=1k,0.044,4
1024,n<=8,sr<=40%,kvB<=16k,kp<=2k,0.0393,4
1024,n<=8,sr<=40%,kvB<=16k,kp<=4k,0.0747,4
1024,n<=8,sr<=40%,kvB<=16k,kp<=512,0.0154,4
1024,n<=8,sr<=40%,kvB<=16k,kp<=8k,0.1442,4
1024,n<=8,sr<=40%,kvB<=16k,kp=0,0.1042,4
1024,n<=8,sr<=40%,kvB<=1k,kp<=16k,0.6406,3
1024,n<=8,sr<=40%,kvB<=1k,kp<=1k,0.0753,4
1024,n<=8,sr<=40%,kvB<=1k,kp<=2k,0.053,4
1024,n<=8,sr<=40%,kvB<=1k,kp<=4k,0.2056,4
1024,n<=8,sr<=40%,kvB<=1k,kp<=512,0.0892,4
1024,n<=8,sr<=40%,kvB<=1k,kp<=8k,0.6875,3
1024,n<=8,sr<=40%,kvB<=1k,kp=0,0.1361,4
1024,n<=8,sr<=40%,kvB<=32k,kp<=16k,0.1541,2
1024,n<=8,sr<=40%,kvB<=32k,kp<=1k,0.0605,2
1024,n<=8,sr<=40%,kvB<=32k,kp<=2k,0.0582,2
1024,n<=8,sr<=40%,kvB<=32k,kp<=4k,-0.0478,2
1024,n<=8,sr<=40%,kvB<=32k,kp<=512,0.0764,2
1024,n<=8,sr<=40%,kvB<=32k,kp<=8k,-0.0576,2
1024,n<=8,sr<=40%,kvB<=32k,kp=0,0.126,2
1024,n<=8,sr<=40%,kvB<=4k,kp<=16k,0.0397,4
1024,n<=8,sr<=40%,kvB<=4k,kp<=1k,0.1051,4
1024,n<=8,sr<=40%,kvB<=4k,kp<=2k,0.0952,4
1024,n<=8,sr<=40%,kvB<=4k,kp<=4k,0.0231,4
1024,n<=8,sr<=40%,kvB<=4k,kp<=512,0.1062,4
1024,n<=8,sr<=40%,kvB<=4k,kp<=8k,0.0131,4
1024,n<=8,sr<=40%,kvB<=4k,kp=0,0.092,4
1024,n<=8,sr<=70%,kvB<=16k,kp<=16k,0.0329,2
1024,n<=8,sr<=70%,kvB<=16k,kp<=1k,0.0304,2
1024,n<=8,sr<=70%,kvB<=16k,kp<=2k,0.0509,2
1024,n<=8,sr<=70%,kvB<=16k,kp<=4k,0.0037,2
1024,n<=8,sr<=70%,kvB<=16k,kp<=512,-0.0022,2
1024,n<=8,sr<=70%,kvB<=16k,kp<=8k,0.0564,2
1024,n<=8,sr<=70%,kvB<=16k,kp=0,0.1282,2
1024,n<=8,sr<=70%,kvB<=1k,kp<=16k,0.8584,2
1024,n<=8,sr<=70%,kvB<=1k,kp<=1k,0.1466,2
1024,n<=8,sr<=70%,kvB<=1k,kp<=2k,0.1043,2
1024,n<=8,sr<=70%,kvB<=1k,kp<=4k,-0.1683,2
1024,n<=8,sr<=70%,kvB<=1k,kp<=512,0.1101,2
1024,n<=8,sr<=70%,kvB<=1k,kp<=8k,0.0233,1
1024,n<=8,sr<=70%,kvB<=1k,kp=0,0.1383,2
1024,n<=8,sr<=70%,kvB<=32k,kp<=16k,0.0739,1
1024,n<=8,sr<=70%,kvB<=32k,kp<=1k,0.0201,1
1024,n<=8,sr<=70%,kvB<=32k,kp<=2k,0.0563,1
1024,n<=8,sr<=70%,kvB<=32k,kp<=4k,-0.0024,1
1024,n<=8,sr<=70%,kvB<=32k,kp<=512,0.0705,1
1024,n<=8,sr<=70%,kvB<=32k,kp<=8k,-0.0163,1
1024,n<=8,sr<=70%,kvB<=32k,kp=0,0.1826,1
1024,n<=8,sr<=70%,kvB<=4k,kp<=16k,-0.0583,2
1024,n<=8,sr<=70%,kvB<=4k,kp<=1k,0.0943,2
1024,n<=8,sr<=70%,kvB<=4k,kp<=2k,0.101,2
1024,n<=8,sr<=70%,kvB<=4k,kp<=4k,-0.0675,2
1024,n<=8,sr<=70%,kvB<=4k,kp<=512,0.0817,2
1024,n<=8,sr<=70%,kvB<=4k,kp<=8k,0.0546,2
1024,n<=8,sr<=70%,kvB<=4k,kp=0,0.042,2
1024,n<=8,sr>70%,kvB<=16k,kp<=16k,0.6524,4
1024,n<=8,sr>70%,kvB<=16k,kp<=1k,-0.0448,4
1024,n<=8,sr>70%,kvB<=16k,kp<=2k,-0.0232,4
1024,n<=8,sr>70%,kvB<=16k,kp<=4k,-0.0598,4
1024,n<=8,sr>70%,kvB<=16k,kp<=512,-0.0398,4
1024,n<=8,sr>70%,kvB<=16k,kp<=8k,0.4248,3
1024,n<=8,sr>70%,kvB<=16k,kp=0,0.1449,4
1024,n<=8,sr>70%,kvB<=1k,kp<=16k,0.4937,3
1024,n<=8,sr>70%,kvB<=1k,kp<=1k,0.1213,4
1024,n<=8,sr>70%,kvB<=1k,kp<=2k,0.5444,4
1024,n<=8,sr>70%,kvB<=1k,kp<=4k,0.2671,4
1024,n<=8,sr>70%,kvB<=1k,kp<=512,0.238,4
1024,n<=8,sr>70%,kvB<=1k,kp<=8k,-0.1605,4
1024,n<=8,sr>70%,kvB<=1k,kp=0,0.3613,4
1024,n<=8,sr>70%,kvB<=32k,kp<=16k,0.5623,2
1024,n<=8,sr>70%,kvB<=32k,kp<=1k,-0.1316,2
1024,n<=8,sr>70%,kvB<=32k,kp<=2k,-0.0275,2
1024,n<=8,sr>70%,kvB<=32k,kp<=4k,-0.0093,2
1024,n<=8,sr>70%,kvB<=32k,kp<=512,-0.0197,2
1024,n<=8,sr>70%,kvB<=32k,kp<=8k,0.0108,2
1024,n<=8,sr>70%,kvB<=32k,kp=0,0.1029,2
1024,n<=8,sr>70%,kvB<=4k,kp<=16k,0.3044,4
1024,n<=8,sr>70%,kvB<=4k,kp<=1k,0.0805,4
1024,n<=8,sr>70%,kvB<=4k,kp<=2k,-0.1292,4
1024,n<=8,sr>70%,kvB<=4k,kp<=4k,-0.2258,4
1024,n<=8,sr>70%,kvB<=4k,kp<=512,-0.0053,4
1024,n<=8,sr>70%,kvB<=4k,kp<=8k,0.0709,4
1024,n<=8,sr>70%,kvB<=4k,kp=0,0.1243,4
2048,n<=128,sr<=15%,kvB<=16k,kp<=16k,-0.0018,4
2048,n<=128,sr<=15%,kvB<=16k,kp<=1k,0.0041,4
2048,n<=128,sr<=15%,kvB<=16k,kp<=2k,0.0054,4
2048,n<=128,sr<=15%,kvB<=16k,kp<=4k,0.0064,4
2048,n<=128,sr<=15%,kvB<=16k,kp<=512,0.0037,4
2048,n<=128,sr<=15%,kvB<=16k,kp<=8k,-0.0108,4
2048,n<=128,sr<=15%,kvB<=16k,kp=0,0.0039,4
2048,n<=128,sr<=15%,kvB<=1k,kp<=16k,-0.0273,4
2048,n<=128,sr<=15%,kvB<=1k,kp<=1k,0.0273,4
2048,n<=128,sr<=15%,kvB<=1k,kp<=2k,0.0498,4
2048,n<=128,sr<=15%,kvB<=1k,kp<=4k,0.0543,4
2048,n<=128,sr<=15%,kvB<=1k,kp<=512,0.0387,4
2048,n<=128,sr<=15%,kvB<=1k,kp<=8k,0.0094,4
2048,n<=128,sr<=15%,kvB<=1k,kp=0,0.0455,4
2048,n<=128,sr<=15%,kvB<=32k,kp<=16k,-0.0114,2
2048,n<=128,sr<=15%,kvB<=32k,kp<=1k,0.0038,2
2048,n<=128,sr<=15%,kvB<=32k,kp<=2k,0.0025,2
2048,n<=128,sr<=15%,kvB<=32k,kp<=4k,0.0027,2
2048,n<=128,sr<=15%,kvB<=32k,kp<=512,0.0029,2
2048,n<=128,sr<=15%,kvB<=32k,kp<=8k,0.0147,2
2048,n<=128,sr<=15%,kvB<=32k,kp=0,0.0029,2
2048,n<=128,sr<=15%,kvB<=4k,kp<=16k,-0.0164,4
2048,n<=128,sr<=15%,kvB<=4k,kp<=1k,0.0008,4
2048,n<=128,sr<=15%,kvB<=4k,kp<=2k,0.0055,4
2048,n<=128,sr<=15%,kvB<=4k,kp<=4k,0.0008,4
2048,n<=128,sr<=15%,kvB<=4k,kp<=512,0.0023,4
2048,n<=128,sr<=15%,kvB<=4k,kp<=8k,0.0051,4
2048,n<=128,sr<=15%,kvB<=4k,kp=0,0.0031,4
2048,n<=128,sr<=40%,kvB<=16k,kp<=16k,-0.0128,2
2048,n<=128,sr<=40%,kvB<=16k,kp<=1k,-0.0004,2
2048,n<=128,sr<=40%,kvB<=16k,kp<=2k,0.0043,2
2048,n<=128,sr<=40%,kvB<=16k,kp<=4k,0.0085,2
2048,n<=128,sr<=40%,kvB<=16k,kp<=512,0.0004,2
2048,n<=128,sr<=40%,kvB<=16k,kp<=8k,-0.0113,2
2048,n<=128,sr<=40%,kvB<=16k,kp=0,0.0006,2
2048,n<=128,sr<=40%,kvB<=1k,kp<=16k,0.1219,2
2048,n<=128,sr<=40%,kvB<=1k,kp<=1k,0.0705,2
2048,n<=128,sr<=40%,kvB<=1k,kp<=2k,0.0987,2
2048,n<=128,sr<=40%,kvB<=1k,kp<=4k,0.1188,2
2048,n<=128,sr<=40%,kvB<=1k,kp<=512,0.0649,2
2048,n<=128,sr<=40%,kvB<=1k,kp<=8k,0.1276,2
2048,n<=128,sr<=40%,kvB<=1k,kp=0,0.075,2
2048,n<=128,sr<=40%,kvB<=32k,kp<=16k,0.0012,1
2048,n<=128,sr<=40%,kvB<=32k,kp<=1k,0.0007,1
2048,n<=128,sr<=40%,kvB<=32k,kp<=2k,-0.0006,1
2048,n<=128,sr<=40%,kvB<=32k,kp<=4k,-0.0034,1
2048,n<=128,sr<=40%,kvB<=32k,kp<=512,0.0003,1
2048,n<=128,sr<=40%,kvB<=32k,kp<=8k,0.0084,1
2048,n<=128,sr<=40%,kvB<=32k,kp=0,0.0007,1
2048,n<=128,sr<=40%,kvB<=4k,kp<=16k,-0.0509,2
2048,n<=128,sr<=40%,kvB<=4k,kp<=1k,0.0019,2
2048,n<=128,sr<=40%,kvB<=4k,kp<=2k,-0.0022,2
2048,n<=128,sr<=40%,kvB<=4k,kp<=4k,-0.0154,2
2048,n<=128,sr<=40%,kvB<=4k,kp<=512,0.0008,2
2048,n<=128,sr<=40%,kvB<=4k,kp<=8k,0.0203,2
2048,n<=128,sr<=40%,kvB<=4k,kp=0,0.0043,2
2048,n<=128,sr<=5%,kvB<=16k,kp<=16k,0.0026,8
2048,n<=128,sr<=5%,kvB<=16k,kp<=1k,0.0042,8
2048,n<=128,sr<=5%,kvB<=16k,kp<=2k,0.0063,8
2048,n<=128,sr<=5%,kvB<=16k,kp<=4k,0.0079,8
2048,n<=128,sr<=5%,kvB<=16k,kp<=512,0.0031,8
2048,n<=128,sr<=5%,kvB<=16k,kp<=8k,0.0023,8
2048,n<=128,sr<=5%,kvB<=16k,kp=0,0.0032,8
2048,n<=128,sr<=5%,kvB<=1k,kp<=16k,-0.0018,8
2048,n<=128,sr<=5%,kvB<=1k,kp<=1k,-0.0006,8
2048,n<=128,sr<=5%,kvB<=1k,kp<=2k,0.0067,8
2048,n<=128,sr<=5%,kvB<=1k,kp<=4k,-0.0002,8
2048,n<=128,sr<=5%,kvB<=1k,kp<=512,0.0109,8
2048,n<=128,sr<=5%,kvB<=1k,kp<=8k,0.057,8
2048,n<=128,sr<=5%,kvB<=1k,kp=0,0.003,8
2048,n<=128,sr<=5%,kvB<=32k,kp<=16k,0.0049,4
2048,n<=128,sr<=5%,kvB<=32k,kp<=1k,0.0036,4
2048,n<=128,sr<=5%,kvB<=32k,kp<=2k,0.0038,4
2048,n<=128,sr<=5%,kvB<=32k,kp<=4k,0.0047,4
2048,n<=128,sr<=5%,kvB<=32k,kp<=512,0.0038,4
2048,n<=128,sr<=5%,kvB<=32k,kp<=8k,0.0132,4
2048,n<=128,sr<=5%,kvB<=32k,kp=0,0.0038,4
2048,n<=128,sr<=5%,kvB<=4k,kp<=16k,-0.0089,8
2048,n<=128,sr<=5%,kvB<=4k,kp<=1k,0.0024,8
2048,n<=128,sr<=5%,kvB<=4k,kp<=2k,0.005,8
2048,n<=128,sr<=5%,kvB<=4k,kp<=4k,0.0051,8
2048,n<=128,sr<=5%,kvB<=4k,kp<=512,0.001,8
2048,n<=128,sr<=5%,kvB<=4k,kp<=8k,0.006,8
2048,n<=128,sr<=5%,kvB<=4k,kp=0,0.0016,8
2048,n<=128,sr<=70%,kvB<=16k,kp<=16k,-0.0258,2
2048,n<=128,sr<=70%,kvB<=16k,kp<=1k,-0.006,2
2048,n<=128,sr<=70%,kvB<=16k,kp<=2k,-0.0118,2
2048,n<=128,sr<=70%,kvB<=16k,kp<=4k,-0.0213,2
2048,n<=128,sr<=70%,kvB<=16k,kp<=512,-0.0041,2
2048,n<=128,sr<=70%,kvB<=16k,kp<=8k,-0.0059,2
2048,n<=128,sr<=70%,kvB<=16k,kp=0,-0.003,2
2048,n<=128,sr<=70%,kvB<=1k,kp<=16k,0.0767,2
2048,n<=128,sr<=70%,kvB<=1k,kp<=1k,-0.031,2
2048,n<=128,sr<=70%,kvB<=1k,kp<=2k,-0.027,2
2048,n<=128,sr<=70%,kvB<=1k,kp<=4k,-0.0515,2
2048,n<=128,sr<=70%,kvB<=1k,kp<=512,0.0196,2
2048,n<=128,sr<=70%,kvB<=1k,kp<=8k,0.2136,2
2048,n<=128,sr<=70%,kvB<=1k,kp=0,0.0814,2
2048,n<=128,sr<=70%,kvB<=32k,kp<=16k,0.0017,1
2048,n<=128,sr<=70%,kvB<=32k,kp<=1k,0.0,1
2048,n<=128,sr<=70%,kvB<=32k,kp<=2k,0.002,1
2048,n<=128,sr<=70%,kvB<=32k,kp<=4k,-0.0028,1
2048,n<=128,sr<=70%,kvB<=32k,kp<=512,-0.0015,1
2048,n<=128,sr<=70%,kvB<=32k,kp<=8k,-0.0282,1
2048,n<=128,sr<=70%,kvB<=32k,kp=0,-0.0002,1
2048,n<=128,sr<=70%,kvB<=4k,kp<=16k,-0.1211,2
2048,n<=128,sr<=70%,kvB<=4k,kp<=1k,0.0021,2
2048,n<=128,sr<=70%,kvB<=4k,kp<=2k,-0.0157,2
2048,n<=128,sr<=70%,kvB<=4k,kp<=4k,-0.0423,2
2048,n<=128,sr<=70%,kvB<=4k,kp<=512,0.0043,2
2048,n<=128,sr<=70%,kvB<=4k,kp<=8k,-0.008,2
2048,n<=128,sr<=70%,kvB<=4k,kp=0,0.0019,2
2048,n<=128,sr>70%,kvB<=16k,kp<=16k,-0.1185,4
2048,n<=128,sr>70%,kvB<=16k,kp<=1k,0.0079,4
2048,n<=128,sr>70%,kvB<=16k,kp<=2k,-0.0023,4
2048,n<=128,sr>70%,kvB<=16k,kp<=4k,-0.0385,4
2048,n<=128,sr>70%,kvB<=16k,kp<=512,0.0068,4
2048,n<=128,sr>70%,kvB<=16k,kp<=8k,-0.0482,4
2048,n<=128,sr>70%,kvB<=16k,kp=0,0.0104,4
2048,n<=128,sr>70%,kvB<=1k,kp<=16k,0.1073,4
2048,n<=128,sr>70%,kvB<=1k,kp<=1k,0.1096,4
2048,n<=128,sr>70%,kvB<=1k,kp<=2k,0.19,4
2048,n<=128,sr>70%,kvB<=1k,kp<=4k,0.2188,4
2048,n<=128,sr>70%,kvB<=1k,kp<=512,0.1835,4
2048,n<=128,sr>70%,kvB<=1k,kp<=8k,0.4334,4
2048,n<=128,sr>70%,kvB<=1k,kp=0,0.2206,4
2048,n<=128,sr>70%,kvB<=32k,kp<=16k,-0.0164,2
2048,n<=128,sr>70%,kvB<=32k,kp<=1k,0.0115,2
2048,n<=128,sr>70%,kvB<=32k,kp<=2k,0.0098,2
2048,n<=128,sr>70%,kvB<=32k,kp<=4k,-0.0115,2
2048,n<=128,sr>70%,kvB<=32k,kp<=512,0.0102,2
2048,n<=128,sr>70%,kvB<=32k,kp<=8k,-0.0281,2
2048,n<=128,sr>70%,kvB<=32k,kp=0,0.0109,2
2048,n<=128,sr>70%,kvB<=4k,kp<=16k,-0.2067,4
2048,n<=128,sr>70%,kvB<=4k,kp<=1k,-0.0256,4
2048,n<=128,sr>70%,kvB<=4k,kp<=2k,-0.0554,4
2048,n<=128,sr>70%,kvB<=4k,kp<=4k,-0.1204,4
2048,n<=128,sr>70%,kvB<=4k,kp<=512,-0.0212,4
2048,n<=128,sr>70%,kvB<=4k,kp<=8k,-0.0266,4
2048,n<=128,sr>70%,kvB<=4k,kp=0,-0.0142,4
2048,n<=16,sr<=15%,kvB<=16k,kp<=16k,-0.004,4
2048,n<=16,sr<=15%,kvB<=16k,kp<=1k,0.0434,4
2048,n<=16,sr<=15%,kvB<=16k,kp<=2k,0.0407,4
2048,n<=16,sr<=15%,kvB<=16k,kp<=4k,0.0452,4
2048,n<=16,sr<=15%,kvB<=16k,kp<=512,0.0388,4
2048,n<=16,sr<=15%,kvB<=16k,kp<=8k,0.0402,4
2048,n<=16,sr<=15%,kvB<=16k,kp=0,0.039,4
2048,n<=16,sr<=15%,kvB<=1k,kp<=16k,-0.1043,3
2048,n<=16,sr<=15%,kvB<=1k,kp<=1k,0.0794,4
2048,n<=16,sr<=15%,kvB<=1k,kp<=2k,0.0626,4
2048,n<=16,sr<=15%,kvB<=1k,kp<=4k,0.0558,4
2048,n<=16,sr<=15%,kvB<=1k,kp<=512,0.0575,4
2048,n<=16,sr<=15%,kvB<=1k,kp<=8k,0.169,4
2048,n<=16,sr<=15%,kvB<=1k,kp=0,0.0996,4
2048,n<=16,sr<=15%,kvB<=32k,kp<=16k,0.0367,2
2048,n<=16,sr<=15%,kvB<=32k,kp<=1k,0.0427,2
2048,n<=16,sr<=15%,kvB<=32k,kp<=2k,0.0375,2
2048,n<=16,sr<=15%,kvB<=32k,kp<=4k,0.0466,2
2048,n<=16,sr<=15%,kvB<=32k,kp<=512,0.0397,2
2048,n<=16,sr<=15%,kvB<=32k,kp<=8k,0.0502,2
2048,n<=16,sr<=15%,kvB<=32k,kp=0,0.0419,2
2048,n<=16,sr<=15%,kvB<=4k,kp<=16k,0.0711,4
2048,n<=16,sr<=15%,kvB<=4k,kp<=1k,0.0344,4
2048,n<=16,sr<=15%,kvB<=4k,kp<=2k,0.0295,4
2048,n<=16,sr<=15%,kvB<=4k,kp<=4k,0.0132,4
2048,n<=16,sr<=15%,kvB<=4k,kp<=512,0.0433,4
2048,n<=16,sr<=15%,kvB<=4k,kp<=8k,-0.0372,4
2048,n<=16,sr<=15%,kvB<=4k,kp=0,0.0453,4
2048,n<=16,sr<=40%,kvB<=16k,kp<=16k,-0.0456,4
2048,n<=16,sr<=40%,kvB<=16k,kp<=1k,0.0285,4
2048,n<=16,sr<=40%,kvB<=16k,kp<=2k,0.0316,4
2048,n<=16,sr<=40%,kvB<=16k,kp<=4k,0.0306,4
2048,n<=16,sr<=40%,kvB<=16k,kp<=512,0.0265,4
2048,n<=16,sr<=40%,kvB<=16k,kp<=8k,0.0225,4
2048,n<=16,sr<=40%,kvB<=16k,kp=0,0.0301,4
2048,n<=16,sr<=40%,kvB<=1k,kp<=16k,0.142,4
2048,n<=16,sr<=40%,kvB<=1k,kp<=1k,0.0497,4
2048,n<=16,sr<=40%,kvB<=1k,kp<=2k,0.0641,4
2048,n<=16,sr<=40%,kvB<=1k,kp<=4k,0.1128,4
2048,n<=16,sr<=40%,kvB<=1k,kp<=512,0.0782,4
2048,n<=16,sr<=40%,kvB<=1k,kp<=8k,-0.0827,4
2048,n<=16,sr<=40%,kvB<=1k,kp=0,0.0918,4
2048,n<=16,sr<=40%,kvB<=32k,kp<=16k,0.043,2
2048,n<=16,sr<=40%,kvB<=32k,kp<=1k,0.0337,2
2048,n<=16,sr<=40%,kvB<=32k,kp<=2k,0.0354,2
2048,n<=16,sr<=40%,kvB<=32k,kp<=4k,0.0334,2
2048,n<=16,sr<=40%,kvB<=32k,kp<=512,0.0306,2
2048,n<=16,sr<=40%,kvB<=32k,kp<=8k,0.0366,2
2048,n<=16,sr<=40%,kvB<=32k,kp=0,0.0311,2
2048,n<=16,sr<=40%,kvB<=4k,kp<=16k,-0.0066,4
2048,n<=16,sr<=40%,kvB<=4k,kp<=1k,0.0332,4
2048,n<=16,sr<=40%,kvB<=4k,kp<=2k,-0.0005,4
2048,n<=16,sr<=40%,kvB<=4k,kp<=4k,-0.0013,4
2048,n<=16,sr<=40%,kvB<=4k,kp<=512,0.052,4
2048,n<=16,sr<=40%,kvB<=4k,kp<=8k,0.0039,4
2048,n<=16,sr<=40%,kvB<=4k,kp=0,0.0495,4
2048,n<=16,sr<=70%,kvB<=16k,kp<=16k,0.0954,2
2048,n<=16,sr<=70%,kvB<=16k,kp<=1k,0.0268,2
2048,n<=16,sr<=70%,kvB<=16k,kp<=2k,0.0137,2
2048,n<=16,sr<=70%,kvB<=16k,kp<=4k,0.0407,2
2048,n<=16,sr<=70%,kvB<=16k,kp<=512,0.0141,2
2048,n<=16,sr<=70%,kvB<=16k,kp<=8k,0.09,2
2048,n<=16,sr<=70%,kvB<=16k,kp=0,0.0103,2
2048,n<=16,sr<=70%,kvB<=1k,kp<=16k,0.0241,2
2048,n<=16,sr<=70%,kvB<=1k,kp<=1k,0.0527,2
2048,n<=16,sr<=70%,kvB<=1k,kp<=2k,0.0002,2
2048,n<=16,sr<=70%,kvB<=1k,kp<=4k,0.3697,2
2048,n<=16,sr<=70%,kvB<=1k,kp<=512,0.0124,2
2048,n<=16,sr<=70%,kvB<=1k,kp<=8k,0.0542,2
2048,n<=16,sr<=70%,kvB<=1k,kp=0,0.0633,2
2048,n<=16,sr<=70%,kvB<=32k,kp<=16k,0.0626,1
2048,n<=16,sr<=70%,kvB<=32k,kp<=1k,0.0139,1
2048,n<=16,sr<=70%,kvB<=32k,kp<=2k,0.0307,1
2048,n<=16,sr<=70%,kvB<=32k,kp<=4k,0.0053,1
2048,n<=16,sr<=70%,kvB<=32k,kp<=512,0.014,1
2048,n<=16,sr<=70%,kvB<=32k,kp<=8k,0.0254,1
2048,n<=16,sr<=70%,kvB<=32k,kp=0,0.0148,1
2048,n<=16,sr<=70%,kvB<=4k,kp<=16k,0.0515,2
2048,n<=16,sr<=70%,kvB<=4k,kp<=1k,0.0581,2
2048,n<=16,sr<=70%,kvB<=4k,kp<=2k,-0.0053,2
2048,n<=16,sr<=70%,kvB<=4k,kp<=4k,-0.0454,2
2048,n<=16,sr<=70%,kvB<=4k,kp<=512,0.0278,2
2048,n<=16,sr<=70%,kvB<=4k,kp<=8k,0.1278,2
2048,n<=16,sr<=70%,kvB<=4k,kp=0,-0.0029,2
2048,n<=16,sr>70%,kvB<=16k,kp<=16k,0.3082,4
2048,n<=16,sr>70%,kvB<=16k,kp<=1k,0.0201,4
2048,n<=16,sr>70%,kvB<=16k,kp<=2k,0.0493,4
2048,n<=16,sr>70%,kvB<=16k,kp<=4k,-0.0057,4
2048,n<=16,sr>70%,kvB<=16k,kp<=512,0.0304,4
2048,n<=16,sr>70%,kvB<=16k,kp<=8k,-0.1106,4
2048,n<=16,sr>70%,kvB<=16k,kp=0,0.0105,4
2048,n<=16,sr>70%,kvB<=1k,kp<=16k,0.1236,3
2048,n<=16,sr>70%,kvB<=1k,kp<=1k,0.1576,4
2048,n<=16,sr>70%,kvB<=1k,kp<=2k,0.6356,4
2048,n<=16,sr>70%,kvB<=1k,kp<=4k,0.7159,4
2048,n<=16,sr>70%,kvB<=1k,kp<=512,0.0916,4
2048,n<=16,sr>70%,kvB<=1k,kp<=8k,0.631,3
2048,n<=16,sr>70%,kvB<=1k,kp=0,0.3378,4
2048,n<=16,sr>70%,kvB<=32k,kp<=16k,-0.1119,2
2048,n<=16,sr>70%,kvB<=32k,kp<=1k,0.0032,2
2048,n<=16,sr>70%,kvB<=32k,kp<=2k,0.0206,2
2048,n<=16,sr>70%,kvB<=32k,kp<=4k,0.1315,2
2048,n<=16,sr>70%,kvB<=32k,kp<=512,0.0011,2
2048,n<=16,sr>70%,kvB<=32k,kp<=8k,0.0586,2
2048,n<=16,sr>70%,kvB<=32k,kp=0,-0.0275,2
2048,n<=16,sr>70%,kvB<=4k,kp<=16k,0.2293,3
2048,n<=16,sr>70%,kvB<=4k,kp<=1k,0.0634,4
2048,n<=16,sr>70%,kvB<=4k,kp<=2k,0.03,4
2048,n<=16,sr>70%,kvB<=4k,kp<=4k,0.0389,4
2048,n<=16,sr>70%,kvB<=4k,kp<=512,0.0198,4
2048,n<=16,sr>70%,kvB<=4k,kp<=8k,-0.2268,4
2048,n<=16,sr>70%,kvB<=4k,kp=0,0.0418,4
2048,n<=2,sr<=70%,kvB<=16k,kp<=16k,-0.4227,1
2048,n<=2,sr<=70%,kvB<=16k,kp<=1k,0.5207,2
2048,n<=2,sr<=70%,kvB<=16k,kp<=2k,0.5949,2
2048,n<=2,sr<=70%,kvB<=16k,kp<=4k,0.5128,2
2048,n<=2,sr<=70%,kvB<=16k,kp<=512,0.504,2
2048,n<=2,sr<=70%,kvB<=16k,kp<=8k,0.6009,2
2048,n<=2,sr<=70%,kvB<=16k,kp=0,0.5251,2
2048,n<=2,sr<=70%,kvB<=1k,kp<=16k,1.7548,1
2048,n<=2,sr<=70%,kvB<=1k,kp<=1k,-0.0387,2
2048,n<=2,sr<=70%,kvB<=1k,kp<=4k,1.031,2
2048,n<=2,sr<=70%,kvB<=1k,kp<=512,0.1371,2
2048,n<=2,sr<=70%,kvB<=1k,kp<=8k,0.7594,2
2048,n<=2,sr<=70%,kvB<=1k,kp=0,2.224,2
2048,n<=2,sr<=70%,kvB<=32k,kp<=16k,0.5597,1
2048,n<=2,sr<=70%,kvB<=32k,kp<=1k,0.3521,1
2048,n<=2,sr<=70%,kvB<=32k,kp<=2k,0.465,1
2048,n<=2,sr<=70%,kvB<=32k,kp<=4k,0.5275,1
2048,n<=2,sr<=70%,kvB<=32k,kp<=512,0.2962,1
2048,n<=2,sr<=70%,kvB<=32k,kp<=8k,0.54,1
2048,n<=2,sr<=70%,kvB<=32k,kp=0,0.3353,1
2048,n<=2,sr<=70%,kvB<=4k,kp<=16k,0.1483,2
2048,n<=2,sr<=70%,kvB<=4k,kp<=1k,0.451,2
2048,n<=2,sr<=70%,kvB<=4k,kp<=2k,-0.161,2
2048,n<=2,sr<=70%,kvB<=4k,kp<=4k,0.5447,2
2048,n<=2,sr<=70%,kvB<=4k,kp<=512,0.5469,2
2048,n<=2,sr<=70%,kvB<=4k,kp<=8k,0.6416,1
2048,n<=2,sr<=70%,kvB<=4k,kp=0,0.4891,2
2048,n<=32,sr<=15%,kvB<=16k,kp<=16k,0.001,6
2048,n<=32,sr<=15%,kvB<=16k,kp<=1k,0.0248,6
2048,n<=32,sr<=15%,kvB<=16k,kp<=2k,0.0179,6
2048,n<=32,sr<=15%,kvB<=16k,kp<=4k,0.0188,6
2048,n<=32,sr<=15%,kvB<=16k,kp<=512,0.0215,6
2048,n<=32,sr<=15%,kvB<=16k,kp<=8k,0.0381,6
2048,n<=32,sr<=15%,kvB<=16k,kp=0,0.02,6
2048,n<=32,sr<=15%,kvB<=1k,kp<=16k,0.0604,6
2048,n<=32,sr<=15%,kvB<=1k,kp<=1k,0.0819,6
2048,n<=32,sr<=15%,kvB<=1k,kp<=2k,0.0901,6
2048,n<=32,sr<=15%,kvB<=1k,kp<=4k,0.0457,6
2048,n<=32,sr<=15%,kvB<=1k,kp<=512,0.091,6
2048,n<=32,sr<=15%,kvB<=1k,kp<=8k,-0.0461,6
2048,n<=32,sr<=15%,kvB<=1k,kp=0,0.0502,6
2048,n<=32,sr<=15%,kvB<=32k,kp<=16k,0.0262,3
2048,n<=32,sr<=15%,kvB<=32k,kp<=1k,0.0228,3
2048,n<=32,sr<=15%,kvB<=32k,kp<=2k,0.0284,3
2048,n<=32,sr<=15%,kvB<=32k,kp<=4k,0.0192,3
2048,n<=32,sr<=15%,kvB<=32k,kp<=512,0.0222,3
2048,n<=32,sr<=15%,kvB<=32k,kp<=8k,0.0159,3
2048,n<=32,sr<=15%,kvB<=32k,kp=0,0.0221,3
2048,n<=32,sr<=15%,kvB<=4k,kp<=16k,-0.0093,6
2048,n<=32,sr<=15%,kvB<=4k,kp<=1k,0.0261,6
2048,n<=32,sr<=15%,kvB<=4k,kp<=2k,0.0089,6
2048,n<=32,sr<=15%,kvB<=4k,kp<=4k,0.0049,6
2048,n<=32,sr<=15%,kvB<=4k,kp<=512,0.0308,6
2048,n<=32,sr<=15%,kvB<=4k,kp<=8k,0.0045,6
2048,n<=32,sr<=15%,kvB<=4k,kp=0,0.0202,6
2048,n<=32,sr<=40%,kvB<=16k,kp<=16k,0.0169,2
2048,n<=32,sr<=40%,kvB<=16k,kp<=1k,0.017,2
2048,n<=32,sr<=40%,kvB<=16k,kp<=2k,0.0264,2
2048,n<=32,sr<=40%,kvB<=16k,kp<=4k,0.0394,2
2048,n<=32,sr<=40%,kvB<=16k,kp<=512,0.016,2
2048,n<=32,sr<=40%,kvB<=16k,kp<=8k,0.044,2
2048,n<=32,sr<=40%,kvB<=16k,kp=0,0.0153,2
2048,n<=32,sr<=40%,kvB<=1k,kp<=16k,0.5365,2
2048,n<=32,sr<=40%,kvB<=1k,kp<=1k,0.0805,2
2048,n<=32,sr<=40%,kvB<=1k,kp<=2k,0.0387,2
2048,n<=32,sr<=40%,kvB<=1k,kp<=4k,-0.0099,2
2048,n<=32,sr<=40%,kvB<=1k,kp<=512,0.0884,2
2048,n<=32,sr<=40%,kvB<=1k,kp<=8k,0.2962,2
2048,n<=32,sr<=40%,kvB<=1k,kp=0,0.1103,2
2048,n<=32,sr<=40%,kvB<=32k,kp<=16k,0.0629,1
2048,n<=32,sr<=40%,kvB<=32k,kp<=1k,0.0171,1
2048,n<=32,sr<=40%,kvB<=32k,kp<=2k,0.0212,1
2048,n<=32,sr<=40%,kvB<=32k,kp<=4k,0.0155,1
2048,n<=32,sr<=40%,kvB<=32k,kp<=512,0.0128,1
2048,n<=32,sr<=40%,kvB<=32k,kp<=8k,0.0211,1
2048,n<=32,sr<=40%,kvB<=32k,kp=0,0.0108,1
2048,n<=32,sr<=40%,kvB<=4k,kp<=16k,0.108,2
2048,n<=32,sr<=40%,kvB<=4k,kp<=1k,0.0554,2
2048,n<=32,sr<=40%,kvB<=4k,kp<=2k,0.0355,2
2048,n<=32,sr<=40%,kvB<=4k,kp<=4k,0.0095,2
2048,n<=32,sr<=40%,kvB<=4k,kp<=512,0.0392,2
2048,n<=32,sr<=40%,kvB<=4k,kp<=8k,-0.0284,2
2048,n<=32,sr<=40%,kvB<=4k,kp=0,0.0265,2
2048,n<=32,sr<=5%,kvB<=16k,kp<=16k,-0.0043,2
2048,n<=32,sr<=5%,kvB<=16k,kp<=1k,0.0246,2
2048,n<=32,sr<=5%,kvB<=16k,kp<=2k,0.0227,2
2048,n<=32,sr<=5%,kvB<=16k,kp<=4k,0.019,2
2048,n<=32,sr<=5%,kvB<=16k,kp<=512,0.0237,2
2048,n<=32,sr<=5%,kvB<=16k,kp<=8k,0.0297,2
2048,n<=32,sr<=5%,kvB<=16k,kp=0,0.0238,2
2048,n<=32,sr<=5%,kvB<=1k,kp<=16k,-0.0668,2
2048,n<=32,sr<=5%,kvB<=1k,kp<=1k,-0.0183,2
2048,n<=32,sr<=5%,kvB<=1k,kp<=2k,0.0499,2
2048,n<=32,sr<=5%,kvB<=1k,kp<=4k,0.0137,2
2048,n<=32,sr<=5%,kvB<=1k,kp<=512,-0.0041,2
2048,n<=32,sr<=5%,kvB<=1k,kp<=8k,0.021,2
2048,n<=32,sr<=5%,kvB<=1k,kp=0,0.0161,2
2048,n<=32,sr<=5%,kvB<=32k,kp<=16k,0.0528,1
2048,n<=32,sr<=5%,kvB<=32k,kp<=1k,0.0277,1
2048,n<=32,sr<=5%,kvB<=32k,kp<=2k,0.0248,1
2048,n<=32,sr<=5%,kvB<=32k,kp<=4k,0.0231,1
2048,n<=32,sr<=5%,kvB<=32k,kp<=512,0.0239,1
2048,n<=32,sr<=5%,kvB<=32k,kp<=8k,0.0161,1
2048,n<=32,sr<=5%,kvB<=32k,kp=0,0.0248,1
2048,n<=32,sr<=5%,kvB<=4k,kp<=16k,-0.0489,2
2048,n<=32,sr<=5%,kvB<=4k,kp<=1k,0.0223,2
2048,n<=32,sr<=5%,kvB<=4k,kp<=2k,0.0129,2
2048,n<=32,sr<=5%,kvB<=4k,kp<=4k,0.0322,2
2048,n<=32,sr<=5%,kvB<=4k,kp<=512,0.0271,2
2048,n<=32,sr<=5%,kvB<=4k,kp<=8k,0.0372,2
2048,n<=32,sr<=5%,kvB<=4k,kp=0,0.0184,2
2048,n<=32,sr<=70%,kvB<=16k,kp<=16k,0.1764,2
2048,n<=32,sr<=70%,kvB<=16k,kp<=1k,0.0193,2
2048,n<=32,sr<=70%,kvB<=16k,kp<=2k,0.0133,2
2048,n<=32,sr<=70%,kvB<=16k,kp<=4k,-0.004,2
2048,n<=32,sr<=70%,kvB<=16k,kp<=512,0.0176,2
2048,n<=32,sr<=70%,kvB<=16k,kp<=8k,0.0659,2
2048,n<=32,sr<=70%,kvB<=16k,kp=0,0.0171,2
2048,n<=32,sr<=70%,kvB<=1k,kp<=16k,0.0372,2
2048,n<=32,sr<=70%,kvB<=1k,kp<=1k,0.0979,2
2048,n<=32,sr<=70%,kvB<=1k,kp<=2k,0.1071,2
2048,n<=32,sr<=70%,kvB<=1k,kp<=4k,0.1647,2
2048,n<=32,sr<=70%,kvB<=1k,kp<=512,0.1242,2
2048,n<=32,sr<=70%,kvB<=1k,kp<=8k,-0.0139,2
2048,n<=32,sr<=70%,kvB<=1k,kp=0,0.0854,2
2048,n<=32,sr<=70%,kvB<=32k,kp<=16k,0.0552,1
2048,n<=32,sr<=70%,kvB<=32k,kp<=1k,0.0116,1
2048,n<=32,sr<=70%,kvB<=32k,kp<=2k,0.0098,1
2048,n<=32,sr<=70%,kvB<=32k,kp<=4k,0.0197,1
2048,n<=32,sr<=70%,kvB<=32k,kp<=512,0.0109,1
2048,n<=32,sr<=70%,kvB<=32k,kp<=8k,0.0182,1
2048,n<=32,sr<=70%,kvB<=32k,kp=0,0.0113,1
2048,n<=32,sr<=70%,kvB<=4k,kp<=16k,-0.2244,2
2048,n<=32,sr<=70%,kvB<=4k,kp<=1k,0.0374,2
2048,n<=32,sr<=70%,kvB<=4k,kp<=2k,0.088,2
2048,n<=32,sr<=70%,kvB<=4k,kp<=4k,-0.0377,2
2048,n<=32,sr<=70%,kvB<=4k,kp<=512,0.0331,2
2048,n<=32,sr<=70%,kvB<=4k,kp<=8k,0.0567,2
2048,n<=32,sr<=70%,kvB<=4k,kp=0,0.0226,2
2048,n<=32,sr>70%,kvB<=16k,kp<=16k,0.2219,4
2048,n<=32,sr>70%,kvB<=16k,kp<=1k,0.0133,4
2048,n<=32,sr>70%,kvB<=16k,kp<=2k,0.0359,4
2048,n<=32,sr>70%,kvB<=16k,kp<=4k,0.0578,4
2048,n<=32,sr>70%,kvB<=16k,kp<=512,0.012,4
2048,n<=32,sr>70%,kvB<=16k,kp<=8k,0.0195,4
2048,n<=32,sr>70%,kvB<=16k,kp=0,0.0138,4
2048,n<=32,sr>70%,kvB<=1k,kp<=16k,0.8153,1
2048,n<=32,sr>70%,kvB<=1k,kp<=1k,0.285,4
2048,n<=32,sr>70%,kvB<=1k,kp<=2k,0.2086,4
2048,n<=32,sr>70%,kvB<=1k,kp<=4k,0.2661,4
2048,n<=32,sr>70%,kvB<=1k,kp<=512,0.3125,4
2048,n<=32,sr>70%,kvB<=1k,kp<=8k,0.6978,3
2048,n<=32,sr>70%,kvB<=1k,kp=0,0.3166,4
2048,n<=32,sr>70%,kvB<=32k,kp<=16k,0.0319,2
2048,n<=32,sr>70%,kvB<=32k,kp<=1k,0.0062,2
2048,n<=32,sr>70%,kvB<=32k,kp<=2k,-0.0055,2
2048,n<=32,sr>70%,kvB<=32k,kp<=4k,0.0273,2
2048,n<=32,sr>70%,kvB<=32k,kp<=512,0.008,2
2048,n<=32,sr>70%,kvB<=32k,kp<=8k,0.1133,2
2048,n<=32,sr>70%,kvB<=32k,kp=0,0.0091,2
2048,n<=32,sr>70%,kvB<=4k,kp<=16k,0.1777,4
2048,n<=32,sr>70%,kvB<=4k,kp<=1k,-0.0166,4
2048,n<=32,sr>70%,kvB<=4k,kp<=2k,0.0099,4
2048,n<=32,sr>70%,kvB<=4k,kp<=4k,0.0978,4
2048,n<=32,sr>70%,kvB<=4k,kp<=512,0.0429,4
2048,n<=32,sr>70%,kvB<=4k,kp<=8k,-0.2095,4
2048,n<=32,sr>70%,kvB<=4k,kp=0,0.0154,4
2048,n<=4,sr<=40%,kvB<=16k,kp<=16k,-0.4071,2
2048,n<=4,sr<=40%,kvB<=16k,kp<=1k,0.215,2
2048,n<=4,sr<=40%,kvB<=16k,kp<=2k,0.2729,2
2048,n<=4,sr<=40%,kvB<=16k,kp<=4k,0.3657,2
2048,n<=4,sr<=40%,kvB<=16k,kp<=512,0.208,2
2048,n<=4,sr<=40%,kvB<=16k,kp<=8k,0.1757,2
2048,n<=4,sr<=40%,kvB<=16k,kp=0,0.1743,2
2048,n<=4,sr<=40%,kvB<=1k,kp<=16k,0.8719,2
2048,n<=4,sr<=40%,kvB<=1k,kp<=1k,-0.2851,2
2048,n<=4,sr<=40%,kvB<=1k,kp<=2k,0.3863,2
2048,n<=4,sr<=40%,kvB<=1k,kp<=4k,0.9247,1
2048,n<=4,sr<=40%,kvB<=1k,kp<=512,0.1558,2
2048,n<=4,sr<=40%,kvB<=1k,kp<=8k,-4.1733,2
2048,n<=4,sr<=40%,kvB<=1k,kp=0,0.0734,2
2048,n<=4,sr<=40%,kvB<=32k,kp<=16k,0.3976,1
2048,n<=4,sr<=40%,kvB<=32k,kp<=1k,0.1545,1
2048,n<=4,sr<=40%,kvB<=32k,kp<=2k,0.1934,1
2048,n<=4,sr<=40%,kvB<=32k,kp<=4k,0.2185,1
2048,n<=4,sr<=40%,kvB<=32k,kp<=512,0.1557,1
2048,n<=4,sr<=40%,kvB<=32k,kp<=8k,0.2965,1
2048,n<=4,sr<=40%,kvB<=32k,kp=0,0.1383,1
2048,n<=4,sr<=40%,kvB<=4k,kp<=16k,0.6993,2
2048,n<=4,sr<=40%,kvB<=4k,kp<=1k,0.2496,2
2048,n<=4,sr<=40%,kvB<=4k,kp<=2k,0.0538,2
2048,n<=4,sr<=40%,kvB<=4k,kp<=4k,0.1578,2
2048,n<=4,sr<=40%,kvB<=4k,kp<=512,0.257,2
2048,n<=4,sr<=40%,kvB<=4k,kp<=8k,-0.1355,2
2048,n<=4,sr<=40%,kvB<=4k,kp=0,0.3712,2
2048,n<=4,sr<=70%,kvB<=16k,kp<=16k,-0.1883,2
2048,n<=4,sr<=70%,kvB<=16k,kp<=1k,0.1817,2
2048,n<=4,sr<=70%,kvB<=16k,kp<=2k,0.2652,2
2048,n<=4,sr<=70%,kvB<=16k,kp<=4k,0.3923,2
2048,n<=4,sr<=70%,kvB<=16k,kp<=512,0.1678,2
2048,n<=4,sr<=70%,kvB<=16k,kp<=8k,0.4595,2
2048,n<=4,sr<=70%,kvB<=16k,kp=0,0.1081,2
2048,n<=4,sr<=70%,kvB<=1k,kp<=16k,1.7356,2
2048,n<=4,sr<=70%,kvB<=1k,kp<=1k,0.1566,2
2048,n<=4,sr<=70%,kvB<=1k,kp<=2k,0.2434,2
2048,n<=4,sr<=70%,kvB<=1k,kp<=4k,0.5283,2
2048,n<=4,sr<=70%,kvB<=1k,kp<=512,0.0001,2
2048,n<=4,sr<=70%,kvB<=1k,kp=0,-0.1523,2
2048,n<=4,sr<=70%,kvB<=32k,kp<=16k,0.2585,1
2048,n<=4,sr<=70%,kvB<=32k,kp<=1k,0.1522,1
2048,n<=4,sr<=70%,kvB<=32k,kp<=2k,0.1173,1
2048,n<=4,sr<=70%,kvB<=32k,kp<=4k,0.1978,1
2048,n<=4,sr<=70%,kvB<=32k,kp<=512,0.161,1
2048,n<=4,sr<=70%,kvB<=32k,kp<=8k,0.1958,1
2048,n<=4,sr<=70%,kvB<=32k,kp=0,0.1562,1
2048,n<=4,sr<=70%,kvB<=4k,kp<=1k,0.3483,2
2048,n<=4,sr<=70%,kvB<=4k,kp<=2k,0.2178,2
2048,n<=4,sr<=70%,kvB<=4k,kp<=4k,0.0849,2
2048,n<=4,sr<=70%,kvB<=4k,kp<=512,0.2706,2
2048,n<=4,sr<=70%,kvB<=4k,kp<=8k,0.1956,2
2048,n<=4,sr<=70%,kvB<=4k,kp=0,0.2549,2
2048,n<=4,sr>70%,kvB<=16k,kp<=16k,0.4561,2
2048,n<=4,sr>70%,kvB<=16k,kp<=1k,0.1387,2
2048,n<=4,sr>70%,kvB<=16k,kp<=2k,0.1995,2
2048,n<=4,sr>70%,kvB<=16k,kp<=4k,0.3175,2
2048,n<=4,sr>70%,kvB<=16k,kp<=512,0.1551,2
2048,n<=4,sr>70%,kvB<=16k,kp<=8k,0.5138,2
2048,n<=4,sr>70%,kvB<=16k,kp=0,0.0138,2
2048,n<=4,sr>70%,kvB<=1k,kp<=1k,0.5028,2
2048,n<=4,sr>70%,kvB<=1k,kp<=2k,0.7485,2
2048,n<=4,sr>70%,kvB<=1k,kp<=4k,0.8754,2
2048,n<=4,sr>70%,kvB<=1k,kp<=512,0.152,2
2048,n<=4,sr>70%,kvB<=1k,kp<=8k,-1.0996,1
2048,n<=4,sr>70%,kvB<=1k,kp=0,0.5981,2
2048,n<=4,sr>70%,kvB<=32k,kp<=16k,0.2512,1
2048,n<=4,sr>70%,kvB<=32k,kp<=1k,0.0747,1
2048,n<=4,sr>70%,kvB<=32k,kp<=2k,0.0179,1
2048,n<=4,sr>70%,kvB<=32k,kp<=4k,0.1656,1
2048,n<=4,sr>70%,kvB<=32k,kp<=512,0.2152,1
2048,n<=4,sr>70%,kvB<=32k,kp<=8k,0.214,1
2048,n<=4,sr>70%,kvB<=32k,kp=0,0.33,1
2048,n<=4,sr>70%,kvB<=4k,kp<=16k,-2.5416,1
2048,n<=4,sr>70%,kvB<=4k,kp<=1k,0.0819,2
2048,n<=4,sr>70%,kvB<=4k,kp<=2k,0.1204,2
2048,n<=4,sr>70%,kvB<=4k,kp<=4k,0.4386,1
2048,n<=4,sr>70%,kvB<=4k,kp<=512,0.2774,2
2048,n<=4,sr>70%,kvB<=4k,kp<=8k,-0.9269,2
2048,n<=4,sr>70%,kvB<=4k,kp=0,0.2487,2
2048,n<=64,sr<=15%,kvB<=16k,kp<=16k,-0.0005,4
2048,n<=64,sr<=15%,kvB<=16k,kp<=1k,0.0114,4
2048,n<=64,sr<=15%,kvB<=16k,kp<=2k,0.0101,4
2048,n<=64,sr<=15%,kvB<=16k,kp<=4k,0.008,4
2048,n<=64,sr<=15%,kvB<=16k,kp<=512,0.0104,4
2048,n<=64,sr<=15%,kvB<=16k,kp<=8k,0.0034,4
2048,n<=64,sr<=15%,kvB<=16k,kp=0,0.0128,4
2048,n<=64,sr<=15%,kvB<=1k,kp<=16k,0.0107,4
2048,n<=64,sr<=15%,kvB<=1k,kp<=1k,0.0574,4
2048,n<=64,sr<=15%,kvB<=1k,kp<=2k,0.0966,4
2048,n<=64,sr<=15%,kvB<=1k,kp<=4k,0.0442,4
2048,n<=64,sr<=15%,kvB<=1k,kp<=512,0.0503,4
2048,n<=64,sr<=15%,kvB<=1k,kp<=8k,0.1167,4
2048,n<=64,sr<=15%,kvB<=1k,kp=0,0.0432,4
2048,n<=64,sr<=15%,kvB<=32k,kp<=16k,0.0125,2
2048,n<=64,sr<=15%,kvB<=32k,kp<=1k,0.0103,2
2048,n<=64,sr<=15%,kvB<=32k,kp<=2k,0.0092,2
2048,n<=64,sr<=15%,kvB<=32k,kp<=4k,0.0132,2
2048,n<=64,sr<=15%,kvB<=32k,kp<=512,0.0109,2
2048,n<=64,sr<=15%,kvB<=32k,kp<=8k,0.0161,2
2048,n<=64,sr<=15%,kvB<=32k,kp=0,0.0108,2
2048,n<=64,sr<=15%,kvB<=4k,kp<=16k,0.0156,4
2048,n<=64,sr<=15%,kvB<=4k,kp<=1k,0.0031,4
2048,n<=64,sr<=15%,kvB<=4k,kp<=2k,0.0036,4
2048,n<=64,sr<=15%,kvB<=4k,kp<=4k,0.0019,4
2048,n<=64,sr<=15%,kvB<=4k,kp<=512,0.0117,4
2048,n<=64,sr<=15%,kvB<=4k,kp<=8k,0.0041,4
2048,n<=64,sr<=15%,kvB<=4k,kp=0,0.0046,4
2048,n<=64,sr<=40%,kvB<=16k,kp<=16k,0.0062,2
2048,n<=64,sr<=40%,kvB<=16k,kp<=1k,0.0038,2
2048,n<=64,sr<=40%,kvB<=16k,kp<=2k,0.0087,2
2048,n<=64,sr<=40%,kvB<=16k,kp<=4k,0.0086,2
2048,n<=64,sr<=40%,kvB<=16k,kp<=512,0.0012,2
2048,n<=64,sr<=40%,kvB<=16k,kp<=8k,0.0091,2
2048,n<=64,sr<=40%,kvB<=16k,kp=0,0.0011,2
2048,n<=64,sr<=40%,kvB<=1k,kp<=16k,-0.0257,2
2048,n<=64,sr<=40%,kvB<=1k,kp<=1k,0.0851,2
2048,n<=64,sr<=40%,kvB<=1k,kp<=2k,0.0997,2
2048,n<=64,sr<=40%,kvB<=1k,kp<=4k,0.1096,2
2048,n<=64,sr<=40%,kvB<=1k,kp<=512,0.0462,2
2048,n<=64,sr<=40%,kvB<=1k,kp<=8k,-0.0445,2
2048,n<=64,sr<=40%,kvB<=1k,kp=0,0.054,2
2048,n<=64,sr<=40%,kvB<=32k,kp<=16k,0.0153,1
2048,n<=64,sr<=40%,kvB<=32k,kp<=1k,-0.0001,1
2048,n<=64,sr<=40%,kvB<=32k,kp<=2k,-0.0011,1
2048,n<=64,sr<=40%,kvB<=32k,kp<=4k,0.0088,1
2048,n<=64,sr<=40%,kvB<=32k,kp<=512,0.0016,1
2048,n<=64,sr<=40%,kvB<=32k,kp<=8k,0.0267,1
2048,n<=64,sr<=40%,kvB<=32k,kp=0,0.0024,1
2048,n<=64,sr<=40%,kvB<=4k,kp<=16k,0.0268,2
2048,n<=64,sr<=40%,kvB<=4k,kp<=1k,-0.0202,2
2048,n<=64,sr<=40%,kvB<=4k,kp<=2k,-0.0062,2
2048,n<=64,sr<=40%,kvB<=4k,kp<=4k,-0.0103,2
2048,n<=64,sr<=40%,kvB<=4k,kp<=512,-0.0154,2
2048,n<=64,sr<=40%,kvB<=4k,kp<=8k,0.0013,2
2048,n<=64,sr<=40%,kvB<=4k,kp=0,-0.0124,2
2048,n<=64,sr<=5%,kvB<=16k,kp<=16k,-0.0015,6
2048,n<=64,sr<=5%,kvB<=16k,kp<=1k,0.0147,6
2048,n<=64,sr<=5%,kvB<=16k,kp<=2k,0.0078,6
2048,n<=64,sr<=5%,kvB<=16k,kp<=4k,0.0078,6
2048,n<=64,sr<=5%,kvB<=16k,kp<=512,0.0127,6
2048,n<=64,sr<=5%,kvB<=16k,kp<=8k,0.0067,6
2048,n<=64,sr<=5%,kvB<=16k,kp=0,0.0131,6
2048,n<=64,sr<=5%,kvB<=1k,kp<=16k,0.0081,6
2048,n<=64,sr<=5%,kvB<=1k,kp<=1k,0.0083,6
2048,n<=64,sr<=5%,kvB<=1k,kp<=2k,0.0262,6
2048,n<=64,sr<=5%,kvB<=1k,kp<=4k,0.0386,6
2048,n<=64,sr<=5%,kvB<=1k,kp<=512,0.0097,6
2048,n<=64,sr<=5%,kvB<=1k,kp<=8k,0.0408,6
2048,n<=64,sr<=5%,kvB<=1k,kp=0,0.0071,6
2048,n<=64,sr<=5%,kvB<=32k,kp<=16k,0.0129,3
2048,n<=64,sr<=5%,kvB<=32k,kp<=1k,0.0122,3
2048,n<=64,sr<=5%,kvB<=32k,kp<=2k,0.0109,3
2048,n<=64,sr<=5%,kvB<=32k,kp<=4k,0.0181,3
2048,n<=64,sr<=5%,kvB<=32k,kp<=512,0.0121,3
2048,n<=64,sr<=5%,kvB<=32k,kp<=8k,0.0106,3
2048,n<=64,sr<=5%,kvB<=32k,kp=0,0.0115,3
2048,n<=64,sr<=5%,kvB<=4k,kp<=16k,0.0041,6
2048,n<=64,sr<=5%,kvB<=4k,kp<=1k,0.009,6
2048,n<=64,sr<=5%,kvB<=4k,kp<=2k,0.0074,6
2048,n<=64,sr<=5%,kvB<=4k,kp<=4k,0.0014,6
2048,n<=64,sr<=5%,kvB<=4k,kp<=512,0.0118,6
2048,n<=64,sr<=5%,kvB<=4k,kp<=8k,0.0175,6
2048,n<=64,sr<=5%,kvB<=4k,kp=0,0.0085,6
2048,n<=64,sr<=70%,kvB<=16k,kp<=16k,0.0183,2
2048,n<=64,sr<=70%,kvB<=16k,kp<=1k,-0.0102,2
2048,n<=64,sr<=70%,kvB<=16k,kp<=2k,-0.0101,2
2048,n<=64,sr<=70%,kvB<=16k,kp<=4k,-0.0014,2
2048,n<=64,sr<=70%,kvB<=16k,kp<=512,-0.0041,2
2048,n<=64,sr<=70%,kvB<=16k,kp<=8k,0.0104,2
2048,n<=64,sr<=70%,kvB<=16k,kp=0,-0.0016,2
2048,n<=64,sr<=70%,kvB<=1k,kp<=16k,0.2415,2
2048,n<=64,sr<=70%,kvB<=1k,kp<=1k,0.0012,2
2048,n<=64,sr<=70%,kvB<=1k,kp<=2k,-0.0154,2
2048,n<=64,sr<=70%,kvB<=1k,kp<=4k,-0.0133,2
2048,n<=64,sr<=70%,kvB<=1k,kp<=512,0.0631,2
2048,n<=64,sr<=70%,kvB<=1k,kp<=8k,-0.0191,2
2048,n<=64,sr<=70%,kvB<=1k,kp=0,0.1088,2
2048,n<=64,sr<=70%,kvB<=32k,kp<=16k,0.0117,1
2048,n<=64,sr<=70%,kvB<=32k,kp<=1k,0.0032,1
2048,n<=64,sr<=70%,kvB<=32k,kp<=2k,-0.0032,1
2048,n<=64,sr<=70%,kvB<=32k,kp<=4k,-0.0017,1
2048,n<=64,sr<=70%,kvB<=32k,kp<=512,0.0023,1
2048,n<=64,sr<=70%,kvB<=32k,kp<=8k,0.0025,1
2048,n<=64,sr<=70%,kvB<=32k,kp=0,0.0013,1
2048,n<=64,sr<=70%,kvB<=4k,kp<=16k,-0.0267,2
2048,n<=64,sr<=70%,kvB<=4k,kp<=1k,-0.0001,2
2048,n<=64,sr<=70%,kvB<=4k,kp<=2k,-0.0103,2
2048,n<=64,sr<=70%,kvB<=4k,kp<=4k,0.0448,2
2048,n<=64,sr<=70%,kvB<=4k,kp<=512,-0.0126,2
2048,n<=64,sr<=70%,kvB<=4k,kp<=8k,-0.033,2
2048,n<=64,sr<=70%,kvB<=4k,kp=0,-0.0223,2
2048,n<=64,sr>70%,kvB<=16k,kp<=16k,0.0558,4
2048,n<=64,sr>70%,kvB<=16k,kp<=1k,0.0105,4
2048,n<=64,sr>70%,kvB<=16k,kp<=2k,-0.0013,4
2048,n<=64,sr>70%,kvB<=16k,kp<=4k,0.0621,4
2048,n<=64,sr>70%,kvB<=16k,kp<=512,0.0094,4
2048,n<=64,sr>70%,kvB<=16k,kp<=8k,0.0342,4
2048,n<=64,sr>70%,kvB<=16k,kp=0,0.0141,4
2048,n<=64,sr>70%,kvB<=1k,kp<=16k,0.2783,4
2048,n<=64,sr>70%,kvB<=1k,kp<=1k,0.2785,4
2048,n<=64,sr>70%,kvB<=1k,kp<=2k,0.318,4
2048,n<=64,sr>70%,kvB<=1k,kp<=4k,0.4143,4
2048,n<=64,sr>70%,kvB<=1k,kp<=512,0.3269,4
2048,n<=64,sr>70%,kvB<=1k,kp<=8k,0.2316,4
2048,n<=64,sr>70%,kvB<=1k,kp=0,0.3374,4
2048,n<=64,sr>70%,kvB<=32k,kp<=16k,0.1099,2
2048,n<=64,sr>70%,kvB<=32k,kp<=1k,0.0154,2
2048,n<=64,sr>70%,kvB<=32k,kp<=2k,0.0088,2
2048,n<=64,sr>70%,kvB<=32k,kp<=4k,-0.0034,2
2048,n<=64,sr>70%,kvB<=32k,kp<=512,0.0189,2
2048,n<=64,sr>70%,kvB<=32k,kp<=8k,0.0533,2
2048,n<=64,sr>70%,kvB<=32k,kp=0,0.015,2
2048,n<=64,sr>70%,kvB<=4k,kp<=16k,-0.1402,4
2048,n<=64,sr>70%,kvB<=4k,kp<=1k,0.0121,4
2048,n<=64,sr>70%,kvB<=4k,kp<=2k,-0.017,4
2048,n<=64,sr>70%,kvB<=4k,kp<=4k,-0.0363,4
2048,n<=64,sr>70%,kvB<=4k,kp<=512,-0.0183,4
2048,n<=64,sr>70%,kvB<=4k,kp<=8k,0.1052,4
2048,n<=64,sr>70%,kvB<=4k,kp=0,-0.0129,4
2048,n<=8,sr<=15%,kvB<=16k,kp<=16k,-0.181,2
2048,n<=8,sr<=15%,kvB<=16k,kp<=1k,0.0864,2
2048,n<=8,sr<=15%,kvB<=16k,kp<=2k,0.0986,2
2048,n<=8,sr<=15%,kvB<=16k,kp<=4k,0.1081,2
2048,n<=8,sr<=15%,kvB<=16k,kp<=512,0.0889,2
2048,n<=8,sr<=15%,kvB<=16k,kp<=8k,0.1169,2
2048,n<=8,sr<=15%,kvB<=16k,kp=0,0.0821,2
2048,n<=8,sr<=15%,kvB<=1k,kp<=16k,0.6336,2
2048,n<=8,sr<=15%,kvB<=1k,kp<=1k,-0.0475,2
2048,n<=8,sr<=15%,kvB<=1k,kp<=2k,-0.2458,2
2048,n<=8,sr<=15%,kvB<=1k,kp<=4k,0.1355,2
2048,n<=8,sr<=15%,kvB<=1k,kp<=512,0.1354,2
2048,n<=8,sr<=15%,kvB<=1k,kp<=8k,0.8876,2
2048,n<=8,sr<=15%,kvB<=1k,kp=0,0.0206,2
2048,n<=8,sr<=15%,kvB<=32k,kp<=16k,0.0935,1
2048,n<=8,sr<=15%,kvB<=32k,kp<=1k,0.0845,1
2048,n<=8,sr<=15%,kvB<=32k,kp<=2k,0.0938,1
2048,n<=8,sr<=15%,kvB<=32k,kp<=4k,0.1016,1
2048,n<=8,sr<=15%,kvB<=32k,kp<=512,0.0851,1
2048,n<=8,sr<=15%,kvB<=32k,kp<=8k,0.1043,1
2048,n<=8,sr<=15%,kvB<=32k,kp=0,0.0763,1
2048,n<=8,sr<=15%,kvB<=4k,kp<=16k,0.0526,2
2048,n<=8,sr<=15%,kvB<=4k,kp<=1k,0.083,2
2048,n<=8,sr<=15%,kvB<=4k,kp<=2k,0.0667,2
2048,n<=8,sr<=15%,kvB<=4k,kp<=4k,-0.0135,2
2048,n<=8,sr<=15%,kvB<=4k,kp<=512,0.0967,2
2048,n<=8,sr<=15%,kvB<=4k,kp<=8k,-0.0592,2
2048,n<=8,sr<=15%,kvB<=4k,kp=0,0.1309,2
2048,n<=8,sr<=40%,kvB<=16k,kp<=16k,-0.0048,4
2048,n<=8,sr<=40%,kvB<=16k,kp<=1k,0.0772,4
2048,n<=8,sr<=40%,kvB<=16k,kp<=2k,0.0922,4
2048,n<=8,sr<=40%,kvB<=16k,kp<=4k,0.1156,4
2048,n<=8,sr<=40%,kvB<=16k,kp<=512,0.074,4
2048,n<=8,sr<=40%,kvB<=16k,kp<=8k,0.1231,4
2048,n<=8,sr<=40%,kvB<=16k,kp=0,0.0632,4
2048,n<=8,sr<=40%,kvB<=1k,kp<=16k,0.0404,2
2048,n<=8,sr<=40%,kvB<=1k,kp<=1k,0.1074,4
2048,n<=8,sr<=40%,kvB<=1k,kp<=2k,0.2565,4
2048,n<=8,sr<=40%,kvB<=1k,kp<=4k,0.2154,4
2048,n<=8,sr<=40%,kvB<=1k,kp<=512,0.0992,4
2048,n<=8,sr<=40%,kvB<=1k,kp<=8k,0.2561,2
2048,n<=8,sr<=40%,kvB<=1k,kp=0,0.0835,4
2048,n<=8,sr<=40%,kvB<=32k,kp<=16k,0.1726,2
2048,n<=8,sr<=40%,kvB<=32k,kp<=1k,0.0602,2
2048,n<=8,sr<=40%,kvB<=32k,kp<=2k,0.0681,2
2048,n<=8,sr<=40%,kvB<=32k,kp<=4k,0.0851,2
2048,n<=8,sr<=40%,kvB<=32k,kp<=512,0.0565,2
2048,n<=8,sr<=40%,kvB<=32k,kp<=8k,0.0846,2
2048,n<=8,sr<=40%,kvB<=32k,kp=0,0.0581,2
2048,n<=8,sr<=40%,kvB<=4k,kp<=16k,-0.0903,4
2048,n<=8,sr<=40%,kvB<=4k,kp<=1k,0.1402,4
2048,n<=8,sr<=40%,kvB<=4k,kp<=2k,0.0223,4
2048,n<=8,sr<=40%,kvB<=4k,kp<=4k,-0.0181,4
2048,n<=8,sr<=40%,kvB<=4k,kp<=512,0.1104,4
2048,n<=8,sr<=40%,kvB<=4k,kp<=8k,-0.0571,4
2048,n<=8,sr<=40%,kvB<=4k,kp=0,0.1099,4
2048,n<=8,sr<=70%,kvB<=16k,kp<=16k,0.0595,2
2048,n<=8,sr<=70%,kvB<=16k,kp<=1k,0.0649,2
2048,n<=8,sr<=70%,kvB<=16k,kp<=2k,0.0697,2
2048,n<=8,sr<=70%,kvB<=16k,kp<=4k,0.0763,2
2048,n<=8,sr<=70%,kvB<=16k,kp<=512,0.0487,2
2048,n<=8,sr<=70%,kvB<=16k,kp<=8k,0.1342,2
2048,n<=8,sr<=70%,kvB<=16k,kp=0,0.0528,2
2048,n<=8,sr<=70%,kvB<=1k,kp<=16k,-0.0348,2
2048,n<=8,sr<=70%,kvB<=1k,kp<=1k,-0.0213,2
2048,n<=8,sr<=70%,kvB<=1k,kp<=2k,0.3219,2
2048,n<=8,sr<=70%,kvB<=1k,kp<=4k,-0.7424,2
2048,n<=8,sr<=70%,kvB<=1k,kp<=512,0.0353,2
2048,n<=8,sr<=70%,kvB<=1k,kp<=8k,0.1612,1
2048,n<=8,sr<=70%,kvB<=1k,kp=0,-0.0607,2
2048,n<=8,sr<=70%,kvB<=32k,kp<=16k,0.0507,1
2048,n<=8,sr<=70%,kvB<=32k,kp<=1k,0.0601,1
2048,n<=8,sr<=70%,kvB<=32k,kp<=2k,0.0592,1
2048,n<=8,sr<=70%,kvB<=32k,kp<=4k,0.0945,1
2048,n<=8,sr<=70%,kvB<=32k,kp<=512,0.0552,1
2048,n<=8,sr<=70%,kvB<=32k,kp<=8k,0.0822,1
2048,n<=8,sr<=70%,kvB<=32k,kp=0,0.049,1
2048,n<=8,sr<=70%,kvB<=4k,kp<=16k,-2.4369,1
2048,n<=8,sr<=70%,kvB<=4k,kp<=1k,0.115,2
2048,n<=8,sr<=70%,kvB<=4k,kp<=2k,0.0315,2
2048,n<=8,sr<=70%,kvB<=4k,kp<=4k,0.0298,2
2048,n<=8,sr<=70%,kvB<=4k,kp<=512,0.0922,2
2048,n<=8,sr<=70%,kvB<=4k,kp<=8k,0.0276,2
2048,n<=8,sr<=70%,kvB<=4k,kp=0,0.0778,2
2048,n<=8,sr>70%,kvB<=16k,kp<=16k,-0.014,4
2048,n<=8,sr>70%,kvB<=16k,kp<=1k,0.0501,4
2048,n<=8,sr>70%,kvB<=16k,kp<=2k,0.0653,4
2048,n<=8,sr>70%,kvB<=16k,kp<=4k,0.1037,4
2048,n<=8,sr>70%,kvB<=16k,kp<=512,0.0619,4
2048,n<=8,sr>70%,kvB<=16k,kp<=8k,0.2493,4
2048,n<=8,sr>70%,kvB<=16k,kp=0,0.0427,4
2048,n<=8,sr>70%,kvB<=1k,kp<=16k,1.0394,2
2048,n<=8,sr>70%,kvB<=1k,kp<=1k,0.3285,4
2048,n<=8,sr>70%,kvB<=1k,kp<=2k,0.9531,2
2048,n<=8,sr>70%,kvB<=1k,kp<=4k,1.1634,3
2048,n<=8,sr>70%,kvB<=1k,kp<=512,0.0559,4
2048,n<=8,sr>70%,kvB<=1k,kp<=8k,0.9971,1
2048,n<=8,sr>70%,kvB<=1k,kp=0,0.3307,4
2048,n<=8,sr>70%,kvB<=32k,kp<=16k,0.0047,2
2048,n<=8,sr>70%,kvB<=32k,kp<=1k,0.0254,2
2048,n<=8,sr>70%,kvB<=32k,kp<=2k,0.0637,2
2048,n<=8,sr>70%,kvB<=32k,kp<=4k,0.0184,2
2048,n<=8,sr>70%,kvB<=32k,kp<=512,0.0138,2
2048,n<=8,sr>70%,kvB<=32k,kp<=8k,0.0924,2
2048,n<=8,sr>70%,kvB<=32k,kp=0,-0.0408,2
2048,n<=8,sr>70%,kvB<=4k,kp<=16k,0.5979,2
2048,n<=8,sr>70%,kvB<=4k,kp<=1k,0.1549,4
2048,n<=8,sr>70%,kvB<=4k,kp<=2k,0.2303,3
2048,n<=8,sr>70%,kvB<=4k,kp<=4k,0.2729,4
2048,n<=8,sr>70%,kvB<=4k,kp<=512,0.0647,4
2048,n<=8,sr>70%,kvB<=4k,kp<=8k,0.1206,4
2048,n<=8,sr>70%,kvB<=4k,kp=0,0.0694,4
